SEQN,RIDAGEYR,RIAGENDR,BMXBMI,time_months,event,time_5y,event_5y,death_by_5y,WTMEC2YR,SDMVSTRA,SDMVPSU
51624.0,34.0,1.0,32.22,111.0,0,60.0,0,0,81528.772006,83.0,1.0
51628.0,60.0,2.0,42.39,132.0,0,60.0,0,0,21000.338724,75.0,2.0
51629.0,26.0,1.0,32.61,112.0,0,60.0,0,0,22633.581873,88.0,1.0
51630.0,49.0,2.0,30.57,109.0,0,60.0,0,0,74112.486841,85.0,2.0
51633.0,80.0,1.0,26.04,123.0,0,60.0,0,0,12381.115324,77.0,1.0
51635.0,80.0,1.0,27.62,38.0,1,38.0,1,1,22502.506661,79.0,1.0
51643.0,42.0,2.0,39.9,129.0,0,60.0,0,0,40755.226149,75.0,2.0
51645.0,66.0,1.0,28.25,120.0,0,60.0,0,0,9590.4584,75.0,1.0
51647.0,45.0,2.0,27.24,122.0,0,60.0,0,0,89078.480785,78.0,2.0
51648.0,28.0,1.0,29.74,119.0,0,60.0,0,0,22547.347513,76.0,1.0
51651.0,19.0,2.0,40.65,128.0,0,60.0,0,0,19233.068436,82.0,2.0
51653.0,44.0,1.0,29.1,118.0,0,60.0,0,0,93833.198076,79.0,2.0
51654.0,66.0,1.0,23.67,113.0,0,60.0,0,0,55670.350052,86.0,2.0
51655.0,49.0,2.0,28.41,127.0,0,60.0,0,0,18929.8553,82.0,1.0
51656.0,58.0,1.0,23.69,120.0,0,60.0,0,0,101200.947582,77.0,2.0
51657.0,54.0,1.0,26.03,120.0,0,60.0,0,0,17242.660371,76.0,1.0
51658.0,26.0,2.0,39.25,110.0,0,60.0,0,0,16034.411941,85.0,1.0
51660.0,32.0,1.0,33.69,131.0,0,60.0,0,0,25129.664069,78.0,1.0
51661.0,60.0,2.0,32.07,111.0,0,60.0,0,0,6385.326701,88.0,2.0
51662.0,44.0,2.0,25.06,117.0,0,60.0,0,0,18084.593642,86.0,2.0
51663.0,18.0,2.0,24.82,119.0,0,60.0,0,0,14104.559227,77.0,2.0
51664.0,53.0,2.0,27.62,130.0,0,60.0,0,0,79625.602161,84.0,1.0
51666.0,58.0,2.0,26.22,108.0,0,60.0,0,0,9566.287534,85.0,2.0
51667.0,50.0,1.0,26.6,110.0,0,60.0,0,0,82236.05813,85.0,1.0
51668.0,70.0,2.0,40.11,131.0,0,60.0,0,0,13372.648295,84.0,1.0
51669.0,65.0,2.0,27.85,116.0,0,60.0,0,0,5845.770433,86.0,2.0
51670.0,22.0,1.0,28.07,123.0,0,60.0,0,0,29193.681764,79.0,1.0
51672.0,27.0,2.0,47.21,110.0,0,60.0,0,0,90562.382593,83.0,1.0
51673.0,30.0,2.0,19.01,127.0,0,60.0,0,0,21763.490175,81.0,2.0
51675.0,80.0,2.0,19.43,131.0,0,60.0,0,0,23251.377405,84.0,1.0
51676.0,27.0,1.0,33.88,116.0,0,60.0,0,0,19399.668977,89.0,1.0
51677.0,33.0,1.0,28.54,100.0,1,60.0,0,0,18875.984973,76.0,2.0
51678.0,60.0,1.0,25.84,109.0,0,60.0,0,0,63106.006013,81.0,1.0
51680.0,60.0,2.0,31.71,123.0,0,60.0,0,0,18341.269681,79.0,1.0
51683.0,35.0,2.0,20.29,120.0,0,60.0,0,0,62794.052912,76.0,1.0
51685.0,56.0,2.0,19.73,130.0,0,60.0,0,0,106549.309737,76.0,2.0
51687.0,78.0,1.0,26.79,115.0,0,60.0,0,0,42248.55886,82.0,2.0
51690.0,63.0,2.0,32.04,75.0,1,60.0,0,0,5642.636108,88.0,1.0
51691.0,57.0,2.0,20.66,120.0,0,60.0,0,0,92628.908642,76.0,1.0
51692.0,54.0,1.0,36.32,122.0,0,60.0,0,0,14961.227317,78.0,2.0
51693.0,70.0,2.0,24.88,126.0,0,60.0,0,0,19624.088237,82.0,2.0
51694.0,38.0,1.0,35.84,122.0,0,60.0,0,0,18320.203148,80.0,2.0
51696.0,54.0,1.0,26.62,123.0,0,60.0,0,0,20473.460219,79.0,1.0
51697.0,27.0,1.0,34.96,130.0,0,60.0,0,0,24790.229839,84.0,1.0
51699.0,26.0,2.0,20.42,112.0,0,60.0,0,0,17223.963331,88.0,2.0
51701.0,36.0,1.0,25.95,121.0,0,60.0,0,0,14828.742364,76.0,1.0
51702.0,44.0,1.0,31.43,121.0,0,60.0,0,0,62475.73302,80.0,1.0
51704.0,54.0,1.0,29.31,109.0,0,60.0,0,0,12815.795366,85.0,2.0
51705.0,25.0,2.0,25.59,116.0,0,60.0,0,0,19738.714889,86.0,2.0
51707.0,64.0,2.0,27.18,110.0,0,60.0,0,0,20396.805728,85.0,1.0
51708.0,39.0,2.0,29.39,121.0,0,60.0,0,0,22444.203247,78.0,2.0
51709.0,40.0,1.0,27.56,111.0,0,60.0,0,0,18943.613035,88.0,2.0
51710.0,26.0,2.0,21.0,115.0,0,60.0,0,0,68816.224244,85.0,1.0
51711.0,59.0,2.0,25.79,111.0,0,60.0,0,0,19913.750105,85.0,1.0
51713.0,80.0,1.0,35.77,36.0,1,36.0,1,1,15000.65642,87.0,1.0
51714.0,58.0,1.0,33.23,124.0,0,60.0,0,0,66034.937617,86.0,3.0
51715.0,49.0,1.0,29.13,117.0,0,60.0,0,0,19898.470339,86.0,2.0
51718.0,51.0,2.0,30.6,107.0,0,60.0,0,0,12633.150263,85.0,2.0
51721.0,40.0,2.0,26.59,124.0,0,60.0,0,0,14040.455584,86.0,3.0
51723.0,28.0,1.0,25.45,118.0,0,60.0,0,0,26954.064989,84.0,2.0
51724.0,37.0,2.0,21.16,120.0,0,60.0,0,0,25452.884514,77.0,2.0
51726.0,26.0,2.0,23.04,118.0,0,60.0,0,0,29078.1393,79.0,2.0
51728.0,55.0,2.0,41.56,122.0,0,60.0,0,0,112421.513631,80.0,2.0
51730.0,68.0,1.0,23.97,129.0,0,60.0,0,0,18766.113558,86.0,1.0
51731.0,28.0,2.0,46.69,114.0,0,60.0,0,0,36278.045975,82.0,2.0
51732.0,32.0,1.0,20.15,123.0,0,60.0,0,0,53465.061204,80.0,1.0
51733.0,35.0,1.0,20.09,113.0,0,60.0,0,0,33405.018128,83.0,2.0
51734.0,25.0,1.0,27.06,119.0,0,60.0,0,0,98260.689293,79.0,2.0
51735.0,55.0,2.0,28.97,120.0,0,60.0,0,0,20180.00055,75.0,1.0
51736.0,60.0,2.0,27.3,109.0,0,60.0,0,0,7084.376544,81.0,1.0
51737.0,52.0,1.0,31.43,129.0,0,60.0,0,0,86798.825172,82.0,1.0
51738.0,37.0,1.0,28.42,116.0,0,60.0,0,0,33324.854365,77.0,2.0
51740.0,50.0,2.0,29.15,121.0,0,60.0,0,0,14542.445662,78.0,2.0
51741.0,21.0,2.0,37.33,113.0,0,60.0,0,0,33511.305838,83.0,2.0
51744.0,44.0,2.0,34.61,111.0,0,60.0,0,0,14357.518355,88.0,2.0
51745.0,44.0,1.0,25.54,115.0,0,60.0,0,0,81219.584061,87.0,2.0
51746.0,40.0,2.0,40.01,111.0,0,60.0,0,0,29040.493951,88.0,2.0
51747.0,77.0,1.0,43.65,120.0,1,60.0,0,0,6807.548749,86.0,3.0
51748.0,56.0,1.0,24.98,111.0,0,60.0,0,0,10558.590166,88.0,2.0
51749.0,80.0,1.0,25.06,32.0,1,32.0,1,1,22538.871952,76.0,2.0
51750.0,37.0,1.0,29.1,130.0,0,60.0,0,0,17616.92681,86.0,1.0
51752.0,78.0,2.0,22.63,42.0,1,42.0,1,1,11583.362083,81.0,1.0
51754.0,58.0,2.0,37.92,124.0,0,60.0,0,0,95185.415335,79.0,1.0
51756.0,23.0,2.0,33.68,113.0,0,60.0,0,0,24668.262762,78.0,1.0
51757.0,28.0,2.0,24.49,116.0,0,60.0,0,0,27279.443532,77.0,1.0
51759.0,40.0,1.0,32.29,111.0,0,60.0,0,0,18943.613035,88.0,1.0
51760.0,27.0,2.0,25.52,113.0,0,60.0,0,0,21607.27136,77.0,1.0
51761.0,31.0,2.0,28.96,108.0,0,60.0,0,0,31182.470273,81.0,1.0
51762.0,22.0,2.0,25.28,124.0,0,60.0,0,0,33283.978503,78.0,2.0
51764.0,29.0,2.0,32.49,122.0,0,60.0,0,0,64409.585182,80.0,1.0
51768.0,56.0,2.0,28.48,119.0,0,60.0,0,0,108048.508847,79.0,2.0
51769.0,80.0,2.0,,3.0,1,3.0,1,1,32858.032832,77.0,1.0
51770.0,60.0,2.0,23.41,131.0,0,60.0,0,0,65138.423846,76.0,2.0
51772.0,30.0,1.0,36.28,122.0,0,60.0,0,0,28809.575487,80.0,2.0
51774.0,26.0,2.0,25.87,125.0,0,60.0,0,0,100124.386264,77.0,1.0
51775.0,25.0,1.0,28.47,122.0,0,60.0,0,0,34450.535899,78.0,2.0
51776.0,30.0,1.0,28.6,118.0,0,60.0,0,0,26792.411843,86.0,2.0
51777.0,22.0,2.0,28.16,120.0,0,60.0,0,0,29321.175161,76.0,1.0
51778.0,72.0,1.0,33.1,114.0,0,60.0,0,0,14128.519785,87.0,1.0
51779.0,36.0,1.0,27.05,129.0,0,60.0,0,0,24159.506437,86.0,1.0
51780.0,54.0,2.0,21.03,129.0,0,60.0,0,0,92722.673705,86.0,1.0
51781.0,29.0,1.0,30.9,109.0,0,60.0,0,0,94789.282448,85.0,2.0
51782.0,23.0,2.0,34.55,119.0,0,60.0,0,0,26872.372162,84.0,2.0
51783.0,42.0,1.0,27.49,108.0,0,60.0,0,0,21277.202709,81.0,1.0
51784.0,61.0,1.0,31.13,111.0,0,60.0,0,0,6162.897031,88.0,2.0
51787.0,22.0,2.0,31.35,115.0,0,60.0,0,0,23935.874806,77.0,2.0
51790.0,80.0,2.0,27.25,128.0,0,60.0,0,0,26088.222945,81.0,2.0
51791.0,31.0,1.0,23.3,123.0,0,60.0,0,0,17694.285254,79.0,1.0
51792.0,35.0,1.0,25.42,130.0,0,60.0,0,0,50682.087614,86.0,1.0
51793.0,31.0,2.0,26.65,111.0,0,60.0,0,0,18752.156193,88.0,1.0
51795.0,32.0,2.0,22.74,118.0,0,60.0,0,0,23132.230222,84.0,2.0
51796.0,62.0,2.0,23.0,123.0,0,60.0,0,0,60851.686967,77.0,1.0
51798.0,62.0,1.0,35.59,131.0,0,60.0,0,0,6797.608313,75.0,2.0
51799.0,50.0,1.0,29.83,108.0,0,60.0,0,0,12553.070826,85.0,2.0
51801.0,26.0,1.0,22.81,111.0,0,60.0,0,0,85323.832026,85.0,1.0
51803.0,58.0,1.0,29.27,130.0,0,60.0,0,0,18014.411781,84.0,1.0
51804.0,80.0,1.0,17.87,19.0,1,19.0,1,1,16676.042239,77.0,1.0
51805.0,42.0,2.0,26.78,114.0,0,60.0,0,0,27466.731558,78.0,1.0
51806.0,53.0,1.0,39.01,128.0,0,60.0,0,0,20607.556278,82.0,1.0
51807.0,78.0,1.0,34.24,127.0,0,60.0,0,0,14386.992439,82.0,2.0
51808.0,43.0,2.0,30.7,121.0,0,60.0,0,0,26829.082247,75.0,1.0
51809.0,35.0,2.0,20.39,123.0,0,60.0,0,0,54729.408706,79.0,1.0
51815.0,44.0,2.0,23.71,127.0,0,60.0,0,0,18646.910739,82.0,2.0
51816.0,20.0,2.0,23.9,114.0,0,60.0,0,0,34580.704351,83.0,2.0
51817.0,80.0,2.0,21.2,96.0,1,60.0,0,0,27696.97277,86.0,3.0
51818.0,56.0,1.0,22.64,118.0,0,60.0,0,0,9128.236138,86.0,2.0
51819.0,80.0,1.0,34.04,109.0,1,60.0,0,0,20194.664433,85.0,1.0
51820.0,80.0,1.0,,2.0,1,2.0,1,1,26655.349689,83.0,2.0
51821.0,70.0,1.0,30.67,113.0,0,60.0,0,0,10142.558016,78.0,1.0
51822.0,21.0,1.0,36.91,118.0,0,60.0,0,0,108051.677139,79.0,2.0
51823.0,80.0,2.0,30.99,121.0,1,60.0,0,0,20706.053343,76.0,1.0
51824.0,23.0,2.0,35.35,110.0,0,60.0,0,0,26437.040464,85.0,1.0
51825.0,22.0,1.0,21.35,122.0,0,60.0,0,0,32177.191672,78.0,2.0
51828.0,66.0,2.0,28.6,3.0,1,3.0,1,1,14144.418446,78.0,1.0
51829.0,34.0,2.0,25.36,118.0,0,60.0,0,0,59587.981851,79.0,2.0
51830.0,42.0,2.0,19.64,127.0,0,60.0,0,0,85415.930989,81.0,2.0
51831.0,41.0,2.0,24.88,113.0,0,60.0,0,0,29054.036585,83.0,2.0
51832.0,38.0,1.0,25.91,119.0,0,60.0,0,0,68137.198783,79.0,2.0
51833.0,48.0,2.0,26.37,130.0,0,60.0,0,0,20571.4402,76.0,2.0
51834.0,66.0,2.0,22.83,118.0,0,60.0,0,0,7261.697214,75.0,1.0
51836.0,51.0,1.0,26.52,128.0,0,60.0,0,0,20266.265626,82.0,1.0
51839.0,36.0,1.0,44.46,120.0,0,60.0,0,0,32902.441091,78.0,2.0
51842.0,19.0,2.0,24.85,133.0,0,60.0,0,0,16432.983392,75.0,2.0
51843.0,27.0,2.0,22.93,112.0,0,60.0,0,0,16323.68729,88.0,1.0
51844.0,61.0,2.0,34.73,115.0,0,60.0,0,0,17712.224425,87.0,2.0
51845.0,50.0,2.0,40.7,127.0,0,60.0,0,0,28522.937384,81.0,2.0
51846.0,43.0,1.0,39.82,86.0,1,60.0,0,0,68566.199782,77.0,1.0
51848.0,52.0,1.0,27.61,115.0,0,60.0,0,0,12741.448063,87.0,1.0
51849.0,41.0,2.0,29.11,110.0,0,60.0,0,0,37645.371526,82.0,2.0
51850.0,27.0,1.0,20.03,128.0,0,60.0,0,0,90869.162685,86.0,1.0
51851.0,46.0,2.0,27.32,119.0,0,60.0,0,0,15376.640325,76.0,1.0
51854.0,75.0,1.0,21.2,55.0,1,55.0,1,1,11381.087258,81.0,1.0
51855.0,63.0,1.0,22.32,114.0,0,60.0,0,0,12579.260134,83.0,2.0
51856.0,61.0,2.0,28.37,117.0,0,60.0,0,0,5117.331663,77.0,2.0
51857.0,44.0,2.0,24.03,119.0,0,60.0,0,0,158146.917521,79.0,2.0
51858.0,44.0,2.0,34.57,113.0,0,60.0,0,0,14357.518355,88.0,2.0
51861.0,80.0,1.0,29.34,37.0,1,37.0,1,1,22127.660898,76.0,1.0
51863.0,76.0,2.0,31.91,133.0,0,60.0,0,0,14043.052734,75.0,2.0
51865.0,40.0,2.0,28.6,129.0,0,60.0,0,0,30344.348456,82.0,1.0
51866.0,74.0,1.0,28.12,128.0,0,60.0,0,0,32931.023461,81.0,2.0
51867.0,35.0,2.0,21.02,113.0,0,60.0,0,0,57097.484011,85.0,1.0
51868.0,29.0,1.0,27.93,129.0,0,60.0,0,0,88906.791497,86.0,1.0
51875.0,63.0,2.0,33.16,114.0,0,60.0,0,0,7921.201859,87.0,1.0
51877.0,55.0,1.0,40.25,108.0,0,60.0,0,0,21126.981723,81.0,1.0
51878.0,75.0,1.0,29.47,130.0,0,60.0,0,0,33645.553037,76.0,2.0
51880.0,47.0,1.0,23.89,126.0,0,60.0,0,0,18226.446244,85.0,1.0
51882.0,25.0,1.0,22.58,112.0,0,60.0,0,0,25363.844949,88.0,2.0
51883.0,63.0,2.0,31.5,110.0,0,60.0,0,0,5939.990537,85.0,1.0
51885.0,43.0,1.0,22.14,129.0,0,60.0,0,0,20257.239026,86.0,1.0
51886.0,30.0,1.0,30.69,123.0,0,60.0,0,0,22871.407788,86.0,3.0
51887.0,22.0,1.0,29.37,118.0,0,60.0,0,0,104280.249067,77.0,2.0
51888.0,63.0,1.0,27.46,120.0,0,60.0,0,0,52696.446317,80.0,1.0
51889.0,66.0,1.0,23.13,87.0,1,60.0,0,0,9775.236398,84.0,2.0
51891.0,76.0,1.0,30.59,127.0,0,60.0,0,0,12711.35088,81.0,2.0
51892.0,50.0,1.0,29.65,111.0,0,60.0,0,0,81016.09058,85.0,1.0
51893.0,70.0,2.0,40.46,19.0,1,19.0,1,1,36689.33505,77.0,2.0
51895.0,61.0,2.0,31.28,109.0,0,60.0,0,0,8567.6299,81.0,1.0
51898.0,31.0,2.0,48.91,119.0,0,60.0,0,0,22563.920985,79.0,2.0
51899.0,30.0,2.0,20.47,130.0,0,60.0,0,0,61263.384725,76.0,2.0
51900.0,70.0,2.0,38.54,111.0,0,60.0,0,0,18281.815192,83.0,1.0
51902.0,46.0,1.0,32.32,61.0,1,60.0,0,0,66379.952465,80.0,1.0
51903.0,21.0,1.0,34.78,116.0,0,60.0,0,0,31752.929747,87.0,1.0
51904.0,23.0,1.0,25.15,117.0,0,60.0,0,0,27862.40114,84.0,2.0
51905.0,52.0,2.0,28.95,118.0,0,60.0,0,0,18856.73498,84.0,2.0
51906.0,46.0,1.0,34.22,114.0,0,60.0,0,0,94815.614301,83.0,2.0
51907.0,22.0,2.0,33.06,122.0,0,60.0,0,0,20566.797263,80.0,1.0
51908.0,43.0,2.0,39.55,127.0,0,60.0,0,0,16306.175177,82.0,2.0
51909.0,55.0,1.0,36.74,127.0,0,60.0,0,0,20544.078706,82.0,1.0
51911.0,48.0,1.0,25.65,121.0,0,60.0,0,0,63260.599658,80.0,1.0
51912.0,27.0,2.0,38.32,130.0,0,60.0,0,0,18591.769096,75.0,2.0
51915.0,33.0,1.0,46.75,121.0,0,60.0,0,0,14007.262672,80.0,1.0
51916.0,66.0,2.0,31.83,124.0,0,60.0,0,0,5184.204509,86.0,3.0
51918.0,21.0,1.0,26.53,127.0,0,60.0,0,0,31359.390051,82.0,1.0
51919.0,64.0,2.0,33.99,126.0,0,60.0,0,0,63755.08114,81.0,2.0
51921.0,55.0,1.0,26.97,111.0,0,60.0,0,0,18605.354846,88.0,1.0
51922.0,46.0,1.0,23.25,129.0,0,60.0,0,0,23814.325568,86.0,1.0
51923.0,24.0,2.0,22.53,109.0,0,60.0,0,0,19227.620116,85.0,1.0
51924.0,18.0,1.0,24.25,118.0,0,60.0,0,0,13276.301362,76.0,1.0
51925.0,80.0,1.0,48.4,33.0,1,33.0,1,1,10142.558016,78.0,1.0
51928.0,62.0,2.0,20.76,129.0,0,60.0,0,0,22204.695803,86.0,1.0
51929.0,80.0,2.0,22.73,127.0,0,60.0,0,0,35776.69695,81.0,2.0
51930.0,25.0,1.0,26.42,123.0,0,60.0,0,0,32367.916173,78.0,2.0
51931.0,19.0,1.0,21.55,122.0,0,60.0,0,0,16615.673951,78.0,2.0
51933.0,54.0,1.0,35.82,117.0,0,60.0,0,0,103268.230044,77.0,2.0
51936.0,51.0,2.0,26.14,116.0,0,60.0,0,0,12719.508666,87.0,2.0
51940.0,31.0,1.0,30.49,127.0,0,60.0,0,0,14982.222912,81.0,2.0
51941.0,28.0,1.0,35.24,115.0,0,60.0,0,0,25442.668401,78.0,1.0
51942.0,57.0,2.0,29.12,113.0,0,60.0,0,0,79654.759968,78.0,1.0
51943.0,39.0,2.0,36.75,126.0,0,60.0,0,0,71929.361138,81.0,2.0
51944.0,42.0,1.0,25.65,126.0,0,60.0,0,0,25040.876065,82.0,2.0
51945.0,46.0,2.0,34.71,123.0,0,60.0,0,0,16643.301733,79.0,1.0
51948.0,70.0,2.0,28.31,115.0,0,60.0,0,0,16506.675982,87.0,2.0
51951.0,56.0,2.0,29.35,114.0,0,60.0,0,0,93109.959096,87.0,2.0
51952.0,46.0,2.0,22.5,130.0,0,60.0,0,0,63386.839663,84.0,1.0
51957.0,40.0,2.0,31.25,131.0,0,60.0,0,0,18372.138824,76.0,2.0
51958.0,29.0,1.0,26.88,123.0,0,60.0,0,0,72244.211827,89.0,2.0
51959.0,31.0,1.0,28.97,124.0,0,60.0,0,0,22224.860402,86.0,3.0
51961.0,36.0,2.0,25.21,125.0,0,60.0,0,0,51077.07672,89.0,2.0
51963.0,49.0,1.0,23.43,130.0,0,60.0,0,0,67765.448326,84.0,1.0
51964.0,60.0,2.0,30.69,130.0,0,60.0,0,0,65943.007088,76.0,2.0
51966.0,28.0,2.0,25.09,115.0,0,60.0,0,0,68924.740929,86.0,2.0
51967.0,61.0,1.0,30.07,124.0,0,60.0,0,0,6230.506123,89.0,2.0
51968.0,45.0,1.0,37.42,114.0,0,60.0,0,0,17917.020794,78.0,1.0
51971.0,32.0,1.0,38.13,123.0,0,60.0,0,0,33706.739675,78.0,2.0
51972.0,53.0,2.0,28.91,109.0,0,60.0,0,0,12457.066775,85.0,2.0
51973.0,46.0,1.0,30.22,124.0,0,60.0,0,0,94172.422984,78.0,2.0
51974.0,55.0,2.0,28.51,127.0,0,60.0,0,0,20180.00055,86.0,1.0
51975.0,57.0,1.0,31.88,122.0,0,60.0,0,0,20432.419271,80.0,2.0
51976.0,79.0,1.0,27.78,115.0,0,60.0,0,0,34860.620863,87.0,2.0
51981.0,53.0,2.0,20.32,131.0,0,60.0,0,0,34375.95727,75.0,2.0
51982.0,46.0,1.0,22.89,130.0,0,60.0,0,0,27020.765699,75.0,2.0
51983.0,22.0,2.0,27.46,128.0,0,60.0,0,0,85727.823585,81.0,2.0
51985.0,60.0,2.0,33.25,114.0,0,60.0,0,0,79504.28538,83.0,2.0
51989.0,30.0,2.0,44.17,125.0,0,60.0,0,0,31380.270496,77.0,1.0
51991.0,35.0,1.0,28.82,121.0,0,60.0,0,0,53465.061204,80.0,1.0
51993.0,49.0,2.0,46.13,130.0,0,60.0,0,0,26152.25275,84.0,1.0
51995.0,72.0,1.0,14.59,21.0,1,21.0,1,1,10399.3983,76.0,2.0
51996.0,29.0,2.0,33.3,127.0,0,60.0,0,0,76171.623871,82.0,1.0
51997.0,74.0,2.0,26.18,122.0,0,60.0,0,0,39394.168753,76.0,2.0
51999.0,40.0,1.0,25.12,111.0,0,60.0,0,0,23852.790934,83.0,1.0
52002.0,74.0,2.0,36.77,39.0,1,39.0,1,1,39394.168753,76.0,2.0
52005.0,46.0,2.0,35.77,109.0,0,60.0,0,0,15984.23301,83.0,1.0
52007.0,49.0,2.0,23.63,132.0,0,60.0,0,0,24194.944766,75.0,2.0
52008.0,62.0,2.0,27.59,124.0,0,60.0,0,0,16242.073126,89.0,2.0
52009.0,44.0,2.0,29.12,114.0,0,60.0,0,0,76603.798386,77.0,1.0
52010.0,49.0,2.0,43.92,131.0,0,60.0,0,0,21427.791671,84.0,1.0
52011.0,18.0,1.0,20.32,118.0,0,60.0,0,0,21152.407959,79.0,2.0
52012.0,66.0,2.0,30.96,115.0,0,60.0,0,0,13823.802605,78.0,1.0
52013.0,36.0,1.0,28.09,118.0,0,60.0,0,0,79961.680523,77.0,2.0
52016.0,18.0,2.0,31.64,113.0,0,60.0,0,0,16098.935064,87.0,1.0
52017.0,31.0,1.0,35.24,120.0,0,60.0,0,0,81216.199549,78.0,2.0
52019.0,32.0,2.0,24.24,123.0,0,60.0,0,0,54729.408706,79.0,1.0
52020.0,32.0,2.0,34.29,131.0,0,60.0,0,0,21013.966653,75.0,2.0
52021.0,27.0,2.0,25.87,120.0,0,60.0,0,0,86892.512988,76.0,1.0
52023.0,65.0,1.0,31.28,113.0,0,60.0,0,0,70560.254529,87.0,1.0
52025.0,29.0,1.0,30.5,116.0,0,60.0,0,0,17759.52184,89.0,1.0
52026.0,19.0,1.0,25.01,113.0,0,60.0,0,0,12252.665694,78.0,1.0
52027.0,55.0,1.0,22.81,123.0,0,60.0,0,0,19364.17167,75.0,1.0
52029.0,43.0,2.0,31.22,121.0,0,60.0,0,0,21420.29799,78.0,2.0
52031.0,77.0,1.0,30.34,103.0,1,60.0,0,0,33963.063829,85.0,2.0
52032.0,40.0,2.0,26.8,116.0,0,60.0,0,0,14348.956279,87.0,2.0
52033.0,45.0,2.0,26.43,130.0,0,60.0,0,0,16371.808858,84.0,1.0
52037.0,19.0,1.0,26.16,109.0,0,60.0,0,0,10952.971572,85.0,1.0
52039.0,43.0,2.0,38.52,124.0,0,60.0,0,0,13601.228883,86.0,3.0
52042.0,61.0,1.0,35.56,108.0,0,60.0,0,0,61520.627241,85.0,2.0
52043.0,62.0,1.0,28.97,108.0,0,60.0,0,0,61520.627241,85.0,2.0
52044.0,26.0,2.0,20.79,123.0,0,60.0,0,0,65228.343756,79.0,1.0
52046.0,18.0,1.0,25.53,129.0,0,60.0,0,0,46097.559974,86.0,1.0
52047.0,34.0,2.0,26.44,115.0,0,60.0,0,0,30158.895968,87.0,2.0
52049.0,18.0,1.0,,122.0,0,60.0,0,0,14848.169293,77.0,1.0
52050.0,39.0,1.0,32.7,118.0,0,60.0,0,0,79303.669349,79.0,2.0
52051.0,56.0,1.0,30.9,113.0,0,60.0,0,0,9731.188016,88.0,2.0
52052.0,43.0,1.0,33.36,113.0,0,60.0,0,0,28866.856878,83.0,2.0
52053.0,80.0,2.0,21.71,30.0,1,30.0,1,1,27089.737948,87.0,2.0
52054.0,68.0,2.0,51.33,47.0,1,47.0,1,1,13610.328052,78.0,1.0
52057.0,56.0,2.0,34.4,132.0,0,60.0,0,0,30166.165629,75.0,2.0
52058.0,49.0,1.0,24.65,131.0,0,60.0,0,0,21178.53496,75.0,2.0
52062.0,38.0,1.0,30.98,127.0,0,60.0,0,0,20133.290922,81.0,2.0
52063.0,47.0,1.0,24.67,123.0,0,60.0,0,0,83568.320819,77.0,1.0
52064.0,26.0,1.0,24.1,128.0,0,60.0,0,0,30499.282874,86.0,1.0
52065.0,66.0,1.0,44.05,110.0,0,60.0,0,0,7737.568458,81.0,1.0
52067.0,80.0,2.0,33.11,114.0,0,60.0,0,0,41228.311209,83.0,2.0
52068.0,72.0,1.0,28.15,131.0,0,60.0,0,0,34061.139515,76.0,2.0
52069.0,40.0,2.0,32.72,118.0,0,60.0,0,0,85415.930989,77.0,2.0
52071.0,41.0,1.0,36.54,127.0,0,60.0,0,0,16715.945903,82.0,1.0
52072.0,32.0,2.0,30.35,109.0,0,60.0,0,0,18734.521353,81.0,1.0
52073.0,80.0,2.0,27.24,130.0,0,60.0,0,0,35857.149753,76.0,2.0
52075.0,18.0,1.0,39.5,124.0,0,60.0,0,0,14998.772531,77.0,1.0
52076.0,60.0,2.0,30.65,125.0,0,60.0,0,0,15534.684571,89.0,2.0
52077.0,18.0,2.0,,113.0,0,60.0,0,0,21921.345212,83.0,2.0
52078.0,80.0,1.0,40.83,122.0,0,60.0,0,0,22695.909683,77.0,1.0
52080.0,30.0,1.0,21.77,114.0,0,60.0,0,0,60193.00099,78.0,1.0
52081.0,65.0,1.0,31.77,124.0,0,60.0,0,0,47075.842776,86.0,3.0
52083.0,20.0,1.0,31.68,117.0,0,60.0,0,0,25576.622941,86.0,2.0
52084.0,72.0,2.0,21.38,118.0,0,60.0,0,0,12618.187505,77.0,2.0
52085.0,61.0,2.0,23.07,114.0,0,60.0,0,0,67490.818023,87.0,2.0
52086.0,68.0,1.0,24.27,118.0,0,60.0,0,0,19682.063679,77.0,2.0
52088.0,79.0,2.0,21.29,124.0,0,60.0,0,0,34245.404778,77.0,1.0
52090.0,52.0,2.0,39.66,122.0,0,60.0,0,0,112421.513631,80.0,2.0
52092.0,35.0,2.0,36.13,116.0,0,60.0,0,0,21156.502109,75.0,1.0
52094.0,61.0,2.0,40.81,115.0,0,60.0,0,0,5760.494111,89.0,1.0
52096.0,67.0,2.0,36.18,42.0,1,42.0,1,1,6087.816497,85.0,1.0
52097.0,27.0,2.0,25.31,128.0,0,60.0,0,0,22455.066303,81.0,2.0
52099.0,56.0,1.0,30.27,126.0,0,60.0,0,0,99844.470859,81.0,2.0
52103.0,62.0,1.0,32.26,124.0,0,60.0,0,0,5296.291204,86.0,3.0
52104.0,74.0,2.0,40.35,120.0,0,60.0,0,0,34299.447413,80.0,1.0
52106.0,50.0,2.0,26.37,119.0,0,60.0,0,0,18247.773898,76.0,1.0
52107.0,48.0,2.0,35.43,127.0,0,60.0,0,0,36481.199046,82.0,2.0
52109.0,66.0,1.0,29.7,53.0,1,53.0,1,1,6764.385438,82.0,1.0
52110.0,48.0,2.0,21.48,118.0,0,60.0,0,0,74567.776013,76.0,1.0
52111.0,52.0,1.0,19.15,111.0,0,60.0,0,0,25644.008191,83.0,1.0
52112.0,63.0,2.0,28.1,111.0,0,60.0,0,0,5642.636108,88.0,1.0
52113.0,58.0,1.0,42.84,114.0,0,60.0,0,0,20564.9624,87.0,2.0
52115.0,43.0,2.0,22.62,135.0,0,60.0,0,0,72750.111486,75.0,2.0
52116.0,29.0,1.0,21.9,119.0,0,60.0,0,0,23098.516334,76.0,1.0
52117.0,40.0,1.0,31.91,130.0,0,60.0,0,0,14003.820486,84.0,1.0
52119.0,67.0,2.0,25.07,121.0,0,60.0,0,0,69974.023405,78.0,2.0
52120.0,25.0,2.0,40.45,111.0,0,60.0,0,0,24164.013792,83.0,1.0
52122.0,67.0,1.0,32.35,108.0,0,60.0,0,0,60349.521987,85.0,2.0
52123.0,18.0,2.0,40.58,127.0,0,60.0,0,0,12217.136249,82.0,1.0
52124.0,45.0,1.0,32.91,128.0,0,60.0,0,0,20118.340821,82.0,1.0
52125.0,56.0,1.0,26.75,128.0,0,60.0,0,0,21492.663431,82.0,1.0
52126.0,55.0,2.0,46.72,131.0,0,60.0,0,0,29830.589625,75.0,2.0
52127.0,50.0,2.0,30.02,117.0,0,60.0,0,0,25427.452028,77.0,2.0
52129.0,74.0,1.0,26.67,130.0,0,60.0,0,0,10404.21214,76.0,2.0
52130.0,30.0,2.0,30.33,123.0,0,60.0,0,0,76211.655508,80.0,2.0
52131.0,38.0,2.0,28.87,118.0,0,60.0,0,0,62125.389482,79.0,2.0
52134.0,61.0,1.0,48.22,71.0,1,60.0,0,0,72823.681176,83.0,1.0
52135.0,74.0,1.0,32.93,112.0,0,60.0,0,0,29609.395167,77.0,1.0
52137.0,55.0,2.0,30.14,130.0,0,60.0,0,0,106549.309737,76.0,2.0
52138.0,46.0,1.0,27.35,122.0,0,60.0,0,0,55814.203457,80.0,1.0
52140.0,23.0,2.0,20.04,123.0,0,60.0,0,0,26693.694768,80.0,2.0
52144.0,21.0,2.0,38.23,120.0,0,60.0,0,0,34346.122643,78.0,2.0
52145.0,29.0,2.0,28.27,115.0,0,60.0,0,0,24390.968285,87.0,1.0
52146.0,62.0,1.0,28.18,122.0,0,60.0,0,0,18864.80023,78.0,2.0
52148.0,42.0,1.0,36.77,109.0,0,60.0,0,0,98436.529013,83.0,1.0
52149.0,60.0,2.0,23.03,108.0,0,60.0,0,0,63146.96853,85.0,2.0
52151.0,31.0,2.0,42.7,125.0,0,60.0,0,0,14711.599201,86.0,3.0
52152.0,70.0,1.0,28.64,126.0,0,60.0,0,0,39799.570686,82.0,2.0
52153.0,38.0,2.0,32.6,121.0,0,60.0,0,0,20725.232406,80.0,1.0
52154.0,56.0,2.0,34.84,119.0,0,60.0,0,0,23748.745332,84.0,2.0
52157.0,53.0,2.0,33.43,132.0,0,60.0,0,0,125317.169771,75.0,2.0
52159.0,45.0,2.0,19.2,129.0,0,60.0,0,0,19211.164516,76.0,2.0
52160.0,73.0,2.0,45.82,125.0,0,60.0,0,0,36266.584603,89.0,2.0
52161.0,80.0,2.0,26.17,74.0,1,60.0,0,0,27500.458112,81.0,2.0
52162.0,61.0,1.0,35.21,123.0,0,60.0,0,0,8365.161334,78.0,1.0
52164.0,74.0,1.0,21.73,118.0,0,60.0,0,0,22662.89954,79.0,2.0
52166.0,60.0,2.0,32.5,112.0,0,60.0,0,0,5697.985261,88.0,1.0
52167.0,47.0,1.0,31.78,123.0,0,60.0,0,0,81895.402401,77.0,1.0
52168.0,73.0,1.0,23.52,129.0,0,60.0,0,0,33645.553037,76.0,2.0
52172.0,58.0,1.0,19.05,109.0,0,60.0,0,0,23192.901232,85.0,2.0
52173.0,54.0,2.0,24.2,128.0,0,60.0,0,0,95337.536404,82.0,1.0
52174.0,69.0,1.0,24.95,54.0,1,54.0,1,1,12159.018408,80.0,1.0
52175.0,64.0,2.0,24.34,118.0,0,60.0,0,0,6260.61572,75.0,1.0
52179.0,40.0,1.0,35.45,118.0,0,60.0,0,0,75648.543242,79.0,2.0
52180.0,29.0,1.0,24.35,107.0,0,60.0,0,0,21408.40282,85.0,2.0
52181.0,44.0,1.0,22.66,127.0,0,60.0,0,0,21082.264505,82.0,1.0
52182.0,58.0,1.0,41.89,122.0,0,60.0,0,0,108544.653188,76.0,1.0
52183.0,28.0,1.0,42.4,115.0,0,60.0,0,0,25052.300704,86.0,2.0
52184.0,49.0,2.0,32.97,125.0,0,60.0,0,0,36481.199046,82.0,2.0
52185.0,33.0,1.0,34.14,118.0,0,60.0,0,0,23915.271061,84.0,2.0
52187.0,44.0,2.0,20.92,118.0,0,60.0,0,0,34615.20916,77.0,2.0
52188.0,80.0,2.0,23.14,10.0,1,10.0,1,1,28097.156563,75.0,2.0
52190.0,28.0,2.0,32.1,116.0,0,60.0,0,0,19463.592556,86.0,2.0
52191.0,51.0,2.0,31.56,115.0,0,60.0,0,0,31163.599633,83.0,2.0
52192.0,73.0,1.0,26.39,128.0,0,60.0,0,0,14932.548383,83.0,2.0
52193.0,55.0,1.0,29.86,122.0,0,60.0,0,0,92005.247878,76.0,2.0
52195.0,46.0,2.0,24.63,129.0,0,60.0,0,0,79088.217729,76.0,2.0
52197.0,39.0,1.0,40.66,121.0,0,60.0,0,0,79590.36724,78.0,2.0
52198.0,45.0,2.0,36.29,127.0,0,60.0,0,0,17929.959406,82.0,2.0
52201.0,22.0,1.0,23.3,130.0,0,60.0,0,0,18424.192859,84.0,1.0
52202.0,65.0,2.0,24.07,129.0,0,60.0,0,0,65573.061923,86.0,1.0
52203.0,75.0,1.0,20.21,63.0,1,60.0,0,0,10532.096527,85.0,2.0
52204.0,20.0,1.0,23.54,116.0,0,60.0,0,0,25672.241981,77.0,2.0
52205.0,48.0,2.0,20.23,124.0,0,60.0,0,0,58388.657969,86.0,3.0
52206.0,42.0,2.0,26.02,114.0,0,60.0,0,0,17361.209897,86.0,2.0
52207.0,67.0,1.0,28.83,124.0,0,60.0,0,0,46179.70811,86.0,3.0
52208.0,40.0,2.0,22.86,122.0,0,60.0,0,0,19657.057397,80.0,2.0
52212.0,65.0,2.0,25.84,113.0,0,60.0,0,0,7692.636623,82.0,2.0
52213.0,53.0,1.0,27.68,130.0,0,60.0,0,0,17295.032111,84.0,1.0
52214.0,38.0,1.0,26.66,123.0,0,60.0,0,0,22430.51295,86.0,3.0
52215.0,63.0,2.0,24.81,110.0,0,60.0,0,0,5642.636108,88.0,2.0
52216.0,64.0,2.0,30.16,89.0,1,60.0,0,0,60851.686967,77.0,1.0
52217.0,48.0,2.0,35.5,117.0,0,60.0,0,0,71535.396711,86.0,2.0
52221.0,65.0,1.0,22.01,110.0,1,60.0,0,0,55281.20886,85.0,1.0
52222.0,39.0,2.0,34.23,117.0,0,60.0,0,0,60172.700525,79.0,2.0
52223.0,21.0,1.0,29.13,111.0,0,60.0,0,0,33156.229195,83.0,1.0
52226.0,63.0,1.0,26.27,128.0,0,60.0,0,0,57701.152929,82.0,1.0
52227.0,57.0,2.0,29.86,117.0,0,60.0,0,0,15295.318785,87.0,1.0
52229.0,54.0,1.0,27.38,129.0,0,60.0,0,0,75607.764027,84.0,1.0
52231.0,56.0,2.0,41.79,118.0,0,60.0,0,0,100459.275616,76.0,1.0
52232.0,36.0,1.0,29.05,125.0,0,60.0,0,0,22224.860402,86.0,3.0
52233.0,72.0,1.0,27.61,122.0,0,60.0,0,0,43462.764534,80.0,2.0
52234.0,80.0,2.0,27.55,120.0,0,60.0,0,0,12526.68817,78.0,2.0
52235.0,21.0,2.0,45.27,115.0,0,60.0,0,0,29622.024227,87.0,2.0
52241.0,43.0,2.0,22.04,118.0,0,60.0,0,0,19234.873728,79.0,2.0
52242.0,33.0,1.0,34.84,122.0,0,60.0,0,0,41403.555697,75.0,1.0
52243.0,76.0,1.0,26.26,115.0,0,60.0,0,0,40482.073409,87.0,1.0
52244.0,19.0,2.0,21.11,116.0,0,60.0,0,0,15836.558978,86.0,2.0
52245.0,43.0,2.0,30.6,119.0,0,60.0,0,0,15496.851984,76.0,1.0
52247.0,45.0,1.0,33.91,121.0,0,60.0,0,0,55814.203457,80.0,1.0
52248.0,60.0,1.0,,38.0,1,38.0,1,1,24081.070993,80.0,2.0
52249.0,43.0,1.0,34.73,128.0,0,60.0,0,0,25861.388576,82.0,2.0
52250.0,76.0,1.0,24.62,116.0,0,60.0,0,0,44875.382692,77.0,2.0
52251.0,43.0,1.0,20.08,124.0,0,60.0,0,0,82662.426594,79.0,1.0
52253.0,18.0,2.0,28.38,114.0,0,60.0,0,0,57478.303133,87.0,2.0
52255.0,80.0,2.0,24.75,12.0,1,12.0,1,1,43980.256914,87.0,1.0
52256.0,34.0,2.0,20.0,111.0,0,60.0,0,0,20293.289262,88.0,2.0
52259.0,25.0,1.0,23.47,121.0,0,60.0,0,0,26757.699728,80.0,1.0
52261.0,20.0,2.0,21.66,108.0,0,60.0,0,0,16203.190011,85.0,2.0
52265.0,25.0,1.0,20.35,117.0,0,60.0,0,0,86578.325539,84.0,2.0
52266.0,54.0,1.0,,133.0,0,60.0,0,0,27677.826653,75.0,2.0
52267.0,80.0,1.0,28.1,101.0,1,60.0,0,0,12550.568687,86.0,1.0
52268.0,29.0,1.0,23.61,108.0,0,60.0,0,0,94789.282448,85.0,2.0
52271.0,80.0,2.0,23.57,111.0,0,60.0,0,0,10283.785318,85.0,1.0
52272.0,46.0,1.0,27.83,129.0,0,60.0,0,0,19566.546628,86.0,1.0
52273.0,61.0,1.0,37.11,78.0,1,60.0,0,0,7549.682788,81.0,1.0
52274.0,33.0,2.0,24.75,124.0,0,60.0,0,0,63360.142345,77.0,1.0
52275.0,53.0,1.0,26.63,112.0,0,60.0,0,0,11723.777579,88.0,1.0
52276.0,50.0,2.0,20.23,125.0,0,60.0,0,0,96228.548493,77.0,1.0
52280.0,20.0,1.0,30.93,119.0,0,60.0,0,0,22830.041358,76.0,1.0
52282.0,54.0,1.0,27.63,117.0,0,60.0,0,0,103268.230044,76.0,1.0
52283.0,67.0,1.0,27.64,112.0,0,60.0,0,0,6906.320246,88.0,1.0
52284.0,80.0,2.0,27.48,21.0,1,21.0,1,1,37135.621166,77.0,2.0
52288.0,39.0,2.0,28.38,114.0,0,60.0,0,0,58615.208279,86.0,2.0
52289.0,80.0,1.0,26.46,110.0,0,60.0,0,0,27647.014531,83.0,1.0
52290.0,32.0,1.0,22.77,129.0,0,60.0,0,0,65252.432747,86.0,1.0
52291.0,29.0,1.0,21.12,118.0,0,60.0,0,0,26858.862377,84.0,2.0
52292.0,19.0,2.0,30.48,115.0,0,60.0,0,0,20267.023893,83.0,2.0
52293.0,56.0,2.0,22.37,122.0,0,60.0,0,0,103658.74183,80.0,2.0
52295.0,37.0,2.0,24.12,119.0,0,60.0,0,0,24814.811919,77.0,2.0
52296.0,73.0,1.0,24.01,76.0,1,60.0,0,0,10541.729016,86.0,1.0
52298.0,18.0,1.0,20.97,114.0,0,60.0,0,0,34660.028259,78.0,1.0
52299.0,71.0,2.0,25.65,129.0,0,60.0,0,0,21160.969531,86.0,1.0
52303.0,78.0,2.0,30.33,87.0,1,60.0,0,0,15296.174061,81.0,2.0
52304.0,80.0,1.0,29.55,124.0,1,60.0,0,0,10672.407106,84.0,1.0
52305.0,39.0,1.0,51.26,115.0,0,60.0,0,0,33287.030545,83.0,2.0
52306.0,19.0,2.0,19.11,130.0,0,60.0,0,0,23360.911449,75.0,2.0
52307.0,51.0,1.0,25.27,115.0,0,60.0,0,0,18761.435679,86.0,2.0
52308.0,67.0,2.0,39.98,121.0,0,60.0,0,0,71331.895741,78.0,2.0
52309.0,29.0,2.0,30.23,117.0,0,60.0,0,0,69859.569934,86.0,2.0
52310.0,69.0,2.0,25.06,105.0,0,60.0,0,0,63146.96853,85.0,2.0
52312.0,24.0,1.0,32.21,124.0,0,60.0,0,0,20831.66483,89.0,2.0
52314.0,25.0,2.0,20.92,118.0,0,60.0,0,0,67616.782266,84.0,2.0
52315.0,52.0,2.0,81.25,13.0,1,13.0,1,1,27865.442639,80.0,2.0
52316.0,75.0,2.0,21.3,125.0,1,60.0,0,0,25606.368457,83.0,1.0
52318.0,42.0,2.0,26.27,111.0,0,60.0,0,0,15834.354904,78.0,1.0
52319.0,18.0,2.0,23.24,114.0,0,60.0,0,0,82284.947577,76.0,2.0
52320.0,39.0,2.0,28.06,50.0,1,50.0,1,1,19337.483659,82.0,1.0
52321.0,80.0,2.0,24.93,77.0,1,60.0,0,0,34225.253111,76.0,1.0
52322.0,60.0,1.0,29.31,125.0,0,60.0,0,0,9029.071662,82.0,2.0
52323.0,22.0,1.0,22.43,123.0,0,60.0,0,0,29193.681764,79.0,1.0
52324.0,41.0,2.0,24.37,127.0,0,60.0,0,0,64175.252011,81.0,2.0
52326.0,28.0,1.0,32.73,117.0,0,60.0,0,0,108051.677139,79.0,2.0
52331.0,21.0,2.0,27.48,114.0,0,60.0,0,0,25150.49472,83.0,2.0
52332.0,40.0,2.0,36.44,119.0,0,60.0,0,0,74567.776013,76.0,1.0
52333.0,51.0,2.0,22.15,127.0,0,60.0,0,0,13157.993056,82.0,1.0
52334.0,56.0,2.0,27.48,128.0,0,60.0,0,0,92598.545951,82.0,1.0
52335.0,20.0,2.0,42.37,114.0,0,60.0,0,0,26441.31178,83.0,2.0
52337.0,72.0,1.0,34.49,90.0,1,60.0,0,0,12709.065696,83.0,1.0
52339.0,65.0,2.0,24.0,111.0,0,60.0,0,0,17219.709674,88.0,1.0
52340.0,59.0,2.0,22.01,123.0,0,60.0,0,0,76056.591161,79.0,1.0
52341.0,54.0,1.0,28.71,118.0,0,60.0,0,0,20850.85519,84.0,2.0
52342.0,19.0,1.0,20.67,116.0,0,60.0,0,0,12714.10625,86.0,2.0
52343.0,80.0,2.0,25.76,129.0,0,60.0,0,0,36300.05365,76.0,2.0
52344.0,31.0,2.0,19.94,111.0,0,60.0,0,0,17588.985738,85.0,1.0
52345.0,24.0,2.0,27.54,130.0,0,60.0,0,0,72273.30646,75.0,2.0
52347.0,18.0,2.0,21.73,117.0,0,60.0,0,0,12701.674001,86.0,2.0
52348.0,57.0,1.0,35.43,115.0,0,60.0,0,0,23837.112439,87.0,1.0
52349.0,45.0,1.0,24.85,125.0,0,60.0,0,0,21063.174792,78.0,1.0
52350.0,69.0,1.0,29.52,119.0,0,60.0,0,0,56750.654207,86.0,2.0
52351.0,80.0,2.0,37.1,128.0,0,60.0,0,0,36736.613855,82.0,1.0
52352.0,19.0,1.0,21.37,125.0,0,60.0,0,0,13310.079207,82.0,2.0
52355.0,36.0,1.0,25.76,123.0,0,60.0,0,0,58721.807158,79.0,1.0
52356.0,28.0,2.0,23.88,113.0,0,60.0,0,0,24459.354245,78.0,1.0
52360.0,28.0,1.0,24.6,122.0,0,60.0,0,0,31409.390635,78.0,2.0
52361.0,36.0,2.0,27.45,114.0,0,60.0,0,0,17065.069489,86.0,2.0
52363.0,49.0,2.0,23.47,122.0,0,60.0,0,0,59173.068083,80.0,1.0
52364.0,33.0,2.0,22.37,110.0,0,60.0,0,0,19933.667798,85.0,1.0
52365.0,22.0,1.0,52.08,127.0,0,60.0,0,0,23910.359518,82.0,2.0
52366.0,49.0,1.0,34.44,122.0,0,60.0,0,0,97630.872181,80.0,2.0
52368.0,34.0,2.0,36.84,118.0,0,60.0,0,0,47553.058157,84.0,2.0
52369.0,69.0,2.0,28.81,131.0,0,60.0,0,0,65138.423846,75.0,2.0
52370.0,33.0,1.0,24.65,123.0,0,60.0,0,0,69214.37238,77.0,1.0
52371.0,31.0,2.0,40.95,129.0,0,60.0,0,0,61051.755394,86.0,1.0
52372.0,62.0,1.0,26.66,118.0,0,60.0,0,0,71158.455782,79.0,2.0
52375.0,67.0,1.0,28.08,52.0,1,52.0,1,1,18696.645258,86.0,1.0
52376.0,46.0,2.0,37.45,110.0,0,60.0,0,0,37228.447528,83.0,1.0
52377.0,54.0,2.0,33.94,114.0,0,60.0,0,0,22312.845073,87.0,2.0
52381.0,61.0,2.0,37.79,116.0,0,60.0,0,0,60654.992506,86.0,2.0
52382.0,28.0,1.0,39.56,120.0,0,60.0,0,0,23157.369189,75.0,1.0
52384.0,59.0,1.0,30.01,111.0,0,60.0,0,0,11376.596125,88.0,2.0
52386.0,32.0,2.0,19.79,123.0,0,60.0,0,0,84008.701458,77.0,1.0
52387.0,22.0,2.0,40.8,128.0,0,60.0,0,0,26285.577213,86.0,1.0
52389.0,24.0,1.0,30.65,114.0,0,60.0,0,0,24364.160754,78.0,1.0
52390.0,20.0,2.0,22.78,131.0,0,60.0,0,0,36169.594051,75.0,2.0
52391.0,75.0,2.0,34.4,117.0,0,60.0,0,0,15110.45853,84.0,2.0
52392.0,47.0,2.0,26.33,125.0,0,60.0,0,0,14200.752219,86.0,3.0
52395.0,35.0,1.0,31.52,122.0,0,60.0,0,0,20898.352168,80.0,2.0
52397.0,55.0,1.0,30.38,112.0,0,60.0,0,0,10589.240102,88.0,2.0
52398.0,34.0,2.0,33.1,120.0,0,60.0,0,0,22851.024574,78.0,2.0
52399.0,80.0,2.0,38.33,64.0,1,60.0,0,0,26491.208645,77.0,2.0
52400.0,78.0,1.0,,131.0,0,60.0,0,0,29350.088599,84.0,1.0
52401.0,20.0,2.0,25.85,119.0,0,60.0,0,0,33007.885293,75.0,1.0
52403.0,27.0,1.0,20.6,120.0,0,60.0,0,0,32367.916173,78.0,2.0
52406.0,28.0,1.0,36.91,112.0,0,60.0,0,0,34685.830742,83.0,2.0
52407.0,35.0,1.0,41.99,115.0,0,60.0,0,0,30224.895205,87.0,2.0
52408.0,54.0,2.0,25.9,122.0,0,60.0,0,0,73505.433722,80.0,1.0
52410.0,24.0,1.0,27.15,119.0,0,60.0,0,0,27400.053014,76.0,1.0
52411.0,56.0,1.0,37.19,128.0,0,60.0,0,0,90526.887831,82.0,1.0
52412.0,78.0,2.0,26.5,64.0,1,60.0,0,0,39668.644373,76.0,2.0
52413.0,80.0,1.0,28.67,46.0,1,46.0,1,1,12202.610363,81.0,2.0
52414.0,30.0,1.0,21.57,133.0,0,60.0,0,0,88190.405495,75.0,2.0
52415.0,34.0,2.0,29.27,127.0,0,60.0,0,0,37672.190201,82.0,2.0
52416.0,56.0,2.0,32.46,130.0,0,60.0,0,0,21842.228822,84.0,1.0
52417.0,73.0,2.0,33.93,132.0,0,60.0,0,0,18831.994429,75.0,2.0
52418.0,23.0,1.0,22.45,124.0,0,60.0,0,0,29193.681764,79.0,1.0
52421.0,30.0,1.0,33.44,112.0,0,60.0,0,0,62367.862156,88.0,2.0
52422.0,70.0,1.0,30.96,44.0,1,44.0,1,1,8328.451137,86.0,3.0
52423.0,80.0,2.0,27.92,68.0,1,60.0,0,0,11615.566444,82.0,1.0
52424.0,42.0,2.0,29.61,110.0,0,60.0,0,0,16911.675887,85.0,1.0
52425.0,29.0,1.0,23.24,112.0,0,60.0,0,0,25363.844949,88.0,2.0
52426.0,21.0,1.0,19.64,121.0,0,60.0,0,0,34328.855514,78.0,2.0
52427.0,33.0,2.0,24.55,130.0,0,60.0,0,0,25966.025398,84.0,1.0
52428.0,33.0,2.0,34.77,114.0,0,60.0,0,0,67739.572629,87.0,2.0
52430.0,45.0,2.0,21.05,120.0,0,60.0,0,0,15376.640325,76.0,1.0
52431.0,41.0,1.0,43.1,130.0,0,60.0,0,0,32299.780843,75.0,2.0
52433.0,45.0,1.0,22.95,124.0,0,60.0,0,0,83002.097028,77.0,1.0
52434.0,80.0,1.0,29.37,98.0,1,60.0,0,0,22143.775648,77.0,2.0
52436.0,49.0,2.0,28.26,116.0,0,60.0,0,0,21698.029982,87.0,1.0
52437.0,42.0,2.0,26.93,118.0,0,60.0,0,0,28534.374615,75.0,1.0
52439.0,59.0,1.0,24.75,131.0,0,60.0,0,0,24020.218472,76.0,2.0
52444.0,71.0,1.0,23.68,118.0,0,60.0,0,0,12272.384717,84.0,2.0
52445.0,44.0,2.0,28.85,123.0,0,60.0,0,0,64991.031801,79.0,1.0
52446.0,65.0,2.0,35.06,128.0,0,60.0,0,0,68034.654966,82.0,1.0
52447.0,24.0,2.0,37.24,113.0,0,60.0,0,0,69278.391604,88.0,2.0
52450.0,63.0,1.0,30.76,128.0,0,60.0,0,0,62440.291663,82.0,1.0
52451.0,22.0,2.0,24.31,108.0,0,60.0,0,0,21397.781891,85.0,2.0
52453.0,80.0,2.0,26.52,124.0,1,60.0,0,0,29466.190916,84.0,1.0
52457.0,36.0,1.0,34.08,111.0,0,60.0,0,0,21672.803148,82.0,2.0
52458.0,64.0,1.0,33.29,114.0,0,60.0,0,0,13072.889822,83.0,2.0
52462.0,58.0,1.0,26.28,126.0,0,60.0,0,0,101200.947582,81.0,2.0
52466.0,67.0,2.0,31.95,119.0,0,60.0,0,0,20796.775893,76.0,1.0
52467.0,38.0,1.0,29.34,112.0,0,60.0,0,0,23709.472842,88.0,1.0
52469.0,61.0,1.0,25.62,90.0,1,60.0,0,0,70059.588852,79.0,2.0
52471.0,46.0,2.0,19.92,121.0,0,60.0,0,0,21971.086171,78.0,2.0
52473.0,67.0,2.0,36.03,128.0,0,60.0,0,0,21702.813537,82.0,1.0
52475.0,21.0,2.0,24.02,123.0,0,60.0,0,0,22601.104906,79.0,1.0
52477.0,36.0,2.0,25.91,116.0,0,60.0,0,0,20463.530223,86.0,2.0
52479.0,19.0,1.0,20.45,124.0,0,60.0,0,0,15338.780918,79.0,1.0
52480.0,39.0,2.0,30.08,112.0,0,60.0,0,0,18712.396478,78.0,1.0
52482.0,42.0,2.0,25.02,120.0,0,60.0,0,0,36343.314607,78.0,2.0
52483.0,20.0,2.0,33.57,130.0,0,60.0,0,0,63618.29398,84.0,1.0
52484.0,31.0,2.0,24.09,128.0,0,60.0,0,0,71929.361138,81.0,2.0
52485.0,47.0,2.0,28.09,121.0,0,60.0,0,0,18838.414187,76.0,1.0
52490.0,68.0,1.0,38.88,118.0,0,60.0,0,0,9387.789425,84.0,2.0
52492.0,80.0,1.0,23.16,65.0,1,60.0,0,0,23506.349258,77.0,2.0
52493.0,42.0,1.0,33.7,119.0,0,60.0,0,0,17251.696499,76.0,1.0
52494.0,78.0,2.0,20.95,109.0,0,60.0,0,0,38087.107887,85.0,2.0
52496.0,60.0,2.0,22.88,108.0,0,60.0,0,0,63146.96853,85.0,2.0
52497.0,78.0,2.0,25.92,65.0,1,60.0,0,0,21701.741092,79.0,1.0
52499.0,54.0,1.0,22.5,117.0,0,60.0,0,0,12664.205092,89.0,1.0
52501.0,38.0,1.0,24.79,119.0,0,60.0,0,0,47171.696443,80.0,1.0
52503.0,75.0,2.0,29.03,118.0,0,60.0,0,0,14539.890657,84.0,2.0
52509.0,54.0,1.0,28.04,111.0,0,60.0,0,0,91372.94023,77.0,1.0
52510.0,77.0,2.0,36.17,111.0,0,60.0,0,0,25606.368457,83.0,1.0
52511.0,27.0,1.0,27.63,124.0,0,60.0,0,0,71081.147485,86.0,3.0
52513.0,73.0,2.0,33.81,124.0,0,60.0,0,0,10355.639459,89.0,2.0
52516.0,50.0,2.0,25.92,121.0,0,60.0,0,0,107475.234232,78.0,2.0
52517.0,54.0,1.0,26.08,1.0,1,1.0,1,1,14106.78685,84.0,1.0
52523.0,52.0,2.0,21.39,111.0,0,60.0,0,0,112088.298641,83.0,1.0
52524.0,54.0,2.0,25.74,127.0,0,60.0,0,0,104215.604292,81.0,2.0
52525.0,65.0,1.0,18.34,124.0,0,60.0,0,0,11057.718816,79.0,1.0
52529.0,19.0,2.0,,127.0,0,60.0,0,0,23882.342379,81.0,2.0
52530.0,51.0,2.0,33.14,116.0,0,60.0,0,0,17002.958478,89.0,1.0
52532.0,80.0,1.0,26.69,13.0,1,13.0,1,1,23957.765346,81.0,1.0
52535.0,43.0,1.0,25.49,109.0,0,60.0,0,0,96465.970305,83.0,1.0
52537.0,52.0,2.0,41.24,131.0,0,60.0,0,0,106549.309737,75.0,2.0
52538.0,37.0,1.0,30.92,118.0,0,60.0,0,0,63934.803279,79.0,2.0
52539.0,59.0,2.0,36.19,132.0,0,60.0,0,0,29299.509716,75.0,2.0
52541.0,51.0,1.0,33.65,112.0,0,60.0,0,0,18650.451378,88.0,2.0
52542.0,19.0,1.0,29.65,128.0,0,60.0,0,0,12677.477684,82.0,1.0
52543.0,59.0,2.0,28.67,114.0,0,60.0,0,0,96228.548493,77.0,1.0
52545.0,58.0,1.0,33.23,122.0,0,60.0,0,0,106748.822533,80.0,2.0
52547.0,80.0,1.0,22.55,19.0,1,19.0,1,1,23506.349258,77.0,2.0
52548.0,24.0,1.0,35.07,130.0,0,60.0,0,0,24730.287408,84.0,1.0
52549.0,64.0,2.0,24.6,117.0,0,60.0,0,0,8780.848777,75.0,1.0
52550.0,68.0,2.0,19.84,123.0,0,60.0,0,0,61674.007061,77.0,1.0
52552.0,29.0,2.0,35.95,123.0,0,60.0,0,0,75514.741398,77.0,1.0
52553.0,75.0,2.0,44.16,118.0,0,60.0,0,0,16467.788384,78.0,2.0
52556.0,39.0,2.0,19.41,110.0,0,60.0,0,0,57739.796005,85.0,1.0
52557.0,62.0,1.0,24.47,127.0,0,60.0,0,0,57701.152929,82.0,1.0
52560.0,52.0,2.0,32.4,113.0,0,60.0,0,0,31163.599633,83.0,2.0
52561.0,65.0,1.0,27.08,98.0,1,60.0,0,0,6660.118587,86.0,2.0
52562.0,30.0,1.0,27.43,129.0,0,60.0,0,0,30067.538555,82.0,1.0
52563.0,35.0,2.0,20.48,128.0,0,60.0,0,0,17275.845533,85.0,1.0
52565.0,51.0,1.0,31.05,119.0,0,60.0,0,0,14704.563313,75.0,1.0
52566.0,70.0,2.0,39.55,107.0,1,60.0,0,0,19444.889193,83.0,2.0
52567.0,25.0,2.0,21.81,111.0,0,60.0,0,0,19227.620116,85.0,1.0
52569.0,26.0,2.0,24.96,130.0,0,60.0,0,0,22981.892357,84.0,1.0
52570.0,32.0,1.0,28.8,131.0,0,60.0,0,0,23874.823219,84.0,1.0
52571.0,71.0,2.0,33.44,121.0,0,60.0,0,0,19819.22855,76.0,1.0
52572.0,62.0,2.0,28.39,122.0,0,60.0,0,0,6580.980293,78.0,2.0
52573.0,29.0,1.0,19.66,119.0,0,60.0,0,0,24687.532942,76.0,1.0
52575.0,49.0,1.0,42.85,128.0,0,60.0,0,0,25040.876065,82.0,2.0
52576.0,72.0,1.0,27.74,108.0,0,60.0,0,0,11790.563453,85.0,2.0
52577.0,78.0,1.0,23.46,119.0,0,60.0,0,0,33464.063035,77.0,2.0
52579.0,69.0,2.0,45.9,119.0,0,60.0,0,0,8567.6299,75.0,1.0
52581.0,59.0,1.0,31.26,117.0,0,60.0,0,0,14617.91824,77.0,2.0
52583.0,64.0,2.0,25.33,128.0,0,60.0,0,0,65138.423846,76.0,2.0
52584.0,39.0,1.0,26.14,123.0,0,60.0,0,0,56323.413154,79.0,1.0
52585.0,36.0,2.0,21.59,121.0,0,60.0,0,0,48942.925752,80.0,1.0
52586.0,64.0,2.0,28.18,113.0,0,60.0,0,0,62032.536921,77.0,1.0
52587.0,72.0,2.0,27.21,77.0,1,60.0,0,0,16124.202669,81.0,2.0
52589.0,52.0,2.0,39.9,128.0,0,60.0,0,0,10371.228792,82.0,1.0
52591.0,63.0,1.0,27.09,115.0,0,60.0,0,0,10255.228054,87.0,2.0
52592.0,54.0,1.0,33.94,116.0,0,60.0,0,0,14704.563313,77.0,2.0
52595.0,48.0,2.0,21.77,117.0,0,60.0,0,0,19234.873728,79.0,2.0
52597.0,69.0,2.0,38.22,112.0,0,60.0,0,0,4856.73745,88.0,1.0
52599.0,24.0,2.0,36.52,114.0,0,60.0,0,0,72932.63027,83.0,2.0
52602.0,64.0,2.0,29.51,127.0,0,60.0,0,0,16850.48776,82.0,2.0
52605.0,60.0,2.0,35.8,112.0,0,60.0,0,0,5642.636108,88.0,1.0
52606.0,75.0,1.0,27.79,127.0,0,60.0,0,0,13564.6031,82.0,1.0
52607.0,52.0,1.0,31.62,111.0,0,60.0,0,0,10247.317308,88.0,2.0
52608.0,60.0,2.0,30.23,78.0,1,60.0,0,0,8066.115416,82.0,2.0
52609.0,51.0,1.0,23.87,110.0,0,60.0,0,0,13442.33475,81.0,1.0
52611.0,50.0,2.0,35.5,120.0,0,60.0,0,0,17694.120385,80.0,1.0
52612.0,18.0,1.0,19.18,109.0,0,60.0,0,0,10960.639825,85.0,1.0
52614.0,25.0,2.0,24.12,124.0,0,60.0,0,0,75514.741398,77.0,1.0
52617.0,70.0,1.0,27.8,114.0,0,60.0,0,0,15548.835179,83.0,2.0
52619.0,78.0,1.0,32.57,29.0,1,29.0,1,1,10249.464781,81.0,2.0
52621.0,35.0,1.0,32.75,109.0,0,60.0,0,0,29044.352085,85.0,2.0
52623.0,18.0,2.0,,132.0,0,60.0,0,0,22067.657546,75.0,2.0
52624.0,66.0,2.0,36.75,79.0,1,60.0,0,0,20205.043843,80.0,1.0
52625.0,61.0,2.0,29.07,112.0,0,60.0,0,0,5837.209767,88.0,1.0
52626.0,64.0,2.0,31.77,110.0,0,60.0,0,0,21561.16172,83.0,1.0
52627.0,48.0,2.0,33.66,117.0,0,60.0,0,0,21594.166094,77.0,2.0
52629.0,67.0,2.0,39.67,127.0,0,60.0,0,0,17787.919439,81.0,2.0
52630.0,72.0,2.0,22.89,49.0,1,49.0,1,1,12842.615886,84.0,1.0
52631.0,44.0,2.0,25.97,33.0,1,33.0,1,1,88626.466787,83.0,1.0
52632.0,61.0,1.0,33.01,111.0,0,60.0,0,0,6223.349472,88.0,1.0
52634.0,48.0,2.0,20.72,118.0,0,60.0,0,0,70760.574889,79.0,2.0
52635.0,76.0,2.0,33.77,123.0,0,60.0,0,0,50267.827352,80.0,2.0
52636.0,20.0,1.0,20.31,127.0,0,60.0,0,0,33527.548135,82.0,2.0
52638.0,77.0,1.0,31.31,78.0,1,60.0,0,0,36212.549491,77.0,2.0
52639.0,18.0,1.0,42.04,127.0,0,60.0,0,0,62116.582345,81.0,2.0
52640.0,41.0,1.0,20.88,122.0,0,60.0,0,0,24174.776339,78.0,2.0
52642.0,42.0,1.0,26.6,111.0,0,60.0,0,0,18943.613035,88.0,2.0
52643.0,61.0,1.0,29.09,114.0,0,60.0,0,0,71577.80142,83.0,2.0
52645.0,80.0,2.0,27.38,111.0,0,60.0,0,0,7791.122094,88.0,2.0
52646.0,42.0,2.0,26.99,120.0,0,60.0,0,0,28627.468517,75.0,1.0
52647.0,43.0,1.0,29.71,116.0,0,60.0,0,0,18710.928533,86.0,2.0
52648.0,39.0,1.0,29.86,128.0,0,60.0,0,0,68055.064666,86.0,1.0
52649.0,23.0,2.0,16.91,116.0,0,60.0,0,0,32712.982621,77.0,2.0
52650.0,36.0,1.0,35.05,119.0,0,60.0,0,0,26095.769453,84.0,2.0
52652.0,71.0,2.0,40.46,115.0,0,60.0,0,0,14030.454612,87.0,1.0
52653.0,80.0,1.0,21.42,91.0,1,60.0,0,0,19593.072215,77.0,1.0
52655.0,76.0,1.0,30.86,111.0,0,60.0,0,0,41780.654377,83.0,1.0
52656.0,53.0,2.0,31.8,112.0,0,60.0,0,0,22496.539278,78.0,1.0
52657.0,23.0,2.0,32.98,128.0,0,60.0,0,0,28676.820617,82.0,1.0
52658.0,60.0,1.0,29.83,128.0,0,60.0,0,0,18245.83232,81.0,2.0
52660.0,62.0,2.0,28.07,124.0,0,60.0,0,0,5302.202469,88.0,2.0
52661.0,71.0,1.0,35.13,123.0,0,60.0,0,0,31856.098952,77.0,1.0
52662.0,66.0,2.0,35.75,88.0,1,60.0,0,0,20865.027076,83.0,2.0
52663.0,21.0,1.0,25.23,114.0,0,60.0,0,0,95603.160379,87.0,2.0
52664.0,25.0,2.0,25.03,124.0,0,60.0,0,0,57949.959812,86.0,3.0
52665.0,77.0,2.0,33.7,110.0,0,60.0,0,0,19783.345995,83.0,1.0
52671.0,61.0,1.0,27.34,132.0,0,60.0,0,0,22463.487356,75.0,2.0
52674.0,80.0,2.0,24.94,94.0,1,60.0,0,0,29466.190916,84.0,1.0
52675.0,34.0,2.0,23.27,118.0,0,60.0,0,0,56252.917386,79.0,2.0
52677.0,19.0,1.0,18.17,122.0,0,60.0,0,0,19439.369703,80.0,2.0
52678.0,36.0,2.0,35.28,123.0,0,60.0,0,0,31454.307072,75.0,1.0
52679.0,80.0,1.0,31.05,49.0,1,49.0,1,1,11112.872016,84.0,1.0
52682.0,64.0,1.0,23.94,124.0,0,60.0,0,0,6291.621749,89.0,2.0
52685.0,21.0,2.0,22.7,109.0,0,60.0,0,0,26497.284759,83.0,1.0
52686.0,36.0,1.0,31.41,128.0,0,60.0,0,0,23502.59786,86.0,1.0
52687.0,77.0,2.0,30.85,42.0,1,42.0,1,1,13372.648295,84.0,1.0
52688.0,67.0,1.0,29.16,36.0,1,36.0,1,1,6437.94773,88.0,1.0
52689.0,44.0,2.0,28.51,114.0,0,60.0,0,0,88689.181428,83.0,2.0
52690.0,58.0,2.0,35.48,108.0,0,60.0,0,0,13081.942284,85.0,2.0
52691.0,80.0,1.0,27.94,60.0,1,60.0,1,1,22970.669999,81.0,2.0
52693.0,44.0,1.0,28.3,123.0,0,60.0,0,0,15845.945448,86.0,3.0
52694.0,31.0,2.0,20.28,124.0,0,60.0,0,0,14978.26014,86.0,3.0
52695.0,56.0,1.0,28.04,124.0,0,60.0,0,0,67492.475976,86.0,3.0
52696.0,28.0,2.0,32.13,113.0,0,60.0,0,0,32155.652999,83.0,2.0
52700.0,67.0,1.0,33.66,112.0,0,60.0,0,0,59368.56666,76.0,2.0
52702.0,46.0,2.0,35.74,131.0,0,60.0,0,0,26667.863366,84.0,1.0
52703.0,38.0,2.0,23.81,117.0,0,60.0,0,0,35465.4779,77.0,2.0
52708.0,51.0,1.0,34.8,113.0,0,60.0,0,0,17639.746152,78.0,1.0
52715.0,70.0,2.0,37.77,122.0,0,60.0,0,0,12526.68817,78.0,2.0
52716.0,30.0,2.0,38.42,133.0,0,60.0,0,0,19018.998244,75.0,2.0
52717.0,63.0,2.0,27.63,114.0,0,60.0,0,0,21271.030737,83.0,2.0
52718.0,52.0,1.0,45.77,124.0,0,60.0,0,0,86660.328515,79.0,1.0
52719.0,73.0,2.0,32.42,115.0,0,60.0,0,0,40318.826695,87.0,2.0
52721.0,60.0,1.0,33.29,113.0,0,60.0,0,0,12579.260134,83.0,2.0
52722.0,29.0,2.0,26.24,123.0,0,60.0,0,0,27402.250119,77.0,1.0
52723.0,58.0,1.0,30.4,114.0,0,60.0,0,0,25115.577435,83.0,2.0
52725.0,68.0,2.0,28.12,122.0,0,60.0,0,0,82542.952894,80.0,2.0
52726.0,56.0,2.0,32.49,125.0,0,60.0,0,0,9790.237054,89.0,2.0
52727.0,35.0,2.0,30.0,126.0,0,60.0,0,0,30625.012229,82.0,2.0
52728.0,65.0,1.0,23.22,111.0,0,60.0,0,0,6162.897031,88.0,2.0
52730.0,53.0,2.0,23.6,115.0,0,60.0,0,0,84925.255206,86.0,2.0
52731.0,47.0,2.0,22.31,120.0,0,60.0,0,0,80871.348615,76.0,1.0
52733.0,42.0,1.0,45.17,130.0,0,60.0,0,0,27028.404053,75.0,2.0
52734.0,28.0,2.0,48.12,123.0,0,60.0,0,0,31937.521872,78.0,2.0
52737.0,34.0,2.0,19.51,133.0,0,60.0,0,0,64508.601789,75.0,2.0
52739.0,71.0,2.0,31.35,124.0,0,60.0,0,0,37058.064768,77.0,1.0
52740.0,19.0,1.0,24.28,130.0,0,60.0,0,0,11401.321412,84.0,1.0
52741.0,73.0,1.0,28.22,121.0,0,60.0,0,0,30233.187542,80.0,1.0
52742.0,18.0,1.0,25.22,129.0,0,60.0,0,0,51463.13122,76.0,2.0
52745.0,62.0,2.0,34.48,118.0,0,60.0,0,0,6249.638458,86.0,2.0
52746.0,26.0,1.0,44.15,112.0,0,60.0,0,0,21567.60939,88.0,1.0
52747.0,31.0,2.0,51.54,134.0,0,60.0,0,0,82513.077868,75.0,2.0
52749.0,34.0,1.0,53.47,111.0,0,60.0,0,0,23709.472842,88.0,1.0
52750.0,37.0,2.0,32.15,114.0,0,60.0,0,0,36330.97264,83.0,2.0
52751.0,67.0,2.0,19.05,39.0,1,39.0,1,1,68773.599629,77.0,2.0
52754.0,36.0,2.0,33.14,130.0,0,60.0,0,0,39602.339482,75.0,2.0
52756.0,80.0,1.0,23.95,65.0,1,60.0,0,0,21583.204964,81.0,2.0
52759.0,67.0,2.0,31.93,122.0,0,60.0,0,0,20803.887002,80.0,2.0
52761.0,53.0,1.0,34.16,129.0,0,60.0,0,0,17126.695224,84.0,1.0
52763.0,33.0,1.0,26.79,131.0,0,60.0,0,0,25022.933137,84.0,1.0
52764.0,74.0,1.0,28.26,103.0,1,60.0,0,0,9611.003247,81.0,1.0
52765.0,74.0,2.0,30.75,65.0,1,60.0,0,0,41882.429829,77.0,2.0
52766.0,52.0,1.0,21.17,123.0,0,60.0,0,0,105070.747861,78.0,2.0
52769.0,35.0,2.0,20.65,116.0,0,60.0,0,0,57830.846209,86.0,2.0
52773.0,64.0,2.0,38.92,111.0,0,60.0,0,0,66402.459548,76.0,2.0
52774.0,80.0,2.0,30.81,118.0,0,60.0,0,0,37858.227377,77.0,2.0
52775.0,51.0,2.0,28.93,127.0,0,60.0,0,0,14893.417155,82.0,2.0
52777.0,19.0,2.0,20.7,115.0,0,60.0,0,0,12562.200729,87.0,2.0
52778.0,34.0,2.0,32.86,115.0,0,60.0,0,0,20058.631527,87.0,2.0
52780.0,25.0,1.0,43.5,117.0,0,60.0,0,0,30052.28931,84.0,2.0
52782.0,38.0,2.0,28.47,118.0,0,60.0,0,0,73247.152332,79.0,2.0
52784.0,26.0,2.0,25.01,121.0,0,60.0,0,0,24353.668747,78.0,2.0
52786.0,71.0,1.0,29.3,113.0,0,60.0,0,0,10339.917726,78.0,1.0
52789.0,34.0,1.0,22.31,112.0,0,60.0,0,0,23118.384573,88.0,1.0
52793.0,80.0,2.0,34.8,22.0,1,22.0,1,1,37135.621166,77.0,2.0
52794.0,51.0,1.0,25.38,122.0,0,60.0,0,0,14518.17382,78.0,2.0
52795.0,61.0,1.0,22.03,129.0,0,60.0,0,0,15046.354,86.0,1.0
52800.0,31.0,1.0,35.57,125.0,0,60.0,0,0,18056.193274,77.0,1.0
52801.0,42.0,2.0,33.88,129.0,0,60.0,0,0,19058.362073,84.0,1.0
52803.0,20.0,2.0,20.51,119.0,0,60.0,0,0,74840.057038,76.0,1.0
52804.0,19.0,2.0,21.5,122.0,0,60.0,0,0,19232.635232,80.0,2.0
52807.0,26.0,2.0,29.54,113.0,0,60.0,0,0,34580.704351,83.0,2.0
52808.0,80.0,1.0,26.22,65.0,1,60.0,0,0,22143.775648,77.0,2.0
52810.0,33.0,2.0,30.43,122.0,0,60.0,0,0,19518.20924,77.0,1.0
52811.0,29.0,2.0,19.07,109.0,0,60.0,0,0,76583.297781,85.0,2.0
52813.0,65.0,1.0,35.03,111.0,0,60.0,0,0,54784.845182,77.0,1.0
52814.0,76.0,2.0,31.92,110.0,0,60.0,0,0,45521.282957,83.0,1.0
52815.0,67.0,1.0,30.39,128.0,0,60.0,0,0,58107.758234,81.0,2.0
52816.0,18.0,1.0,31.39,122.0,0,60.0,0,0,49687.361075,80.0,1.0
52819.0,44.0,2.0,36.38,112.0,0,60.0,0,0,15304.632085,88.0,1.0
52822.0,67.0,1.0,23.14,130.0,0,60.0,0,0,18871.986804,76.0,2.0
52823.0,41.0,2.0,33.26,122.0,0,60.0,0,0,13054.353715,80.0,1.0
52825.0,39.0,2.0,27.45,130.0,0,60.0,0,0,25879.036132,75.0,2.0
52827.0,80.0,2.0,33.89,120.0,0,60.0,0,0,12862.304861,75.0,1.0
52829.0,23.0,2.0,29.19,118.0,0,60.0,0,0,87298.411301,79.0,2.0
52832.0,30.0,2.0,30.49,131.0,0,60.0,0,0,26170.159561,75.0,2.0
52833.0,32.0,1.0,25.99,118.0,0,60.0,0,0,21439.999401,77.0,2.0
52835.0,72.0,2.0,25.92,110.0,0,60.0,0,0,9953.929233,85.0,1.0
52836.0,45.0,1.0,26.05,131.0,0,60.0,0,0,106651.302622,75.0,2.0
52837.0,36.0,2.0,19.59,117.0,0,60.0,0,0,28513.423636,86.0,2.0
52838.0,67.0,2.0,29.1,127.0,0,60.0,0,0,63755.08114,81.0,2.0
52839.0,79.0,1.0,21.21,14.0,1,14.0,1,1,35141.525644,82.0,1.0
52841.0,80.0,2.0,31.37,65.0,1,60.0,0,0,44570.646952,80.0,2.0
52842.0,77.0,2.0,33.41,60.0,1,60.0,1,1,33897.875196,85.0,1.0
52843.0,31.0,1.0,23.02,118.0,0,60.0,0,0,66657.309609,79.0,2.0
52845.0,53.0,2.0,28.15,127.0,0,60.0,0,0,26667.804614,82.0,1.0
52846.0,47.0,1.0,27.89,116.0,0,60.0,0,0,15348.401484,89.0,1.0
52847.0,80.0,2.0,35.24,63.0,1,60.0,0,0,37798.206757,76.0,2.0
52848.0,73.0,1.0,32.29,125.0,0,60.0,0,0,9246.720042,86.0,3.0
52849.0,50.0,2.0,33.21,130.0,0,60.0,0,0,98244.250886,76.0,2.0
52852.0,46.0,1.0,56.43,129.0,0,60.0,0,0,24024.876747,86.0,1.0
52853.0,70.0,2.0,30.3,114.0,0,60.0,0,0,10283.785318,85.0,1.0
52855.0,19.0,2.0,25.15,129.0,0,60.0,0,0,40933.232554,84.0,1.0
52856.0,80.0,2.0,30.01,130.0,0,60.0,0,0,36300.05365,76.0,2.0
52857.0,40.0,1.0,27.68,124.0,0,60.0,0,0,81895.402401,77.0,1.0
52858.0,70.0,2.0,31.16,118.0,0,60.0,0,0,44645.637846,79.0,2.0
52862.0,39.0,2.0,23.37,113.0,0,60.0,0,0,16970.382364,78.0,1.0
52864.0,55.0,1.0,30.41,120.0,0,60.0,0,0,105070.747861,78.0,2.0
52865.0,68.0,1.0,19.49,113.0,0,60.0,0,0,61941.173422,87.0,2.0
52866.0,75.0,1.0,21.12,88.0,1,60.0,0,0,9675.275109,75.0,2.0
52869.0,49.0,1.0,39.19,130.0,0,60.0,0,0,21586.798802,84.0,1.0
52870.0,26.0,2.0,30.24,132.0,0,60.0,0,0,35525.659588,75.0,2.0
52871.0,79.0,2.0,,128.0,0,60.0,0,0,11242.993005,82.0,1.0
52874.0,50.0,1.0,26.36,123.0,0,60.0,0,0,13442.33475,75.0,1.0
52878.0,51.0,2.0,26.79,116.0,0,60.0,0,0,21047.773035,86.0,2.0
52881.0,69.0,1.0,29.11,116.0,0,60.0,0,0,6660.118587,86.0,2.0
52882.0,68.0,1.0,28.59,81.0,1,60.0,0,0,23622.664277,80.0,2.0
52883.0,73.0,1.0,24.05,76.0,1,60.0,0,0,11548.958359,84.0,1.0
52884.0,44.0,2.0,31.21,114.0,0,60.0,0,0,35459.954056,83.0,2.0
52886.0,48.0,2.0,29.91,118.0,0,60.0,0,0,85417.857252,77.0,2.0
52893.0,48.0,1.0,32.37,118.0,0,60.0,0,0,28031.224271,77.0,2.0
52894.0,43.0,2.0,52.03,130.0,0,60.0,0,0,30453.858214,86.0,1.0
52895.0,50.0,2.0,28.61,129.0,0,60.0,0,0,23649.212232,76.0,2.0
52898.0,22.0,1.0,25.22,124.0,0,60.0,0,0,30633.209585,79.0,1.0
52899.0,19.0,1.0,24.92,119.0,0,60.0,0,0,12396.494922,84.0,2.0
52902.0,61.0,2.0,34.19,123.0,0,60.0,0,0,5184.204509,86.0,3.0
52903.0,51.0,1.0,26.27,27.0,1,27.0,1,1,21044.354447,79.0,1.0
52905.0,64.0,1.0,27.06,126.0,0,60.0,0,0,6230.506123,89.0,2.0
52907.0,40.0,2.0,52.58,124.0,0,60.0,0,0,12009.770903,86.0,3.0
52909.0,71.0,1.0,38.73,51.0,1,51.0,1,1,26494.381946,86.0,3.0
52912.0,35.0,2.0,29.22,131.0,0,60.0,0,0,19518.20924,75.0,2.0
52915.0,27.0,2.0,25.53,117.0,0,60.0,0,0,68816.224244,85.0,1.0
52917.0,36.0,2.0,25.56,128.0,0,60.0,0,0,16993.360219,83.0,2.0
52919.0,80.0,2.0,24.14,110.0,0,60.0,0,0,44362.159548,83.0,1.0
52924.0,40.0,2.0,22.35,119.0,0,60.0,0,0,30306.556418,79.0,2.0
52927.0,35.0,2.0,29.14,108.0,0,60.0,0,0,22987.966492,81.0,1.0
52928.0,20.0,2.0,32.17,109.0,0,60.0,0,0,22173.735984,81.0,1.0
52929.0,80.0,1.0,,35.0,1,35.0,1,1,12618.311819,81.0,2.0
52930.0,18.0,2.0,20.22,129.0,0,60.0,0,0,66129.504705,76.0,2.0
52931.0,70.0,1.0,34.25,130.0,0,60.0,0,0,35466.889558,76.0,2.0
52932.0,34.0,2.0,27.58,118.0,0,60.0,0,0,28232.49081,84.0,2.0
52935.0,72.0,2.0,25.73,125.0,0,60.0,0,0,37058.064768,77.0,1.0
52936.0,73.0,2.0,37.99,129.0,0,60.0,0,0,41020.020243,76.0,2.0
52940.0,32.0,1.0,23.31,115.0,0,60.0,0,0,26124.464459,86.0,2.0
52941.0,20.0,1.0,19.8,133.0,0,60.0,0,0,30293.803293,75.0,2.0
52942.0,68.0,1.0,31.83,119.0,0,60.0,0,0,13347.951938,79.0,2.0
52948.0,36.0,1.0,32.53,120.0,0,60.0,0,0,74973.86313,76.0,1.0
52949.0,41.0,1.0,37.22,116.0,0,60.0,0,0,18637.276899,87.0,2.0
52952.0,58.0,1.0,36.61,127.0,0,60.0,0,0,12490.513579,82.0,2.0
52953.0,28.0,1.0,33.69,133.0,0,60.0,0,0,94304.955611,75.0,2.0
52956.0,23.0,1.0,21.61,130.0,0,60.0,0,0,92725.3926,86.0,1.0
52959.0,28.0,2.0,22.37,128.0,0,60.0,0,0,29591.943098,82.0,1.0
52960.0,44.0,2.0,38.84,118.0,0,60.0,0,0,85035.046516,77.0,2.0
52961.0,73.0,2.0,30.71,119.0,0,60.0,0,0,44645.637846,79.0,2.0
52962.0,27.0,1.0,28.37,117.0,0,60.0,0,0,108759.149581,77.0,2.0
52964.0,80.0,2.0,20.68,119.0,0,60.0,0,0,37858.227377,77.0,2.0
52965.0,36.0,2.0,21.09,117.0,0,60.0,0,0,72906.586048,77.0,2.0
52967.0,61.0,1.0,18.82,80.0,1,60.0,0,0,16166.921417,89.0,1.0
52968.0,24.0,1.0,26.08,118.0,0,60.0,0,0,39524.740763,75.0,1.0
52971.0,80.0,1.0,27.0,80.0,1,60.0,0,0,23869.078617,81.0,1.0
52975.0,37.0,1.0,21.96,114.0,0,60.0,0,0,15927.667811,78.0,1.0
52976.0,67.0,1.0,31.54,118.0,0,60.0,0,0,7269.265283,87.0,2.0
52977.0,80.0,2.0,23.6,9.0,1,9.0,1,1,36195.531232,85.0,2.0
52979.0,42.0,1.0,25.41,110.0,0,60.0,0,0,72486.78935,85.0,1.0
52980.0,38.0,1.0,30.9,121.0,0,60.0,0,0,78224.972418,76.0,1.0
52988.0,29.0,2.0,25.21,121.0,0,60.0,0,0,24979.883793,78.0,2.0
52989.0,52.0,2.0,18.08,127.0,0,60.0,0,0,114618.629798,82.0,2.0
52992.0,31.0,2.0,19.4,112.0,0,60.0,0,0,58127.57446,88.0,2.0
52995.0,20.0,1.0,22.59,128.0,0,60.0,0,0,26171.958998,76.0,2.0
52996.0,26.0,1.0,30.89,133.0,0,60.0,0,0,96231.37019,75.0,2.0
52999.0,29.0,2.0,34.26,110.0,0,60.0,0,0,72881.057533,83.0,1.0
53000.0,53.0,1.0,33.04,115.0,0,60.0,0,0,14984.141601,87.0,1.0
53003.0,49.0,2.0,25.15,108.0,0,60.0,0,0,18719.903516,85.0,2.0
53004.0,46.0,1.0,24.98,127.0,0,60.0,0,0,29542.293604,82.0,2.0
53005.0,46.0,1.0,31.59,127.0,0,60.0,0,0,25345.948319,82.0,2.0
53006.0,68.0,1.0,29.09,114.0,0,60.0,0,0,8776.31423,83.0,2.0
53007.0,19.0,2.0,15.95,131.0,0,60.0,0,0,11599.021767,78.0,1.0
53008.0,80.0,2.0,28.04,68.0,1,60.0,0,0,32845.73253,80.0,1.0
53009.0,73.0,2.0,22.2,119.0,0,60.0,0,0,41882.429829,76.0,1.0
53010.0,51.0,1.0,21.24,128.0,0,60.0,0,0,20506.179986,82.0,1.0
53011.0,80.0,1.0,22.35,109.0,0,60.0,0,0,20587.623793,85.0,1.0
53012.0,65.0,2.0,25.88,123.0,0,60.0,0,0,69887.73768,79.0,1.0
53018.0,21.0,1.0,28.6,121.0,0,60.0,0,0,23541.357885,75.0,1.0
53019.0,44.0,2.0,24.13,118.0,0,60.0,0,0,17361.209897,86.0,2.0
53020.0,35.0,1.0,26.86,121.0,0,60.0,0,0,20095.755428,80.0,1.0
53021.0,18.0,1.0,30.18,116.0,0,60.0,0,0,11858.489004,89.0,1.0
53025.0,65.0,1.0,24.86,108.0,1,60.0,0,0,6250.708337,77.0,1.0
53027.0,55.0,2.0,30.78,110.0,0,60.0,0,0,113349.223878,83.0,1.0
53028.0,48.0,2.0,36.73,118.0,0,60.0,0,0,18598.939847,76.0,1.0
53032.0,23.0,2.0,25.4,112.0,0,60.0,0,0,16323.68729,88.0,1.0
53035.0,77.0,1.0,28.42,117.0,0,60.0,0,0,10217.101518,77.0,2.0
53038.0,66.0,1.0,26.19,123.0,0,60.0,0,0,62997.695381,78.0,2.0
53040.0,46.0,1.0,39.96,130.0,0,60.0,0,0,21161.833828,76.0,2.0
53041.0,60.0,2.0,37.53,110.0,0,60.0,0,0,5250.697876,88.0,1.0
53042.0,56.0,2.0,39.36,128.0,0,60.0,0,0,22320.066258,86.0,1.0
53043.0,78.0,1.0,42.69,55.0,1,55.0,1,1,34298.457694,76.0,2.0
53044.0,53.0,2.0,21.95,118.0,0,60.0,0,0,107546.131922,77.0,2.0
53045.0,42.0,1.0,24.56,124.0,0,60.0,0,0,15643.490933,86.0,3.0
53046.0,22.0,2.0,30.07,109.0,0,60.0,0,0,16256.678059,81.0,1.0
53048.0,45.0,2.0,,120.0,0,60.0,0,0,19395.639314,76.0,1.0
53051.0,59.0,2.0,32.35,128.0,0,60.0,0,0,106104.605651,81.0,2.0
53053.0,74.0,1.0,28.38,42.0,1,42.0,1,1,41267.643323,87.0,1.0
53054.0,66.0,1.0,25.98,130.0,0,60.0,0,0,9131.507529,84.0,1.0
53055.0,41.0,1.0,39.87,27.0,1,27.0,1,1,26396.247913,87.0,2.0
53058.0,69.0,1.0,26.71,117.0,0,60.0,0,0,60762.062662,87.0,2.0
53063.0,20.0,2.0,25.89,110.0,0,60.0,0,0,24254.122623,85.0,1.0
53065.0,21.0,2.0,20.28,119.0,0,60.0,0,0,30503.150896,75.0,1.0
53066.0,28.0,2.0,18.91,130.0,0,60.0,0,0,64333.961123,84.0,1.0
53068.0,55.0,2.0,25.46,118.0,0,60.0,0,0,108048.508847,79.0,2.0
53072.0,22.0,2.0,38.13,132.0,0,60.0,0,0,72273.30646,75.0,2.0
53075.0,72.0,2.0,37.34,118.0,0,60.0,0,0,47217.380729,79.0,2.0
53077.0,21.0,1.0,33.9,124.0,0,60.0,0,0,23857.642792,86.0,3.0
53078.0,33.0,1.0,25.85,113.0,0,60.0,0,0,60193.00099,78.0,1.0
53079.0,31.0,2.0,21.59,119.0,0,60.0,0,0,28789.114826,84.0,2.0
53084.0,80.0,2.0,24.06,77.0,1,60.0,0,0,13372.648295,84.0,1.0
53085.0,44.0,2.0,40.68,129.0,0,60.0,0,0,73812.908056,86.0,1.0
53086.0,33.0,2.0,30.3,123.0,0,60.0,0,0,25758.8122,78.0,2.0
53087.0,32.0,1.0,28.12,125.0,0,60.0,0,0,35121.28555,82.0,2.0
53089.0,25.0,1.0,18.86,127.0,0,60.0,0,0,35267.282906,82.0,2.0
53092.0,53.0,2.0,28.82,131.0,0,60.0,0,0,35053.704179,75.0,2.0
53093.0,63.0,2.0,44.96,132.0,0,60.0,0,0,26579.552654,75.0,2.0
53094.0,22.0,1.0,23.46,130.0,0,60.0,0,0,20240.079151,84.0,1.0
53095.0,52.0,2.0,33.52,125.0,0,60.0,0,0,22498.50756,77.0,1.0
53096.0,56.0,2.0,43.5,120.0,0,60.0,0,0,18999.168205,75.0,1.0
53098.0,73.0,2.0,37.59,118.0,0,60.0,0,0,38703.606665,76.0,1.0
53100.0,57.0,2.0,23.94,119.0,0,60.0,0,0,92628.908642,76.0,1.0
53101.0,78.0,1.0,,15.0,1,15.0,1,1,11548.958359,84.0,1.0
53102.0,75.0,1.0,35.71,37.0,1,37.0,1,1,40482.073409,87.0,1.0
53103.0,66.0,1.0,32.14,119.0,0,60.0,0,0,71422.848504,79.0,2.0
53104.0,47.0,2.0,37.06,111.0,0,60.0,0,0,88626.466787,83.0,1.0
53106.0,33.0,2.0,28.5,119.0,0,60.0,0,0,62125.389482,79.0,2.0
53109.0,27.0,2.0,22.59,109.0,0,60.0,0,0,91581.154358,83.0,1.0
53110.0,55.0,2.0,23.34,111.0,0,60.0,0,0,20502.782804,85.0,1.0
53112.0,42.0,2.0,26.5,111.0,0,60.0,0,0,12812.019149,88.0,2.0
53114.0,66.0,1.0,26.97,113.0,0,60.0,0,0,6974.064996,88.0,1.0
53115.0,23.0,1.0,24.03,118.0,0,60.0,0,0,27400.053014,76.0,1.0
53116.0,63.0,1.0,28.67,130.0,0,60.0,0,0,8990.493906,84.0,1.0
53117.0,36.0,2.0,16.62,118.0,0,60.0,0,0,57761.756191,76.0,1.0
53118.0,22.0,1.0,20.74,124.0,0,60.0,0,0,23751.890924,86.0,3.0
53121.0,64.0,1.0,25.96,122.0,0,60.0,0,0,11505.828824,78.0,2.0
53124.0,52.0,1.0,52.65,130.0,0,60.0,0,0,91691.331738,76.0,2.0
53125.0,53.0,2.0,27.17,111.0,0,60.0,0,0,9637.428563,88.0,1.0
53127.0,39.0,1.0,32.65,122.0,0,60.0,0,0,44803.365457,75.0,1.0
53128.0,19.0,1.0,38.8,117.0,0,60.0,0,0,17420.206127,75.0,1.0
53130.0,43.0,1.0,28.38,123.0,0,60.0,0,0,81503.299626,77.0,1.0
53131.0,39.0,1.0,19.9,118.0,0,60.0,0,0,26682.605877,84.0,2.0
53132.0,59.0,2.0,24.22,115.0,0,60.0,0,0,15836.888867,89.0,1.0
53134.0,36.0,2.0,32.11,115.0,0,60.0,0,0,14928.481063,89.0,1.0
53135.0,26.0,2.0,22.66,107.0,0,60.0,0,0,79360.460557,81.0,1.0
53139.0,65.0,2.0,38.37,113.0,0,60.0,0,0,20038.030035,83.0,2.0
53142.0,80.0,2.0,30.34,54.0,1,54.0,1,1,10783.064814,85.0,1.0
53143.0,53.0,1.0,26.04,127.0,0,60.0,0,0,101884.043891,81.0,2.0
53144.0,26.0,1.0,23.32,119.0,0,60.0,0,0,27862.40114,84.0,2.0
53146.0,30.0,1.0,25.15,122.0,0,60.0,0,0,33906.530295,78.0,2.0
53151.0,43.0,1.0,27.69,126.0,0,60.0,0,0,91316.255685,81.0,2.0
53153.0,27.0,1.0,30.29,122.0,0,60.0,0,0,112424.810152,80.0,2.0
53154.0,55.0,1.0,22.57,117.0,0,60.0,0,0,23507.997605,77.0,2.0
53155.0,23.0,2.0,22.07,125.0,0,60.0,0,0,48686.12139,86.0,3.0
53159.0,32.0,1.0,18.73,127.0,0,60.0,0,0,32058.506552,81.0,2.0
53160.0,36.0,2.0,27.56,122.0,0,60.0,0,0,21261.810413,80.0,2.0
53161.0,49.0,2.0,26.32,132.0,0,60.0,0,0,24882.496233,75.0,2.0
53163.0,28.0,2.0,21.81,117.0,0,60.0,0,0,26872.372162,84.0,2.0
53165.0,51.0,2.0,34.2,64.0,1,60.0,0,0,25475.990844,83.0,1.0
53166.0,20.0,2.0,23.43,117.0,0,60.0,0,0,23935.874806,77.0,2.0
53168.0,80.0,2.0,29.67,50.0,1,50.0,1,1,26319.981236,86.0,1.0
53169.0,73.0,1.0,24.04,42.0,1,42.0,1,1,32338.062285,76.0,1.0
53171.0,65.0,2.0,29.85,120.0,0,60.0,0,0,18721.249999,78.0,2.0
53174.0,34.0,2.0,24.96,112.0,0,60.0,0,0,16923.101128,88.0,2.0
53175.0,42.0,2.0,18.92,123.0,0,60.0,0,0,52207.814643,80.0,1.0
53176.0,68.0,2.0,23.98,118.0,0,60.0,0,0,23202.269581,77.0,2.0
53177.0,55.0,1.0,36.38,113.0,0,60.0,0,0,25115.577435,83.0,2.0
53178.0,80.0,1.0,29.51,42.0,1,42.0,1,1,18467.27674,89.0,2.0
53180.0,50.0,2.0,38.06,120.0,0,60.0,0,0,23487.663561,76.0,1.0
53181.0,37.0,2.0,30.97,123.0,0,60.0,0,0,54729.408706,79.0,1.0
53182.0,62.0,1.0,26.31,117.0,0,60.0,0,0,55670.350052,86.0,2.0
53184.0,66.0,2.0,27.12,113.0,0,60.0,0,0,16494.909549,88.0,2.0
53186.0,80.0,1.0,25.47,42.0,1,42.0,1,1,22970.669999,81.0,2.0
53188.0,71.0,2.0,36.88,108.0,0,60.0,0,0,11967.214768,81.0,1.0
53189.0,68.0,2.0,32.24,115.0,0,60.0,0,0,8035.433226,83.0,2.0
53190.0,47.0,2.0,24.14,130.0,0,60.0,0,0,17465.899798,86.0,1.0
53191.0,59.0,1.0,28.23,123.0,0,60.0,0,0,91372.94023,77.0,1.0
53193.0,77.0,2.0,29.29,124.0,1,60.0,0,0,9284.095508,78.0,1.0
53195.0,80.0,1.0,31.16,38.0,1,38.0,1,1,22263.870865,76.0,2.0
53197.0,24.0,1.0,27.16,109.0,0,60.0,0,0,21408.40282,85.0,2.0
53198.0,53.0,2.0,41.4,118.0,0,60.0,0,0,23748.745332,84.0,2.0
53199.0,54.0,1.0,28.85,112.0,0,60.0,0,0,11723.777579,88.0,2.0
53201.0,44.0,2.0,52.86,120.0,0,60.0,0,0,21284.906566,75.0,1.0
53202.0,34.0,1.0,32.61,119.0,0,60.0,0,0,41403.555697,75.0,1.0
53205.0,18.0,1.0,22.0,114.0,0,60.0,0,0,44339.189663,86.0,2.0
53206.0,68.0,2.0,31.04,105.0,1,60.0,0,0,65138.423846,77.0,1.0
53207.0,80.0,2.0,25.1,55.0,1,55.0,1,1,36899.844634,85.0,2.0
53210.0,30.0,2.0,22.99,131.0,0,60.0,0,0,52428.198972,84.0,1.0
53211.0,45.0,1.0,34.34,110.0,0,60.0,0,0,29520.027261,81.0,1.0
53215.0,55.0,2.0,25.79,110.0,0,60.0,0,0,77376.076869,88.0,2.0
53216.0,22.0,2.0,25.94,110.0,0,60.0,0,0,26437.040464,85.0,1.0
53217.0,47.0,2.0,28.72,118.0,0,60.0,0,0,26455.132893,75.0,1.0
53219.0,80.0,1.0,24.18,95.0,1,60.0,0,0,22213.917346,81.0,2.0
53220.0,66.0,2.0,28.19,122.0,0,60.0,0,0,6369.893001,78.0,2.0
53221.0,39.0,1.0,30.4,122.0,0,60.0,0,0,69214.37238,77.0,1.0
53222.0,63.0,2.0,36.82,124.0,0,60.0,0,0,7525.781928,77.0,1.0
53223.0,67.0,2.0,30.27,122.0,0,60.0,0,0,22084.013204,80.0,2.0
53226.0,72.0,1.0,23.23,89.0,1,60.0,0,0,40163.995976,80.0,2.0
53227.0,51.0,1.0,30.43,116.0,0,60.0,0,0,9304.056149,89.0,1.0
53228.0,39.0,1.0,28.8,123.0,0,60.0,0,0,23791.14885,79.0,1.0
53229.0,21.0,2.0,25.56,115.0,0,60.0,0,0,18513.722364,78.0,1.0
53234.0,53.0,2.0,24.54,110.0,0,60.0,0,0,11351.89691,85.0,1.0
53236.0,60.0,1.0,27.71,131.0,0,60.0,0,0,12660.83781,75.0,2.0
53237.0,74.0,1.0,39.21,130.0,0,60.0,0,0,33645.553037,76.0,2.0
53238.0,40.0,2.0,38.38,116.0,0,60.0,0,0,17361.209897,86.0,2.0
53239.0,66.0,2.0,29.85,115.0,0,60.0,0,0,79894.934078,87.0,1.0
53241.0,60.0,1.0,24.17,117.0,0,60.0,0,0,9775.236398,84.0,2.0
53242.0,57.0,1.0,27.92,110.0,0,60.0,0,0,77604.592842,83.0,1.0
53243.0,43.0,2.0,36.85,127.0,0,60.0,0,0,20120.872457,81.0,2.0
53247.0,44.0,2.0,28.32,122.0,0,60.0,0,0,75240.005755,77.0,1.0
53249.0,33.0,2.0,37.43,122.0,0,60.0,0,0,16169.588736,80.0,1.0
53251.0,72.0,1.0,27.78,22.0,1,22.0,1,1,9134.933197,84.0,1.0
53253.0,70.0,2.0,24.86,130.0,0,60.0,0,0,38913.512966,76.0,2.0
53254.0,29.0,1.0,39.07,117.0,0,60.0,0,0,21185.405442,85.0,1.0
53255.0,30.0,2.0,33.54,111.0,0,60.0,0,0,18108.840553,88.0,1.0
53258.0,23.0,1.0,22.64,121.0,0,60.0,0,0,34328.855514,78.0,2.0
53259.0,57.0,2.0,27.08,108.0,0,60.0,0,0,13556.336626,81.0,1.0
53260.0,24.0,1.0,25.65,119.0,0,60.0,0,0,108051.677139,79.0,2.0
53261.0,80.0,1.0,27.9,77.0,1,60.0,0,0,23469.082177,76.0,2.0
53262.0,80.0,1.0,21.91,23.0,1,23.0,1,1,11093.388782,85.0,1.0
53264.0,35.0,2.0,40.32,130.0,0,60.0,0,0,21275.206694,84.0,1.0
53265.0,38.0,2.0,31.78,117.0,0,60.0,0,0,27359.409007,84.0,2.0
53266.0,45.0,1.0,28.1,123.0,0,60.0,0,0,15845.945448,86.0,3.0
53268.0,71.0,2.0,48.2,115.0,0,60.0,0,0,46820.442712,87.0,1.0
53269.0,67.0,1.0,39.3,127.0,0,60.0,0,0,8401.91118,82.0,2.0
53270.0,18.0,1.0,21.67,114.0,0,60.0,0,0,19123.180836,83.0,2.0
53272.0,58.0,2.0,32.85,101.0,1,60.0,0,0,18008.917501,75.0,1.0
53273.0,56.0,1.0,27.43,116.0,0,60.0,0,0,8208.877021,89.0,1.0
53274.0,21.0,2.0,40.81,108.0,0,60.0,0,0,21397.781891,85.0,2.0
53276.0,60.0,2.0,37.57,19.0,1,19.0,1,1,62607.097144,76.0,1.0
53278.0,62.0,2.0,29.33,108.0,0,60.0,0,0,6774.929441,85.0,2.0
53279.0,24.0,1.0,20.3,122.0,0,60.0,0,0,37734.210216,80.0,2.0
53282.0,65.0,1.0,40.12,131.0,0,60.0,0,0,8990.493906,84.0,1.0
53285.0,22.0,1.0,22.4,118.0,0,60.0,0,0,22006.750739,84.0,2.0
53286.0,67.0,2.0,21.5,118.0,0,60.0,0,0,6468.081751,77.0,2.0
53287.0,44.0,2.0,21.29,115.0,0,60.0,0,0,28717.920831,86.0,2.0
53288.0,79.0,2.0,30.19,131.0,0,60.0,0,0,20875.261565,76.0,2.0
53289.0,71.0,1.0,30.79,90.0,1,60.0,0,0,41862.762523,83.0,2.0
53291.0,52.0,2.0,29.55,121.0,0,60.0,0,0,100459.275616,76.0,1.0
53293.0,23.0,2.0,25.92,118.0,0,60.0,0,0,87298.411301,79.0,2.0
53294.0,74.0,1.0,25.21,109.0,0,60.0,0,0,10532.096527,85.0,2.0
53295.0,24.0,2.0,31.94,111.0,0,60.0,0,0,19910.680343,85.0,1.0
53296.0,18.0,2.0,19.36,122.0,0,60.0,0,0,22294.30989,80.0,2.0
53301.0,74.0,1.0,23.54,21.0,1,21.0,1,1,16158.995601,83.0,2.0
53302.0,51.0,1.0,37.36,129.0,0,60.0,0,0,101172.924903,76.0,2.0
53304.0,23.0,2.0,24.12,122.0,0,60.0,0,0,22599.275243,80.0,1.0
53305.0,31.0,1.0,25.79,126.0,0,60.0,0,0,13638.075008,89.0,2.0
53306.0,41.0,2.0,33.28,119.0,0,60.0,0,0,21284.906566,75.0,1.0
53308.0,80.0,2.0,28.07,130.0,0,60.0,0,0,29466.190916,84.0,1.0
53312.0,20.0,2.0,23.52,120.0,0,60.0,0,0,18168.002572,75.0,1.0
53316.0,52.0,2.0,41.75,110.0,0,60.0,0,0,26501.370023,83.0,1.0
53317.0,77.0,2.0,23.3,120.0,0,60.0,0,0,34966.865728,80.0,1.0
53318.0,26.0,2.0,47.11,114.0,0,60.0,0,0,91905.574599,82.0,2.0
53319.0,30.0,2.0,24.45,118.0,0,60.0,0,0,54009.255077,79.0,2.0
53321.0,23.0,2.0,28.53,113.0,0,60.0,0,0,16323.68729,88.0,1.0
53322.0,32.0,1.0,24.91,117.0,0,60.0,0,0,79822.913123,77.0,2.0
53325.0,37.0,1.0,36.26,111.0,0,60.0,0,0,21268.693396,83.0,1.0
53327.0,27.0,1.0,26.52,123.0,0,60.0,0,0,31409.390635,78.0,2.0
53328.0,53.0,1.0,23.35,131.0,0,60.0,0,0,27004.324803,75.0,2.0
53329.0,25.0,1.0,23.58,121.0,0,60.0,0,0,32367.916173,78.0,2.0
53330.0,80.0,1.0,36.15,90.0,1,60.0,0,0,12618.311819,81.0,2.0
53333.0,25.0,1.0,20.64,116.0,0,60.0,0,0,95603.160379,87.0,2.0
53334.0,48.0,2.0,31.21,129.0,0,60.0,0,0,17387.624199,86.0,1.0
53336.0,27.0,2.0,21.47,129.0,0,60.0,0,0,21522.176098,82.0,1.0
53338.0,54.0,2.0,31.88,130.0,0,60.0,0,0,21166.764065,84.0,1.0
53341.0,60.0,1.0,29.66,122.0,0,60.0,0,0,6461.229075,80.0,1.0
53342.0,52.0,1.0,36.99,122.0,0,60.0,0,0,68602.600632,80.0,1.0
53345.0,23.0,2.0,28.94,114.0,0,60.0,0,0,26346.664667,83.0,2.0
53346.0,46.0,2.0,19.78,117.0,0,60.0,0,0,86576.383051,77.0,2.0
53351.0,27.0,2.0,25.69,123.0,0,60.0,0,0,76905.601257,79.0,1.0
53352.0,56.0,1.0,26.41,38.0,1,38.0,1,1,24300.320276,80.0,2.0
53353.0,74.0,1.0,35.29,37.0,1,37.0,1,1,36844.629325,78.0,2.0
53354.0,25.0,1.0,23.85,15.0,1,15.0,1,1,27915.907918,87.0,2.0
53355.0,18.0,2.0,32.2,112.0,0,60.0,0,0,11282.195358,88.0,2.0
53356.0,57.0,2.0,50.94,113.0,0,60.0,0,0,10257.596301,88.0,1.0
53357.0,55.0,2.0,27.04,113.0,0,60.0,0,0,88661.041635,83.0,2.0
53358.0,44.0,2.0,28.16,115.0,0,60.0,0,0,21594.166094,77.0,2.0
53359.0,46.0,1.0,29.1,126.0,0,60.0,0,0,55095.024199,89.0,2.0
53360.0,45.0,1.0,27.56,113.0,0,60.0,0,0,17811.446656,78.0,1.0
53361.0,61.0,2.0,25.09,112.0,0,60.0,0,0,5642.636108,88.0,1.0
53362.0,80.0,1.0,33.3,130.0,0,60.0,0,0,22847.348817,86.0,1.0
53363.0,19.0,1.0,25.32,127.0,0,60.0,0,0,10273.605634,89.0,2.0
53366.0,41.0,1.0,22.3,116.0,0,60.0,0,0,67328.829565,89.0,1.0
53369.0,39.0,2.0,24.41,127.0,0,60.0,0,0,71929.361138,81.0,2.0
53371.0,68.0,1.0,18.41,130.0,0,60.0,0,0,60129.70213,76.0,2.0
53372.0,61.0,1.0,44.92,118.0,0,60.0,0,0,13044.589394,79.0,2.0
53373.0,77.0,2.0,22.51,127.0,0,60.0,0,0,38087.107887,81.0,2.0
53375.0,37.0,2.0,30.38,119.0,0,60.0,0,0,72906.586048,76.0,1.0
53377.0,68.0,2.0,25.13,113.0,1,60.0,0,0,62607.097144,76.0,1.0
53379.0,80.0,1.0,25.18,124.0,0,60.0,0,0,16515.559237,86.0,3.0
53381.0,59.0,1.0,23.32,124.0,0,60.0,0,0,21458.369625,79.0,1.0
53382.0,72.0,1.0,28.5,90.0,1,60.0,0,0,30233.187542,81.0,2.0
53383.0,36.0,2.0,20.34,130.0,0,60.0,0,0,19297.330507,84.0,1.0
53385.0,77.0,1.0,31.44,115.0,0,60.0,0,0,41065.863933,83.0,2.0
53386.0,25.0,1.0,19.74,113.0,0,60.0,0,0,78635.831365,78.0,1.0
53389.0,47.0,1.0,29.03,123.0,0,60.0,0,0,27028.404053,77.0,1.0
53395.0,40.0,2.0,20.46,131.0,0,60.0,0,0,99760.116491,75.0,2.0
53396.0,43.0,1.0,26.56,131.0,0,60.0,0,0,106651.302622,75.0,2.0
53397.0,43.0,2.0,24.1,122.0,0,60.0,0,0,26699.211227,80.0,1.0
53400.0,25.0,1.0,21.85,124.0,0,60.0,0,0,59487.588563,86.0,3.0
53402.0,28.0,2.0,23.82,121.0,0,60.0,0,0,51465.589237,80.0,1.0
53404.0,54.0,1.0,28.79,111.0,0,60.0,0,0,80686.340356,88.0,2.0
53406.0,19.0,2.0,34.2,124.0,0,60.0,0,0,9547.384296,86.0,3.0
53407.0,21.0,1.0,26.17,116.0,0,60.0,0,0,32417.490155,87.0,1.0
53408.0,79.0,1.0,25.02,49.0,1,49.0,1,1,10411.441994,88.0,1.0
53409.0,19.0,2.0,25.67,130.0,0,60.0,0,0,15137.186515,84.0,1.0
53411.0,53.0,2.0,26.71,122.0,0,60.0,0,0,26284.468736,80.0,2.0
53412.0,27.0,2.0,21.93,124.0,0,60.0,0,0,30127.221725,79.0,1.0
53413.0,23.0,1.0,30.44,109.0,0,60.0,0,0,85323.832026,85.0,1.0
53415.0,80.0,1.0,27.21,54.0,1,54.0,1,1,20749.464512,89.0,1.0
53416.0,23.0,2.0,21.82,108.0,0,60.0,0,0,22173.735984,81.0,1.0
53418.0,39.0,1.0,41.49,118.0,0,60.0,0,0,61498.830035,76.0,1.0
53419.0,28.0,2.0,30.15,112.0,0,60.0,0,0,17467.427992,88.0,2.0
53420.0,62.0,2.0,30.0,115.0,0,60.0,0,0,13070.875072,78.0,1.0
53425.0,70.0,2.0,26.05,117.0,0,60.0,0,0,40318.826695,87.0,2.0
53427.0,53.0,1.0,27.12,123.0,0,60.0,0,0,82587.952309,79.0,1.0
53428.0,80.0,1.0,27.54,118.0,1,60.0,0,0,26044.422313,83.0,1.0
53430.0,18.0,1.0,26.16,124.0,0,60.0,0,0,25994.373542,77.0,1.0
53431.0,19.0,1.0,33.54,123.0,0,60.0,0,0,13311.914934,80.0,1.0
53434.0,42.0,1.0,25.36,115.0,0,60.0,0,0,94316.655377,87.0,1.0
53436.0,70.0,2.0,33.26,131.0,0,60.0,0,0,38913.512966,76.0,2.0
53437.0,19.0,2.0,25.37,111.0,0,60.0,0,0,12355.350506,88.0,1.0
53438.0,59.0,2.0,31.18,51.0,1,51.0,1,1,108209.282855,83.0,2.0
53439.0,46.0,1.0,24.42,122.0,0,60.0,0,0,96263.187675,78.0,2.0
53441.0,18.0,2.0,29.78,113.0,0,60.0,0,0,13400.022883,88.0,2.0
53443.0,51.0,1.0,34.11,130.0,0,60.0,0,0,17126.695224,84.0,1.0
53444.0,75.0,2.0,21.07,89.0,1,60.0,0,0,15553.107018,80.0,2.0
53446.0,24.0,1.0,35.34,116.0,0,60.0,0,0,25576.622941,86.0,2.0
53447.0,25.0,1.0,20.92,113.0,0,60.0,0,0,82013.288444,78.0,1.0
53450.0,37.0,1.0,31.2,128.0,0,60.0,0,0,17722.563469,82.0,1.0
53453.0,33.0,2.0,22.67,118.0,0,60.0,0,0,34219.951101,75.0,1.0
53454.0,21.0,2.0,24.14,126.0,0,60.0,0,0,25926.341605,82.0,2.0
53455.0,25.0,2.0,38.45,120.0,0,60.0,0,0,17914.773156,75.0,1.0
53456.0,28.0,2.0,35.02,117.0,0,60.0,0,0,22017.819952,84.0,2.0
53457.0,30.0,2.0,25.43,113.0,0,60.0,0,0,20293.289262,88.0,1.0
53459.0,80.0,2.0,22.37,111.0,0,60.0,0,0,10283.785318,85.0,1.0
53460.0,68.0,1.0,30.98,124.0,0,60.0,0,0,5797.734364,89.0,2.0
53461.0,55.0,2.0,29.1,72.0,1,60.0,0,0,95185.415335,79.0,1.0
53465.0,47.0,2.0,18.63,132.0,0,60.0,0,0,23499.838461,75.0,2.0
53466.0,68.0,1.0,23.25,100.0,1,60.0,0,0,23063.384359,83.0,1.0
53467.0,41.0,2.0,25.96,113.0,0,60.0,0,0,65726.459983,78.0,1.0
53468.0,21.0,2.0,21.69,118.0,0,60.0,0,0,26872.372162,84.0,2.0
53471.0,49.0,2.0,22.92,121.0,0,60.0,0,0,21971.086171,78.0,2.0
53472.0,50.0,2.0,26.44,111.0,1,60.0,0,0,79719.201422,80.0,1.0
53473.0,46.0,2.0,33.16,111.0,0,60.0,0,0,14103.085882,85.0,1.0
53474.0,59.0,2.0,22.23,114.0,0,60.0,0,0,15056.319146,83.0,2.0
53476.0,35.0,1.0,28.98,122.0,0,60.0,0,0,56137.422196,80.0,2.0
53477.0,80.0,1.0,29.07,119.0,1,60.0,0,0,23253.782991,82.0,1.0
53478.0,30.0,2.0,31.15,116.0,0,60.0,0,0,26858.225188,87.0,1.0
53479.0,30.0,2.0,28.71,117.0,0,60.0,0,0,23132.230222,84.0,2.0
53480.0,41.0,2.0,29.9,112.0,0,60.0,0,0,27466.731558,78.0,1.0
53481.0,66.0,1.0,27.71,110.0,0,60.0,0,0,57944.956916,88.0,2.0
53484.0,71.0,1.0,23.86,91.0,1,60.0,0,0,29656.12172,80.0,1.0
53485.0,28.0,1.0,27.2,122.0,0,60.0,0,0,34328.855514,78.0,2.0
53486.0,32.0,1.0,25.29,109.0,0,60.0,0,0,24258.158473,81.0,1.0
53487.0,47.0,1.0,,125.0,0,60.0,0,0,81895.402401,77.0,1.0
53489.0,22.0,1.0,22.6,129.0,0,60.0,0,0,27453.110287,86.0,1.0
53492.0,44.0,2.0,45.65,110.0,0,60.0,0,0,90232.901038,83.0,1.0
53494.0,77.0,2.0,19.15,107.0,1,60.0,0,0,39280.737137,85.0,2.0
53495.0,31.0,1.0,20.17,125.0,0,60.0,0,0,69214.37238,77.0,1.0
53496.0,59.0,2.0,30.06,125.0,0,60.0,0,0,21800.840156,78.0,1.0
53497.0,28.0,2.0,30.46,125.0,0,60.0,0,0,19239.324928,89.0,2.0
53500.0,32.0,1.0,24.43,127.0,0,60.0,0,0,28776.549278,82.0,2.0
53501.0,44.0,1.0,29.68,123.0,0,60.0,0,0,66323.566341,79.0,1.0
53502.0,80.0,2.0,27.55,67.0,1,60.0,0,0,29419.787565,88.0,2.0
53503.0,22.0,1.0,18.55,129.0,0,60.0,0,0,26191.26118,84.0,1.0
53504.0,70.0,1.0,30.08,88.0,1,60.0,0,0,32931.023461,81.0,2.0
53505.0,48.0,1.0,42.81,129.0,0,60.0,0,0,20406.94178,86.0,1.0
53506.0,30.0,1.0,32.29,115.0,0,60.0,0,0,81340.588478,87.0,1.0
53507.0,28.0,2.0,49.47,122.0,0,60.0,0,0,34346.122643,78.0,2.0
53508.0,54.0,2.0,34.31,127.0,0,60.0,0,0,29433.149209,81.0,2.0
53514.0,27.0,2.0,28.31,127.0,0,60.0,0,0,85727.823585,81.0,2.0
53515.0,41.0,1.0,31.56,130.0,0,60.0,0,0,67765.448326,84.0,1.0
53516.0,59.0,2.0,35.97,125.0,0,60.0,0,0,15489.940421,82.0,2.0
53518.0,63.0,1.0,34.64,118.0,0,60.0,0,0,9387.789425,84.0,2.0
53522.0,33.0,2.0,26.54,119.0,0,60.0,0,0,68102.336097,76.0,1.0
53523.0,26.0,2.0,20.71,121.0,0,60.0,0,0,68842.397129,76.0,1.0
53524.0,39.0,2.0,28.32,127.0,0,60.0,0,0,72738.522735,81.0,2.0
53526.0,62.0,2.0,32.68,129.0,0,60.0,0,0,65573.061923,86.0,1.0
53528.0,44.0,2.0,34.84,127.0,0,60.0,0,0,86376.808301,81.0,2.0
53529.0,57.0,2.0,23.81,56.0,1,56.0,1,1,29415.070778,78.0,2.0
53530.0,62.0,2.0,22.65,129.0,0,60.0,0,0,61772.041071,86.0,1.0
53531.0,73.0,2.0,41.23,126.0,0,60.0,0,0,14642.69089,82.0,2.0
53532.0,51.0,1.0,26.94,121.0,0,60.0,0,0,75696.640351,80.0,1.0
53533.0,42.0,1.0,21.86,114.0,0,60.0,0,0,28866.856878,83.0,2.0
53534.0,56.0,1.0,30.93,124.0,0,60.0,0,0,68871.178599,86.0,3.0
53535.0,40.0,1.0,26.35,112.0,0,60.0,0,0,16904.448733,88.0,1.0
53537.0,36.0,2.0,19.9,110.0,0,60.0,0,0,22411.686369,81.0,1.0
53538.0,40.0,2.0,21.1,130.0,0,60.0,0,0,18967.985218,76.0,2.0
53540.0,55.0,1.0,31.51,122.0,0,60.0,0,0,106748.822533,80.0,2.0
53542.0,20.0,1.0,30.69,123.0,0,60.0,0,0,34328.855514,78.0,2.0
53544.0,50.0,1.0,23.3,117.0,0,60.0,0,0,100372.774694,77.0,2.0
53545.0,18.0,1.0,29.06,113.0,0,60.0,0,0,52992.388007,83.0,2.0
53546.0,66.0,2.0,40.81,115.0,0,60.0,0,0,61835.25213,86.0,2.0
53547.0,19.0,2.0,30.29,128.0,0,60.0,0,0,73837.193035,81.0,2.0
53548.0,49.0,2.0,34.52,124.0,0,60.0,0,0,14401.4831,86.0,3.0
53550.0,43.0,2.0,19.32,122.0,0,60.0,0,0,76603.798386,77.0,1.0
53551.0,34.0,2.0,21.58,116.0,0,60.0,0,0,63976.263039,87.0,2.0
53554.0,31.0,2.0,27.52,123.0,0,60.0,0,0,25247.94746,78.0,2.0
53555.0,50.0,1.0,30.9,121.0,0,60.0,0,0,75696.640351,80.0,1.0
53557.0,36.0,2.0,38.55,112.0,0,60.0,0,0,18108.840553,88.0,1.0
53558.0,49.0,1.0,42.89,129.0,0,60.0,0,0,28044.512771,75.0,2.0
53559.0,54.0,1.0,28.67,121.0,0,60.0,0,0,14052.929836,80.0,2.0
53562.0,56.0,2.0,33.9,114.0,0,60.0,0,0,31519.808267,83.0,2.0
53563.0,30.0,1.0,20.77,128.0,0,60.0,0,0,77176.460949,81.0,2.0
53565.0,51.0,2.0,22.1,109.0,0,60.0,0,0,13091.269928,81.0,1.0
53567.0,27.0,2.0,23.41,125.0,0,60.0,0,0,60875.372074,89.0,2.0
53569.0,40.0,1.0,39.16,108.0,0,60.0,0,0,83593.441087,81.0,1.0
53571.0,49.0,2.0,25.34,114.0,0,60.0,0,0,26102.697054,78.0,1.0
53572.0,59.0,1.0,29.92,7.0,1,7.0,1,1,108835.074142,82.0,2.0
53573.0,43.0,2.0,22.35,131.0,0,60.0,0,0,99760.116491,75.0,2.0
53574.0,74.0,1.0,24.29,12.0,1,12.0,1,1,40282.033036,83.0,2.0
53575.0,46.0,1.0,19.78,44.0,1,44.0,1,1,20197.233877,77.0,2.0
53576.0,80.0,2.0,31.5,117.0,0,60.0,0,0,35663.73001,77.0,2.0
53577.0,75.0,1.0,30.27,129.0,0,60.0,0,0,35141.525644,82.0,1.0
53580.0,60.0,1.0,48.79,43.0,1,43.0,1,1,11057.718816,79.0,1.0
53582.0,56.0,2.0,30.74,83.0,1,60.0,0,0,22972.84107,87.0,2.0
53583.0,77.0,1.0,22.39,127.0,0,60.0,0,0,33570.062401,81.0,2.0
53585.0,43.0,2.0,21.78,115.0,0,60.0,0,0,72667.288792,83.0,2.0
53586.0,80.0,1.0,23.56,69.0,1,60.0,0,0,25764.860898,76.0,2.0
53588.0,26.0,2.0,26.34,123.0,0,60.0,0,0,33283.978503,78.0,2.0
53589.0,75.0,1.0,27.2,43.0,1,43.0,1,1,15929.280027,87.0,1.0
53592.0,72.0,1.0,27.66,115.0,0,60.0,0,0,38685.432082,83.0,2.0
53594.0,49.0,1.0,32.72,130.0,0,60.0,0,0,20282.93005,84.0,1.0
53595.0,73.0,1.0,24.98,122.0,0,60.0,0,0,38461.241347,80.0,2.0
53596.0,25.0,1.0,31.12,116.0,0,60.0,0,0,33360.553153,87.0,1.0
53597.0,43.0,2.0,42.08,112.0,0,60.0,0,0,21435.8242,88.0,1.0
53598.0,30.0,2.0,41.34,129.0,0,60.0,0,0,30236.999597,86.0,1.0
53600.0,23.0,2.0,29.93,130.0,0,60.0,0,0,79377.004953,76.0,2.0
53601.0,18.0,2.0,20.09,109.0,0,60.0,0,0,12676.165342,81.0,1.0
53602.0,28.0,1.0,35.18,114.0,0,60.0,0,0,26856.278469,78.0,1.0
53604.0,63.0,2.0,26.01,128.0,0,60.0,0,0,67206.338355,81.0,2.0
53605.0,46.0,2.0,31.09,122.0,0,60.0,0,0,21081.607689,80.0,2.0
53606.0,45.0,1.0,29.3,120.0,0,60.0,0,0,66379.952465,80.0,1.0
53607.0,80.0,1.0,20.93,24.0,1,24.0,1,1,18295.694833,84.0,1.0
53608.0,34.0,2.0,24.05,110.0,0,60.0,0,0,27775.125227,85.0,1.0
53609.0,79.0,2.0,27.2,128.0,0,60.0,0,0,46431.463359,81.0,2.0
53610.0,67.0,2.0,26.52,130.0,0,60.0,0,0,25526.05719,75.0,2.0
53611.0,39.0,2.0,20.12,115.0,0,60.0,0,0,25452.884514,77.0,2.0
53613.0,24.0,2.0,19.7,120.0,0,60.0,0,0,17619.045263,76.0,1.0
53616.0,80.0,1.0,26.18,121.0,0,60.0,0,0,22530.289004,78.0,2.0
53617.0,48.0,2.0,31.05,128.0,0,60.0,0,0,37275.88316,82.0,2.0
53618.0,41.0,1.0,27.68,116.0,0,60.0,0,0,74413.581068,86.0,2.0
53620.0,31.0,2.0,41.22,129.0,0,60.0,0,0,25418.306514,75.0,2.0
53621.0,40.0,1.0,26.39,121.0,0,60.0,0,0,24032.329043,78.0,2.0
53622.0,62.0,1.0,42.46,115.0,0,60.0,0,0,11499.896597,87.0,2.0
53625.0,53.0,1.0,37.46,132.0,0,60.0,0,0,101172.924903,76.0,2.0
53626.0,71.0,2.0,24.54,127.0,0,60.0,0,0,9993.180213,81.0,2.0
53630.0,20.0,1.0,19.43,119.0,0,60.0,0,0,27862.40114,84.0,2.0
53631.0,63.0,2.0,24.97,124.0,0,60.0,0,0,20212.610371,77.0,1.0
53632.0,45.0,1.0,28.53,130.0,0,60.0,0,0,26444.710314,75.0,2.0
53637.0,67.0,2.0,26.59,108.0,0,60.0,0,0,6380.844626,81.0,1.0
53639.0,74.0,1.0,25.73,27.0,1,27.0,1,1,11381.087258,81.0,1.0
53640.0,31.0,1.0,29.65,111.0,0,60.0,0,0,81138.424601,83.0,1.0
53641.0,31.0,2.0,31.39,114.0,0,60.0,0,0,21363.702714,83.0,2.0
53643.0,38.0,1.0,26.99,129.0,0,60.0,0,0,68055.064666,86.0,1.0
53645.0,26.0,1.0,19.66,110.0,0,60.0,0,0,18786.74678,88.0,2.0
53646.0,20.0,1.0,22.56,121.0,0,60.0,0,0,34052.260303,80.0,2.0
53647.0,65.0,1.0,25.89,114.0,0,60.0,0,0,8527.490447,78.0,1.0
53650.0,19.0,2.0,27.94,124.0,0,60.0,0,0,57263.188647,77.0,1.0
53652.0,30.0,2.0,30.81,109.0,0,60.0,0,0,16798.179129,85.0,2.0
53653.0,77.0,2.0,33.75,38.0,1,38.0,1,1,14539.890657,84.0,2.0
53656.0,54.0,2.0,27.29,120.0,0,60.0,0,0,77179.478965,76.0,1.0
53657.0,40.0,1.0,23.81,131.0,0,60.0,0,0,28044.512771,75.0,2.0
53659.0,58.0,1.0,25.69,48.0,1,48.0,1,1,13244.126734,79.0,1.0
53662.0,32.0,1.0,27.3,122.0,0,60.0,0,0,33061.224604,78.0,2.0
53663.0,33.0,2.0,30.35,115.0,0,60.0,0,0,35207.447574,83.0,2.0
53664.0,80.0,2.0,31.65,128.0,0,60.0,0,0,26410.462044,81.0,2.0
53667.0,24.0,1.0,31.17,109.0,0,60.0,0,0,23058.758698,81.0,1.0
53669.0,18.0,2.0,26.58,130.0,0,60.0,0,0,12708.672133,84.0,1.0
53670.0,40.0,2.0,22.71,122.0,0,60.0,0,0,20013.359204,80.0,2.0
53672.0,36.0,1.0,31.7,119.0,0,60.0,0,0,118825.907009,79.0,2.0
53675.0,45.0,2.0,17.67,108.0,0,60.0,0,0,15979.688031,81.0,1.0
53676.0,51.0,1.0,27.9,118.0,0,60.0,0,0,86746.508049,76.0,1.0
53678.0,50.0,1.0,23.69,118.0,0,60.0,0,0,18555.840466,84.0,2.0
53679.0,52.0,2.0,30.09,53.0,1,53.0,1,1,24216.969057,84.0,2.0
53680.0,19.0,2.0,16.44,123.0,0,60.0,0,0,16283.950584,79.0,1.0
53681.0,63.0,2.0,35.78,112.0,0,60.0,0,0,5250.697876,88.0,2.0
53682.0,67.0,2.0,37.23,109.0,0,60.0,0,0,21883.63541,82.0,2.0
53683.0,55.0,1.0,22.42,114.0,0,60.0,0,0,105788.374004,83.0,2.0
53684.0,42.0,1.0,26.71,111.0,0,60.0,0,0,14374.340639,88.0,2.0
53685.0,27.0,2.0,33.55,121.0,0,60.0,0,0,24979.883793,78.0,2.0
53686.0,65.0,2.0,27.0,121.0,0,60.0,0,0,8567.6299,75.0,1.0
53688.0,37.0,2.0,29.06,112.0,0,60.0,0,0,17188.895249,78.0,1.0
53695.0,58.0,1.0,28.75,112.0,0,60.0,0,0,10760.07565,78.0,1.0
53696.0,51.0,2.0,29.74,132.0,0,60.0,0,0,12274.824178,75.0,2.0
53697.0,70.0,2.0,23.17,110.0,0,60.0,0,0,12860.507262,81.0,1.0
53698.0,20.0,2.0,36.55,110.0,0,60.0,0,0,28826.798956,83.0,1.0
53700.0,37.0,2.0,26.01,108.0,0,60.0,0,0,18499.4128,85.0,2.0
53701.0,63.0,2.0,28.94,122.0,0,60.0,0,0,13875.16562,78.0,1.0
53702.0,38.0,1.0,24.27,132.0,0,60.0,0,0,88190.405495,75.0,2.0
53704.0,22.0,2.0,25.98,118.0,0,60.0,0,0,31389.624827,77.0,2.0
53705.0,20.0,2.0,22.38,123.0,0,60.0,0,0,25616.408741,79.0,1.0
53706.0,42.0,1.0,31.46,129.0,0,60.0,0,0,17065.795693,82.0,1.0
53714.0,61.0,1.0,46.26,122.0,0,60.0,0,0,13264.885078,80.0,2.0
53715.0,74.0,2.0,29.77,98.0,1,60.0,0,0,34299.447413,80.0,1.0
53716.0,32.0,2.0,37.2,109.0,0,60.0,0,0,19655.82817,85.0,1.0
53719.0,61.0,1.0,24.55,114.0,0,60.0,0,0,8142.940258,78.0,1.0
53720.0,30.0,1.0,24.0,117.0,0,60.0,0,0,28614.924851,87.0,2.0
53723.0,79.0,2.0,23.48,123.0,0,60.0,0,0,15795.576619,79.0,1.0
53724.0,59.0,2.0,45.96,115.0,0,60.0,0,0,26677.328619,87.0,1.0
53725.0,32.0,2.0,22.88,124.0,0,60.0,0,0,53997.044639,79.0,1.0
53728.0,18.0,1.0,27.01,112.0,0,60.0,0,0,9957.248258,88.0,1.0
53730.0,54.0,2.0,58.03,109.0,0,60.0,0,0,11510.596038,85.0,1.0
53732.0,79.0,1.0,38.16,124.0,0,60.0,0,0,8089.148939,86.0,3.0
53735.0,20.0,1.0,25.4,114.0,0,60.0,0,0,32588.986864,83.0,2.0
53740.0,79.0,2.0,24.82,45.0,1,45.0,1,1,46891.216111,80.0,2.0
53742.0,38.0,1.0,22.85,123.0,0,60.0,0,0,17237.166867,79.0,1.0
53743.0,65.0,1.0,33.37,130.0,0,60.0,0,0,58644.199424,76.0,2.0
53745.0,60.0,1.0,32.51,115.0,0,60.0,0,0,8050.612715,87.0,1.0
53746.0,38.0,2.0,40.69,109.0,0,60.0,0,0,62691.610913,85.0,2.0
53750.0,40.0,2.0,20.2,127.0,0,60.0,0,0,13878.42642,82.0,1.0
53753.0,35.0,1.0,25.16,118.0,0,60.0,0,0,56137.422196,76.0,1.0
53755.0,22.0,1.0,30.05,124.0,0,60.0,0,0,29193.681764,79.0,1.0
53756.0,75.0,1.0,28.26,107.0,1,60.0,0,0,33645.553037,76.0,2.0
53759.0,60.0,1.0,,6.0,1,6.0,1,1,19650.859638,76.0,2.0
53761.0,59.0,1.0,34.38,109.0,1,60.0,0,0,20042.344166,86.0,1.0
53762.0,44.0,1.0,39.66,125.0,0,60.0,0,0,12630.112133,89.0,2.0
53763.0,60.0,2.0,36.75,124.0,0,60.0,0,0,65836.611494,79.0,1.0
53764.0,49.0,2.0,31.2,121.0,0,60.0,0,0,26699.211227,80.0,1.0
53769.0,73.0,2.0,28.11,126.0,0,60.0,0,0,32939.969593,81.0,2.0
53770.0,41.0,2.0,37.38,124.0,0,60.0,0,0,75240.005755,77.0,1.0
53772.0,40.0,2.0,32.23,126.0,0,60.0,0,0,22758.235199,82.0,2.0
53773.0,51.0,1.0,45.91,110.0,1,60.0,0,0,23918.32307,78.0,2.0
53774.0,49.0,1.0,29.87,108.0,0,60.0,0,0,21459.071325,81.0,1.0
53775.0,79.0,2.0,36.21,105.0,1,60.0,0,0,19637.342775,77.0,1.0
53776.0,46.0,2.0,36.1,114.0,0,60.0,0,0,22906.999842,83.0,2.0
53777.0,63.0,1.0,36.22,129.0,0,60.0,0,0,59368.56666,75.0,2.0
53779.0,58.0,2.0,21.58,114.0,0,60.0,0,0,14691.688172,87.0,1.0
53781.0,52.0,2.0,17.81,123.0,0,60.0,0,0,109423.31931,78.0,2.0
53782.0,80.0,1.0,29.46,75.0,1,60.0,0,0,16515.559237,86.0,3.0
53785.0,56.0,2.0,39.16,131.0,0,60.0,0,0,25977.219402,76.0,2.0
53788.0,75.0,1.0,25.36,82.0,1,60.0,0,0,32041.288195,77.0,1.0
53790.0,47.0,1.0,31.49,117.0,0,60.0,0,0,90558.050789,77.0,2.0
53791.0,68.0,2.0,33.64,111.0,0,60.0,0,0,6087.816497,85.0,1.0
53793.0,26.0,2.0,22.79,118.0,0,60.0,0,0,25268.98384,84.0,2.0
53794.0,44.0,1.0,26.01,118.0,0,60.0,0,0,85741.118073,79.0,2.0
53800.0,32.0,1.0,28.55,116.0,0,60.0,0,0,33958.460784,87.0,1.0
53802.0,80.0,1.0,19.95,10.0,1,10.0,1,1,27674.121756,80.0,2.0
53803.0,64.0,1.0,22.09,121.0,0,60.0,0,0,11071.371044,78.0,2.0
53805.0,20.0,2.0,16.62,130.0,0,60.0,0,0,18011.03857,84.0,1.0
53807.0,63.0,2.0,41.08,117.0,0,60.0,0,0,17932.222812,77.0,2.0
53808.0,80.0,1.0,26.18,109.0,0,60.0,0,0,20587.623793,85.0,1.0
53811.0,26.0,1.0,22.04,123.0,0,60.0,0,0,36814.912139,80.0,2.0
53813.0,62.0,1.0,30.59,125.0,0,60.0,0,0,6554.181271,77.0,1.0
53817.0,44.0,2.0,29.47,110.0,0,60.0,0,0,37228.447528,83.0,1.0
53821.0,80.0,1.0,24.65,93.0,1,60.0,0,0,23067.903218,87.0,2.0
53822.0,66.0,2.0,34.19,114.0,0,60.0,0,0,26408.292413,83.0,2.0
53823.0,24.0,1.0,29.67,124.0,0,60.0,0,0,21216.338334,86.0,3.0
53824.0,74.0,2.0,28.08,109.0,0,60.0,0,0,21141.633727,85.0,2.0
53826.0,43.0,2.0,27.59,119.0,0,60.0,0,0,21363.982592,78.0,2.0
53827.0,77.0,1.0,23.03,74.0,1,60.0,0,0,10399.3983,76.0,2.0
53829.0,56.0,2.0,24.79,129.0,0,60.0,0,0,22320.066258,86.0,1.0
53831.0,40.0,1.0,28.76,108.0,0,60.0,0,0,20370.351231,85.0,2.0
53832.0,80.0,1.0,27.95,125.0,0,60.0,0,0,19593.072215,77.0,1.0
53833.0,35.0,1.0,24.89,124.0,0,60.0,0,0,15855.785441,79.0,1.0
53834.0,70.0,2.0,63.89,110.0,0,60.0,0,0,19406.750673,83.0,1.0
53835.0,71.0,2.0,28.68,119.0,0,60.0,0,0,8716.464565,76.0,1.0
53836.0,40.0,1.0,27.62,109.0,0,60.0,0,0,20283.608634,85.0,2.0
53837.0,22.0,1.0,19.82,111.0,0,60.0,0,0,24914.367147,85.0,1.0
53841.0,51.0,2.0,28.17,119.0,0,60.0,0,0,14748.006458,78.0,2.0
53842.0,80.0,2.0,33.02,74.0,1,60.0,0,0,29419.787565,88.0,2.0
53844.0,23.0,1.0,24.78,122.0,0,60.0,0,0,32367.916173,78.0,2.0
53845.0,42.0,2.0,29.67,111.0,0,60.0,0,0,17216.777874,88.0,2.0
53846.0,80.0,1.0,23.06,50.0,1,50.0,1,1,22530.289004,78.0,2.0
53847.0,54.0,2.0,28.95,130.0,0,60.0,0,0,23952.407261,76.0,2.0
53848.0,38.0,2.0,30.33,123.0,0,60.0,0,0,27271.143945,78.0,1.0
53849.0,37.0,2.0,19.53,123.0,0,60.0,0,0,54729.408706,79.0,1.0
53850.0,50.0,1.0,29.46,114.0,0,60.0,0,0,24483.695148,87.0,1.0
53853.0,27.0,2.0,21.98,120.0,0,60.0,0,0,34346.122643,78.0,2.0
53856.0,28.0,1.0,41.1,125.0,0,60.0,0,0,21216.338334,86.0,3.0
53857.0,37.0,1.0,38.99,121.0,0,60.0,0,0,82513.295555,80.0,2.0
53858.0,56.0,2.0,24.86,121.0,0,60.0,0,0,110654.26515,78.0,2.0
53861.0,48.0,2.0,,111.0,0,60.0,0,0,74940.285136,85.0,1.0
53862.0,18.0,1.0,18.78,122.0,0,60.0,0,0,16775.197285,80.0,2.0
53864.0,72.0,1.0,29.88,23.0,1,23.0,1,1,42477.580814,80.0,2.0
53868.0,41.0,2.0,23.63,124.0,0,60.0,0,0,77638.98485,77.0,1.0
53872.0,19.0,1.0,22.84,128.0,0,60.0,0,0,20160.651854,82.0,2.0
53873.0,77.0,1.0,34.88,73.0,1,60.0,0,0,10598.629206,81.0,2.0
53874.0,34.0,2.0,31.56,110.0,0,60.0,0,0,74632.976098,83.0,1.0
53875.0,50.0,2.0,42.76,117.0,0,60.0,0,0,23748.745332,84.0,2.0
53876.0,37.0,1.0,38.27,115.0,0,60.0,0,0,79712.26608,87.0,1.0
53877.0,46.0,2.0,28.0,122.0,0,60.0,0,0,21971.086171,78.0,2.0
53879.0,78.0,1.0,30.15,41.0,1,41.0,1,1,35523.208227,77.0,2.0
53880.0,20.0,2.0,24.28,120.0,0,60.0,0,0,17619.045263,76.0,1.0
53881.0,22.0,2.0,25.93,118.0,0,60.0,0,0,26300.481118,86.0,2.0
53882.0,18.0,1.0,20.23,123.0,0,60.0,0,0,8214.982109,86.0,3.0
53883.0,35.0,2.0,24.9,127.0,0,60.0,0,0,26824.964193,82.0,2.0
53884.0,68.0,2.0,45.57,123.0,0,60.0,0,0,60851.686967,77.0,1.0
53886.0,52.0,1.0,23.2,110.0,0,60.0,0,0,24500.84823,83.0,1.0
53887.0,34.0,2.0,23.9,124.0,0,60.0,0,0,64508.601789,77.0,1.0
53889.0,66.0,1.0,27.37,125.0,0,60.0,0,0,55847.965781,77.0,1.0
53891.0,23.0,2.0,19.03,122.0,0,60.0,0,0,22743.422096,76.0,2.0
53892.0,21.0,1.0,22.43,111.0,0,60.0,0,0,19584.219772,88.0,1.0
53895.0,38.0,2.0,31.64,110.0,0,60.0,0,0,23407.555929,83.0,1.0
53896.0,18.0,1.0,36.63,109.0,0,60.0,0,0,18111.793635,82.0,2.0
53898.0,43.0,1.0,18.37,119.0,0,60.0,0,0,16584.155565,84.0,2.0
53900.0,73.0,2.0,34.79,127.0,0,60.0,0,0,38087.107887,81.0,2.0
53903.0,68.0,2.0,35.02,89.0,1,60.0,0,0,16850.299558,84.0,2.0
53906.0,80.0,1.0,27.81,122.0,0,60.0,0,0,26577.242432,80.0,2.0
53908.0,28.0,2.0,21.44,110.0,0,60.0,0,0,90562.382593,83.0,1.0
53910.0,54.0,2.0,25.55,110.0,0,60.0,0,0,32068.440528,83.0,1.0
53911.0,29.0,1.0,16.73,118.0,0,60.0,0,0,95437.248384,87.0,2.0
53912.0,34.0,1.0,22.8,128.0,0,60.0,0,0,76806.95175,81.0,2.0
53913.0,75.0,2.0,24.9,111.0,0,60.0,0,0,34310.671701,88.0,1.0
53914.0,60.0,1.0,22.47,132.0,0,60.0,0,0,68338.840828,75.0,2.0
53918.0,40.0,1.0,30.05,108.0,0,60.0,0,0,15989.393546,85.0,2.0
53919.0,19.0,1.0,36.34,129.0,0,60.0,0,0,11923.798518,86.0,1.0
53920.0,72.0,2.0,25.51,21.0,1,21.0,1,1,15253.840266,87.0,2.0
53923.0,30.0,2.0,30.11,119.0,0,60.0,0,0,52702.964113,79.0,2.0
53924.0,57.0,1.0,20.87,120.0,0,60.0,0,0,19952.378405,75.0,1.0
53928.0,80.0,1.0,,32.0,1,32.0,1,1,22809.934212,82.0,1.0
53933.0,58.0,2.0,30.0,116.0,0,60.0,0,0,11361.502289,86.0,2.0
53935.0,61.0,1.0,18.97,130.0,0,60.0,0,0,12010.663899,75.0,2.0
53936.0,29.0,2.0,20.25,109.0,0,60.0,0,0,66261.162958,78.0,1.0
53937.0,33.0,2.0,27.33,115.0,0,60.0,0,0,28513.423636,86.0,2.0
53940.0,80.0,2.0,21.37,105.0,1,60.0,0,0,37135.621166,77.0,2.0
53942.0,73.0,1.0,41.27,128.0,0,60.0,0,0,10143.67545,86.0,1.0
53946.0,63.0,1.0,34.99,122.0,0,60.0,0,0,13314.171407,80.0,2.0
53947.0,74.0,1.0,,5.0,1,5.0,1,1,10598.629206,81.0,2.0
53949.0,48.0,1.0,30.02,128.0,0,60.0,0,0,21021.243123,82.0,1.0
53950.0,22.0,2.0,37.11,111.0,0,60.0,0,0,26913.988676,88.0,2.0
53952.0,36.0,2.0,26.31,109.0,0,60.0,0,0,21874.320459,85.0,2.0
53954.0,31.0,1.0,28.06,129.0,0,60.0,0,0,65732.423367,76.0,2.0
53955.0,24.0,2.0,44.04,129.0,0,60.0,0,0,30205.234557,76.0,2.0
53956.0,59.0,1.0,30.81,121.0,1,60.0,0,0,86798.825172,82.0,1.0
53957.0,27.0,2.0,23.15,121.0,0,60.0,0,0,22526.471624,76.0,1.0
53958.0,35.0,2.0,24.44,130.0,0,60.0,0,0,53378.507132,84.0,1.0
53961.0,41.0,1.0,27.09,131.0,0,60.0,0,0,20306.364191,75.0,2.0
53963.0,47.0,2.0,26.14,120.0,0,60.0,0,0,21539.99113,80.0,1.0
53965.0,31.0,1.0,30.77,114.0,0,60.0,0,0,29599.160437,87.0,2.0
53968.0,52.0,2.0,33.71,124.0,0,60.0,0,0,30353.751983,78.0,2.0
53970.0,51.0,2.0,39.42,113.0,0,60.0,0,0,10930.415019,78.0,1.0
53971.0,50.0,1.0,24.99,111.0,0,60.0,0,0,18565.932355,78.0,1.0
53972.0,41.0,2.0,29.86,122.0,0,60.0,0,0,76603.798386,77.0,1.0
53973.0,35.0,1.0,27.17,120.0,0,60.0,0,0,28411.956292,75.0,1.0
53974.0,30.0,1.0,33.01,120.0,0,60.0,0,0,41403.555697,75.0,1.0
53975.0,26.0,2.0,28.67,115.0,0,60.0,0,0,90014.368604,83.0,2.0
53978.0,68.0,1.0,28.2,127.0,0,60.0,0,0,8401.91118,82.0,2.0
53979.0,29.0,1.0,31.84,124.0,0,60.0,0,0,21216.338334,86.0,3.0
53983.0,29.0,1.0,32.85,113.0,0,60.0,0,0,107828.338402,83.0,2.0
53987.0,35.0,2.0,33.9,123.0,0,60.0,0,0,33126.41751,80.0,2.0
53990.0,45.0,1.0,28.9,122.0,0,60.0,0,0,24032.329043,78.0,2.0
53991.0,61.0,2.0,27.11,124.0,0,60.0,0,0,7063.4966,79.0,1.0
53994.0,39.0,1.0,29.78,118.0,0,60.0,0,0,25958.756366,84.0,2.0
53995.0,62.0,2.0,44.72,122.0,0,60.0,0,0,19442.105455,80.0,1.0
53996.0,71.0,1.0,27.61,119.0,0,60.0,0,0,12082.867988,84.0,2.0
53998.0,40.0,1.0,29.51,119.0,0,60.0,0,0,23458.877905,78.0,2.0
53999.0,63.0,2.0,31.23,117.0,0,60.0,0,0,68773.599629,77.0,2.0
54000.0,24.0,2.0,22.62,128.0,0,60.0,0,0,85727.823585,81.0,2.0
54001.0,60.0,2.0,40.02,122.0,0,60.0,0,0,18363.914422,78.0,2.0
54002.0,59.0,2.0,28.45,112.0,0,60.0,0,0,10054.161288,88.0,2.0
54003.0,23.0,2.0,51.69,121.0,0,60.0,0,0,29635.481887,80.0,2.0
54004.0,28.0,1.0,27.8,118.0,0,60.0,0,0,39524.740763,75.0,1.0
54006.0,20.0,1.0,20.74,109.0,0,60.0,0,0,23541.357885,81.0,1.0
54007.0,18.0,1.0,23.94,109.0,0,60.0,0,0,11647.293145,81.0,1.0
54010.0,79.0,1.0,29.86,108.0,0,60.0,0,0,10883.958899,85.0,2.0
54011.0,80.0,2.0,25.88,92.0,1,60.0,0,0,36300.05365,76.0,2.0
54012.0,28.0,1.0,21.29,124.0,0,60.0,0,0,18131.212742,89.0,2.0
54017.0,80.0,2.0,25.42,127.0,1,60.0,0,0,29582.704227,78.0,1.0
54020.0,20.0,2.0,18.86,119.0,0,60.0,0,0,62334.992354,76.0,1.0
54021.0,46.0,2.0,22.51,131.0,0,60.0,0,0,23499.838461,75.0,2.0
54022.0,49.0,2.0,34.26,114.0,0,60.0,0,0,32327.834739,87.0,2.0
54024.0,80.0,1.0,20.01,112.0,0,60.0,0,0,21072.466407,88.0,2.0
54025.0,50.0,2.0,28.82,111.0,0,60.0,0,0,95158.077948,77.0,1.0
54027.0,62.0,2.0,31.02,128.0,0,60.0,0,0,21883.63541,82.0,2.0
54030.0,39.0,1.0,29.61,114.0,0,60.0,0,0,28513.856029,87.0,2.0
54032.0,40.0,1.0,26.95,124.0,0,60.0,0,0,81895.402401,77.0,1.0
54033.0,67.0,1.0,29.97,114.0,0,60.0,0,0,12080.674109,83.0,2.0
54034.0,47.0,2.0,33.11,131.0,0,60.0,0,0,42450.422835,75.0,2.0
54035.0,43.0,2.0,20.4,129.0,0,60.0,0,0,64099.903085,84.0,1.0
54036.0,46.0,2.0,38.05,124.0,0,60.0,0,0,56127.095343,89.0,2.0
54038.0,40.0,1.0,26.93,128.0,0,60.0,0,0,91316.255685,81.0,2.0
54041.0,52.0,1.0,29.69,126.0,0,60.0,0,0,15686.03941,82.0,2.0
54042.0,49.0,1.0,32.28,108.0,0,60.0,0,0,19272.47765,85.0,1.0
54043.0,44.0,2.0,25.15,129.0,0,60.0,0,0,80102.169238,76.0,2.0
54046.0,38.0,2.0,36.98,120.0,0,60.0,0,0,74179.149936,78.0,2.0
54047.0,46.0,1.0,33.82,117.0,0,60.0,0,0,23272.968931,77.0,2.0
54048.0,63.0,1.0,35.97,121.0,0,60.0,0,0,9357.580369,75.0,1.0
54050.0,51.0,2.0,46.23,114.0,0,60.0,0,0,22674.02515,78.0,1.0
54051.0,70.0,1.0,29.45,119.0,1,60.0,0,0,31722.475671,76.0,1.0
54054.0,73.0,2.0,29.51,129.0,0,60.0,0,0,21736.812302,76.0,2.0
54055.0,43.0,1.0,29.44,109.0,0,60.0,0,0,24946.552122,83.0,1.0
54057.0,21.0,2.0,15.64,120.0,0,60.0,0,0,24199.736346,75.0,1.0
54060.0,47.0,2.0,43.48,112.0,0,60.0,0,0,28703.694057,88.0,1.0
54061.0,25.0,1.0,35.41,118.0,0,60.0,0,0,33639.27299,79.0,2.0
54062.0,49.0,2.0,29.18,109.0,0,60.0,0,0,67803.115123,85.0,1.0
54063.0,37.0,2.0,35.88,127.0,0,60.0,0,0,18281.683005,82.0,1.0
54064.0,42.0,1.0,32.1,110.0,0,60.0,0,0,21109.047302,81.0,1.0
54066.0,62.0,1.0,25.65,119.0,0,60.0,0,0,45557.034921,76.0,1.0
54067.0,19.0,1.0,28.47,115.0,0,60.0,0,0,13543.710032,87.0,2.0
54069.0,27.0,1.0,24.57,118.0,0,60.0,0,0,30811.192159,76.0,1.0
54070.0,80.0,1.0,21.51,36.0,1,36.0,1,1,12909.348257,81.0,1.0
54073.0,80.0,2.0,32.21,124.0,0,60.0,0,0,35857.149753,77.0,1.0
54075.0,72.0,2.0,25.62,106.0,1,60.0,0,0,34798.924142,86.0,2.0
54076.0,80.0,1.0,26.38,130.0,0,60.0,0,0,12892.100971,76.0,2.0
54077.0,71.0,2.0,29.64,124.0,0,60.0,0,0,36352.628295,77.0,1.0
54078.0,47.0,2.0,25.67,114.0,0,60.0,0,0,16283.76628,78.0,1.0
54080.0,53.0,1.0,25.06,114.0,0,60.0,0,0,20527.025155,87.0,2.0
54082.0,28.0,2.0,34.22,108.0,0,60.0,0,0,21397.781891,85.0,2.0
54085.0,75.0,1.0,32.57,116.0,0,60.0,0,0,31356.955534,89.0,1.0
54086.0,37.0,1.0,24.61,131.0,0,60.0,0,0,24082.964769,84.0,1.0
54088.0,58.0,1.0,26.67,128.0,0,60.0,0,0,23192.901232,81.0,2.0
54090.0,73.0,1.0,26.17,123.0,0,60.0,0,0,31431.350966,77.0,1.0
54091.0,56.0,1.0,24.2,115.0,0,60.0,0,0,11966.157316,86.0,2.0
54092.0,68.0,2.0,24.43,129.0,0,60.0,0,0,18202.380287,82.0,1.0
54093.0,61.0,2.0,27.38,112.0,0,60.0,0,0,6385.326701,88.0,1.0
54094.0,47.0,2.0,38.56,133.0,0,60.0,0,0,85773.925002,75.0,2.0
54095.0,39.0,2.0,32.5,113.0,0,60.0,0,0,27271.143945,78.0,1.0
54096.0,75.0,2.0,41.07,85.0,1,60.0,0,0,30057.785308,86.0,3.0
54097.0,18.0,1.0,19.23,124.0,0,60.0,0,0,11769.722928,89.0,2.0
54104.0,65.0,1.0,32.0,118.0,0,60.0,0,0,71422.848504,79.0,2.0
54105.0,80.0,2.0,18.87,72.0,1,60.0,0,0,9625.266661,88.0,1.0
54106.0,62.0,1.0,23.6,61.0,1,60.0,0,0,47075.842776,86.0,3.0
54107.0,47.0,2.0,,123.0,0,60.0,0,0,57739.127872,86.0,3.0
54108.0,22.0,2.0,32.39,114.0,0,60.0,0,0,28333.625243,83.0,2.0
54109.0,50.0,1.0,24.33,122.0,0,60.0,0,0,24446.253808,78.0,2.0
54110.0,76.0,2.0,37.0,110.0,0,60.0,0,0,9953.929233,85.0,1.0
54112.0,67.0,2.0,18.8,118.0,0,60.0,0,0,15571.383249,84.0,2.0
54113.0,54.0,2.0,64.97,13.0,1,13.0,1,1,26475.332203,87.0,1.0
54114.0,28.0,2.0,30.75,128.0,0,60.0,0,0,30175.369701,82.0,1.0
54119.0,47.0,2.0,24.26,127.0,0,60.0,0,0,87502.383122,83.0,2.0
54123.0,34.0,1.0,26.96,122.0,0,60.0,0,0,17571.94509,80.0,2.0
54124.0,48.0,2.0,39.06,112.0,0,60.0,0,0,16785.174371,88.0,1.0
54125.0,20.0,1.0,24.37,122.0,0,60.0,0,0,79721.539018,80.0,1.0
54127.0,35.0,2.0,27.18,121.0,0,60.0,0,0,15348.752512,80.0,1.0
54130.0,48.0,2.0,23.88,129.0,0,60.0,0,0,73812.908056,86.0,1.0
54131.0,35.0,2.0,21.94,123.0,0,60.0,0,0,31652.081377,79.0,1.0
54132.0,19.0,1.0,23.95,123.0,0,60.0,0,0,17506.846509,78.0,2.0
54133.0,43.0,2.0,40.0,129.0,0,60.0,0,0,17387.624199,86.0,1.0
54135.0,33.0,2.0,35.85,116.0,0,60.0,0,0,75128.509487,87.0,1.0
54136.0,43.0,2.0,47.06,75.0,1,60.0,0,0,32260.640984,81.0,1.0
54137.0,55.0,1.0,30.56,123.0,0,60.0,0,0,89543.78448,77.0,1.0
54138.0,19.0,1.0,24.08,109.0,0,60.0,0,0,11647.293145,81.0,1.0
54139.0,67.0,1.0,30.08,111.0,0,60.0,0,0,8334.195224,78.0,1.0
54140.0,71.0,1.0,,122.0,0,60.0,0,0,33337.784141,80.0,1.0
54141.0,35.0,2.0,25.13,132.0,0,60.0,0,0,19018.998244,75.0,2.0
54142.0,64.0,2.0,41.17,128.0,0,60.0,0,0,69354.893125,82.0,1.0
54143.0,71.0,2.0,31.64,106.0,1,60.0,0,0,38826.202591,81.0,2.0
54146.0,58.0,1.0,28.9,115.0,0,60.0,0,0,14984.141601,87.0,1.0
54148.0,34.0,1.0,28.69,108.0,0,60.0,0,0,31083.80169,81.0,1.0
54149.0,19.0,1.0,18.93,119.0,0,60.0,0,0,14985.372904,76.0,1.0
54150.0,22.0,2.0,27.93,116.0,0,60.0,0,0,19138.287015,84.0,2.0
54152.0,64.0,1.0,,12.0,1,12.0,1,1,51690.620582,80.0,1.0
54153.0,70.0,2.0,30.87,122.0,0,60.0,0,0,19730.466943,80.0,2.0
54154.0,80.0,1.0,28.74,84.0,1,60.0,0,0,21250.618658,76.0,1.0
54157.0,29.0,2.0,28.28,130.0,0,60.0,0,0,31098.681082,76.0,2.0
54158.0,29.0,1.0,24.1,106.0,0,60.0,0,0,23541.357885,81.0,1.0
54159.0,37.0,1.0,31.28,111.0,0,60.0,0,0,23709.472842,88.0,1.0
54160.0,61.0,2.0,35.72,108.0,0,60.0,0,0,5215.604935,81.0,1.0
54161.0,21.0,1.0,23.72,128.0,0,60.0,0,0,34531.433076,81.0,2.0
54162.0,43.0,1.0,27.19,119.0,0,60.0,0,0,23880.427736,75.0,1.0
54164.0,36.0,2.0,48.97,123.0,0,60.0,0,0,21176.698185,80.0,1.0
54166.0,61.0,2.0,19.24,119.0,0,60.0,0,0,7261.697214,75.0,1.0
54168.0,49.0,2.0,26.41,127.0,0,60.0,0,0,20120.872457,81.0,2.0
54169.0,23.0,2.0,42.75,128.0,0,60.0,0,0,28676.820617,82.0,1.0
54170.0,60.0,1.0,24.24,119.0,0,60.0,0,0,9590.4584,75.0,1.0
54171.0,25.0,1.0,32.02,116.0,0,60.0,0,0,25052.300704,86.0,2.0
54172.0,30.0,1.0,35.57,130.0,0,60.0,0,0,26591.248626,75.0,2.0
54173.0,47.0,1.0,35.61,122.0,0,60.0,0,0,63260.599658,80.0,1.0
54175.0,51.0,1.0,33.51,119.0,0,60.0,0,0,19769.446456,75.0,1.0
54176.0,28.0,1.0,19.09,113.0,0,60.0,0,0,30025.916265,83.0,2.0
54182.0,77.0,1.0,32.36,130.0,0,60.0,0,0,10399.3983,76.0,2.0
54185.0,19.0,2.0,25.23,114.0,0,60.0,0,0,13610.63439,78.0,1.0
54186.0,38.0,2.0,31.52,114.0,0,60.0,0,0,27271.143945,78.0,1.0
54189.0,43.0,2.0,27.35,109.0,0,60.0,0,0,14251.534831,85.0,2.0
54191.0,19.0,1.0,23.54,130.0,0,60.0,0,0,12167.156366,84.0,1.0
54192.0,59.0,1.0,25.51,129.0,0,60.0,0,0,101172.924903,76.0,2.0
54193.0,73.0,2.0,22.02,130.0,0,60.0,0,0,39394.168753,76.0,2.0
54194.0,28.0,1.0,20.17,123.0,0,60.0,0,0,31948.924683,79.0,1.0
54196.0,60.0,1.0,21.96,133.0,0,60.0,0,0,67037.944217,75.0,2.0
54197.0,80.0,2.0,24.54,76.0,1,60.0,0,0,12000.115855,85.0,2.0
54200.0,51.0,1.0,30.57,119.0,0,60.0,0,0,19446.982307,75.0,1.0
54205.0,38.0,1.0,26.97,111.0,0,60.0,0,0,24590.022505,78.0,1.0
54206.0,80.0,1.0,26.5,38.0,1,38.0,1,1,19308.20403,89.0,2.0
54207.0,62.0,1.0,36.62,126.0,0,60.0,0,0,8401.91118,82.0,2.0
54208.0,31.0,1.0,25.02,116.0,0,60.0,0,0,26792.411843,86.0,2.0
54209.0,24.0,2.0,26.54,123.0,0,60.0,0,0,24353.668747,78.0,2.0
54213.0,68.0,1.0,23.04,95.0,1,60.0,0,0,10381.544516,88.0,1.0
54215.0,26.0,2.0,19.04,123.0,0,60.0,0,0,76905.601257,79.0,1.0
54216.0,40.0,2.0,54.27,121.0,0,60.0,0,0,14191.669922,80.0,1.0
54219.0,38.0,1.0,33.96,113.0,0,60.0,0,0,33287.030545,83.0,2.0
54220.0,23.0,2.0,21.69,110.0,0,60.0,0,0,35182.614422,83.0,1.0
54222.0,46.0,2.0,29.01,120.0,0,60.0,0,0,18372.138824,77.0,1.0
54223.0,80.0,1.0,28.27,9.0,1,9.0,1,1,22627.602356,87.0,2.0
54224.0,39.0,2.0,21.47,114.0,0,60.0,0,0,57097.484011,85.0,1.0
54225.0,27.0,1.0,17.92,126.0,0,60.0,0,0,35293.618823,81.0,2.0
54226.0,19.0,1.0,24.58,110.0,0,60.0,0,0,53914.770954,83.0,1.0
54227.0,60.0,2.0,24.07,117.0,0,60.0,0,0,61835.25213,86.0,2.0
54228.0,35.0,2.0,34.82,110.0,0,60.0,0,0,36963.347796,83.0,1.0
54232.0,80.0,2.0,26.88,118.0,0,60.0,0,0,34225.253111,76.0,1.0
54234.0,40.0,2.0,19.95,126.0,0,60.0,0,0,36481.199046,82.0,2.0
54236.0,60.0,2.0,33.02,109.0,0,60.0,0,0,8499.199919,77.0,2.0
54237.0,27.0,2.0,24.17,110.0,0,60.0,0,0,14559.863437,85.0,1.0
54238.0,42.0,2.0,26.24,115.0,0,60.0,0,0,17976.70919,87.0,2.0
54239.0,70.0,1.0,33.38,78.0,1,60.0,0,0,13280.742265,82.0,2.0
54240.0,52.0,2.0,24.81,120.0,0,60.0,0,0,22297.495269,76.0,1.0
54241.0,32.0,2.0,34.18,112.0,0,60.0,0,0,18108.840553,88.0,1.0
54242.0,43.0,2.0,33.77,110.0,0,60.0,0,0,21255.5746,83.0,1.0
54245.0,65.0,1.0,30.81,13.0,1,13.0,1,1,9201.677467,78.0,1.0
54246.0,19.0,2.0,25.17,111.0,0,60.0,0,0,12142.478803,88.0,2.0
54250.0,27.0,2.0,19.6,119.0,0,60.0,0,0,26872.372162,84.0,2.0
54251.0,48.0,1.0,19.71,110.0,0,60.0,0,0,18778.011327,85.0,1.0
54253.0,47.0,2.0,30.95,108.0,0,60.0,0,0,26432.686346,81.0,1.0
54254.0,29.0,1.0,32.13,109.0,0,60.0,0,0,28731.824115,81.0,1.0
54255.0,36.0,2.0,48.42,128.0,0,60.0,0,0,64630.25845,82.0,1.0
54256.0,49.0,2.0,36.23,124.0,0,60.0,0,0,75240.005755,77.0,1.0
54257.0,18.0,2.0,43.16,112.0,0,60.0,0,0,10913.731897,88.0,1.0
54259.0,80.0,1.0,29.13,77.0,1,60.0,0,0,25764.860898,75.0,2.0
54262.0,58.0,2.0,33.22,109.0,0,60.0,0,0,13556.336626,81.0,1.0
54263.0,18.0,1.0,21.47,129.0,0,60.0,0,0,48202.599097,86.0,1.0
54265.0,31.0,2.0,35.76,131.0,0,60.0,0,0,13543.36752,75.0,2.0
54267.0,67.0,2.0,25.1,127.0,0,60.0,0,0,63755.08114,81.0,2.0
54270.0,66.0,1.0,28.14,110.0,0,60.0,0,0,8929.074332,83.0,1.0
54273.0,70.0,1.0,37.59,83.0,1,60.0,0,0,12652.937294,82.0,2.0
54277.0,28.0,2.0,26.62,122.0,0,60.0,0,0,26693.694768,80.0,2.0
54278.0,77.0,2.0,28.6,10.0,1,10.0,1,1,47400.008872,83.0,1.0
54279.0,57.0,1.0,31.56,110.0,0,60.0,0,0,19905.406168,83.0,1.0
54284.0,23.0,2.0,32.55,126.0,0,60.0,0,0,30417.539538,81.0,2.0
54286.0,42.0,2.0,15.98,111.0,0,60.0,0,0,60771.829477,88.0,2.0
54287.0,51.0,2.0,16.66,112.0,0,60.0,0,0,21807.264957,83.0,2.0
54288.0,57.0,2.0,29.73,49.0,1,49.0,1,1,25086.627681,81.0,2.0
54290.0,43.0,2.0,36.54,112.0,0,60.0,0,0,26102.697054,78.0,1.0
54291.0,57.0,1.0,32.32,127.0,0,60.0,0,0,22997.291583,81.0,2.0
54292.0,56.0,2.0,41.81,130.0,0,60.0,0,0,103488.211736,76.0,2.0
54295.0,57.0,1.0,25.58,115.0,0,60.0,0,0,83025.267547,86.0,2.0
54296.0,80.0,1.0,,29.0,1,29.0,1,1,25944.375441,75.0,2.0
54297.0,29.0,1.0,21.36,124.0,0,60.0,0,0,32367.916173,78.0,2.0
54298.0,20.0,2.0,20.35,114.0,0,60.0,0,0,69859.569934,86.0,2.0
54299.0,19.0,1.0,32.76,121.0,0,60.0,0,0,12457.951245,80.0,1.0
54301.0,45.0,1.0,30.4,116.0,0,60.0,0,0,20849.684194,87.0,2.0
54302.0,40.0,1.0,28.17,113.0,0,60.0,0,0,28613.871158,83.0,2.0
54303.0,56.0,2.0,21.56,132.0,0,60.0,0,0,29830.589625,75.0,2.0
54304.0,38.0,2.0,24.55,115.0,0,60.0,0,0,58615.208279,86.0,2.0
54305.0,50.0,2.0,33.5,130.0,0,60.0,0,0,21842.228822,84.0,1.0
54306.0,39.0,1.0,43.73,126.0,0,60.0,0,0,32878.174859,81.0,2.0
54307.0,28.0,2.0,28.18,115.0,0,60.0,0,0,77106.810218,87.0,2.0
54308.0,20.0,1.0,19.55,124.0,0,60.0,0,0,31652.47079,77.0,1.0
54309.0,28.0,2.0,27.08,123.0,0,60.0,0,0,20066.297111,76.0,2.0
54310.0,50.0,1.0,28.44,129.0,0,60.0,0,0,92447.874289,76.0,2.0
54312.0,48.0,2.0,27.27,109.0,0,60.0,0,0,14251.534831,85.0,2.0
54317.0,64.0,1.0,25.09,128.0,0,60.0,0,0,58107.758234,81.0,2.0
54318.0,18.0,2.0,21.57,117.0,0,60.0,0,0,57851.968243,79.0,2.0
54319.0,43.0,1.0,34.85,120.0,0,60.0,0,0,20202.943323,76.0,1.0
54323.0,80.0,2.0,27.57,47.0,1,47.0,1,1,15543.766308,77.0,2.0
54324.0,50.0,1.0,33.4,126.0,0,60.0,0,0,15296.649112,82.0,2.0
54325.0,65.0,2.0,28.77,113.0,0,60.0,0,0,6323.300843,88.0,1.0
54326.0,36.0,2.0,29.39,126.0,0,60.0,0,0,21978.976335,82.0,2.0
54330.0,28.0,2.0,33.76,124.0,0,60.0,0,0,21806.120245,89.0,2.0
54332.0,39.0,2.0,37.14,126.0,0,60.0,0,0,26824.964193,82.0,2.0
54333.0,24.0,1.0,38.12,118.0,0,60.0,0,0,26954.064989,84.0,2.0
54334.0,45.0,1.0,20.99,129.0,0,60.0,0,0,26444.710314,75.0,2.0
54335.0,34.0,2.0,26.12,130.0,0,60.0,0,0,84008.701458,75.0,2.0
54336.0,20.0,1.0,28.57,130.0,0,60.0,0,0,97363.46003,76.0,2.0
54337.0,49.0,2.0,28.63,119.0,0,60.0,0,0,17883.832937,76.0,1.0
54338.0,19.0,2.0,19.24,116.0,0,60.0,0,0,14450.989412,89.0,1.0
54339.0,52.0,2.0,25.05,118.0,0,60.0,0,0,105631.466784,77.0,2.0
54343.0,28.0,1.0,35.98,128.0,0,60.0,0,0,29577.066079,82.0,1.0
54344.0,20.0,2.0,19.7,118.0,0,60.0,0,0,24551.346959,77.0,2.0
54346.0,66.0,2.0,30.45,117.0,0,60.0,0,0,6950.891576,77.0,2.0
54348.0,80.0,1.0,26.68,24.0,1,24.0,1,1,18846.1841,80.0,1.0
54349.0,37.0,1.0,26.65,121.0,0,60.0,0,0,14122.836195,80.0,1.0
54351.0,80.0,2.0,22.76,118.0,0,60.0,0,0,35529.150526,79.0,2.0
54354.0,60.0,1.0,30.92,5.0,1,5.0,1,1,70005.845559,80.0,2.0
54355.0,80.0,1.0,35.23,8.0,1,8.0,1,1,24350.693318,79.0,1.0
54356.0,55.0,2.0,25.53,113.0,0,60.0,0,0,30561.066068,83.0,2.0
54357.0,45.0,2.0,28.83,112.0,0,60.0,0,0,15909.284279,88.0,1.0
54358.0,62.0,2.0,40.09,119.0,0,60.0,0,0,12727.810827,84.0,2.0
54359.0,23.0,2.0,26.3,114.0,0,60.0,0,0,18513.722364,78.0,1.0
54361.0,47.0,1.0,35.32,108.0,0,60.0,0,0,21657.637822,81.0,1.0
54363.0,54.0,2.0,28.86,116.0,0,60.0,0,0,14770.594178,87.0,1.0
54364.0,61.0,1.0,29.49,113.0,0,60.0,0,0,22753.03919,83.0,2.0
54366.0,44.0,2.0,26.03,81.0,1,60.0,0,0,74955.029443,87.0,2.0
54367.0,45.0,2.0,38.92,106.0,0,60.0,0,0,18096.820742,85.0,2.0
54368.0,33.0,2.0,35.43,129.0,0,60.0,0,0,16637.651093,76.0,2.0
54369.0,67.0,2.0,17.53,110.0,0,60.0,0,0,25803.027466,83.0,1.0
54370.0,46.0,1.0,38.71,108.0,0,60.0,0,0,21720.506558,81.0,1.0
54371.0,27.0,2.0,25.33,123.0,0,60.0,0,0,21072.171399,80.0,1.0
54372.0,18.0,2.0,18.4,109.0,0,60.0,0,0,14275.551575,81.0,1.0
54375.0,76.0,1.0,32.15,15.0,1,15.0,1,1,32338.062285,76.0,1.0
54378.0,65.0,2.0,27.62,108.0,0,60.0,0,0,67032.592835,85.0,2.0
54379.0,18.0,1.0,23.58,110.0,0,60.0,0,0,11559.611326,85.0,1.0
54381.0,37.0,2.0,28.89,131.0,0,60.0,0,0,18680.399242,75.0,2.0
54383.0,27.0,2.0,21.18,129.0,0,60.0,0,0,27063.083428,86.0,1.0
54386.0,52.0,1.0,25.99,114.0,0,60.0,0,0,15166.692956,87.0,1.0
54391.0,37.0,2.0,19.61,115.0,0,60.0,0,0,19444.28278,87.0,2.0
54392.0,64.0,2.0,33.68,121.0,0,60.0,0,0,20803.887002,80.0,2.0
54395.0,38.0,1.0,41.89,110.0,0,60.0,0,0,13787.472062,88.0,1.0
54396.0,22.0,1.0,33.65,115.0,0,60.0,0,0,27411.030999,85.0,1.0
54397.0,52.0,2.0,27.17,127.0,0,60.0,0,0,24964.637383,82.0,2.0
54398.0,28.0,2.0,23.98,117.0,0,60.0,0,0,22309.405483,87.0,2.0
54399.0,47.0,2.0,31.12,109.0,0,60.0,0,0,16675.957415,85.0,1.0
54401.0,52.0,1.0,24.59,129.0,1,60.0,0,0,12887.255838,81.0,1.0
54403.0,24.0,2.0,48.84,124.0,0,60.0,0,0,23219.265387,86.0,3.0
54406.0,46.0,1.0,23.39,130.0,0,60.0,0,0,16756.11686,84.0,1.0
54407.0,30.0,1.0,30.19,128.0,0,60.0,0,0,32172.139568,81.0,2.0
54409.0,20.0,1.0,18.54,132.0,0,60.0,0,0,122224.094405,75.0,2.0
54413.0,80.0,1.0,25.31,121.0,0,60.0,0,0,13392.904971,78.0,2.0
54415.0,40.0,1.0,28.76,122.0,0,60.0,0,0,79066.362267,80.0,2.0
54416.0,52.0,2.0,42.84,125.0,0,60.0,0,0,22498.50756,77.0,1.0
54417.0,26.0,1.0,24.15,96.0,1,60.0,0,0,86578.325539,76.0,1.0
54418.0,46.0,2.0,41.54,117.0,0,60.0,0,0,69167.196066,84.0,2.0
54419.0,53.0,1.0,34.99,120.0,0,60.0,0,0,25034.303586,78.0,2.0
54421.0,61.0,2.0,28.05,114.0,0,60.0,0,0,22769.495307,87.0,2.0
54422.0,42.0,2.0,36.3,110.0,0,60.0,0,0,19502.935565,81.0,1.0
54423.0,67.0,2.0,24.96,30.0,1,30.0,1,1,6792.427299,75.0,1.0
54424.0,32.0,1.0,16.74,129.0,0,60.0,0,0,27703.632907,86.0,1.0
54429.0,31.0,2.0,23.34,122.0,0,60.0,0,0,13543.36752,80.0,1.0
54430.0,47.0,1.0,32.62,124.0,0,60.0,0,0,61727.606346,86.0,3.0
54431.0,23.0,2.0,21.28,123.0,0,60.0,0,0,76883.513859,77.0,1.0
54432.0,71.0,2.0,34.24,118.0,0,60.0,0,0,15553.107018,75.0,1.0
54433.0,47.0,2.0,23.48,123.0,0,60.0,0,0,83446.970885,80.0,2.0
54437.0,51.0,2.0,24.75,114.0,0,60.0,0,0,92692.67525,87.0,2.0
54439.0,63.0,1.0,27.69,114.0,0,60.0,0,0,6580.447866,87.0,1.0
54440.0,51.0,1.0,35.34,127.0,0,60.0,0,0,15497.237028,82.0,2.0
54441.0,45.0,2.0,30.94,116.0,0,60.0,0,0,34814.591257,87.0,2.0
54442.0,29.0,1.0,26.97,123.0,0,60.0,0,0,80008.778915,79.0,1.0
54443.0,47.0,2.0,28.82,124.0,0,60.0,0,0,79088.217729,77.0,1.0
54444.0,50.0,2.0,31.0,114.0,0,60.0,0,0,26047.980138,83.0,2.0
54446.0,80.0,1.0,23.88,55.0,1,55.0,1,1,10339.917726,78.0,1.0
54448.0,27.0,2.0,20.85,127.0,0,60.0,0,0,26794.029712,82.0,2.0
54449.0,43.0,2.0,15.98,113.0,0,60.0,0,0,85773.925002,77.0,1.0
54450.0,47.0,2.0,32.43,115.0,0,60.0,0,0,21698.029982,87.0,1.0
54451.0,44.0,2.0,30.38,56.0,1,56.0,1,1,17361.209897,86.0,2.0
54456.0,71.0,1.0,32.85,35.0,1,35.0,1,1,13269.861374,80.0,2.0
54458.0,41.0,2.0,32.67,112.0,0,60.0,0,0,15149.357206,88.0,1.0
54459.0,41.0,2.0,27.75,121.0,0,60.0,0,0,59173.068083,80.0,1.0
54460.0,30.0,1.0,36.15,129.0,0,60.0,0,0,29960.524431,82.0,1.0
54461.0,72.0,2.0,65.19,95.0,1,60.0,0,0,36218.058328,77.0,1.0
54463.0,68.0,2.0,32.36,118.0,0,60.0,0,0,61415.309874,76.0,1.0
54464.0,46.0,2.0,32.25,110.0,0,60.0,0,0,66647.273602,83.0,1.0
54465.0,18.0,2.0,26.29,130.0,0,60.0,0,0,14008.088611,84.0,1.0
54466.0,54.0,2.0,31.38,122.0,0,60.0,0,0,14378.292026,78.0,2.0
54467.0,67.0,2.0,23.35,103.0,1,60.0,0,0,8499.199919,75.0,1.0
54468.0,29.0,1.0,26.1,123.0,0,60.0,0,0,96231.37019,77.0,1.0
54470.0,67.0,1.0,36.94,23.0,1,23.0,1,1,11090.405822,81.0,1.0
54471.0,31.0,2.0,25.76,115.0,0,60.0,0,0,25936.820943,87.0,1.0
54472.0,39.0,2.0,28.24,123.0,0,60.0,0,0,36084.51781,78.0,2.0
54473.0,65.0,1.0,22.77,129.0,0,60.0,0,0,9131.507529,84.0,1.0
54474.0,33.0,1.0,26.77,117.0,0,60.0,0,0,33128.491208,77.0,2.0
54475.0,35.0,1.0,46.58,124.0,0,60.0,0,0,21769.249489,86.0,3.0
54476.0,46.0,2.0,31.58,122.0,0,60.0,0,0,73624.439794,80.0,2.0
54478.0,43.0,1.0,43.29,122.0,0,60.0,0,0,26922.572009,80.0,2.0
54479.0,28.0,2.0,38.57,11.0,1,11.0,1,1,34617.095501,78.0,2.0
54481.0,52.0,2.0,27.05,118.0,0,60.0,0,0,108048.508847,79.0,2.0
54482.0,50.0,2.0,30.98,129.0,0,60.0,0,0,21678.824091,86.0,1.0
54484.0,51.0,1.0,26.16,130.0,0,60.0,0,0,92005.247878,76.0,2.0
54485.0,31.0,2.0,24.36,123.0,0,60.0,0,0,28942.626204,79.0,1.0
54486.0,36.0,1.0,41.19,129.0,0,60.0,0,0,15307.30365,76.0,2.0
54487.0,45.0,1.0,33.36,108.0,0,60.0,0,0,72486.78935,85.0,1.0
54489.0,21.0,2.0,17.4,120.0,0,60.0,0,0,23072.108007,80.0,1.0
54491.0,63.0,1.0,58.18,130.0,1,60.0,0,0,63106.006013,81.0,1.0
54492.0,29.0,1.0,21.42,128.0,0,60.0,0,0,31122.307007,86.0,1.0
54493.0,51.0,2.0,27.62,115.0,0,60.0,0,0,12139.213408,86.0,2.0
54498.0,33.0,2.0,32.22,115.0,0,60.0,0,0,36330.97264,83.0,2.0
54503.0,43.0,1.0,27.18,131.0,0,60.0,0,0,77775.512186,75.0,2.0
54504.0,55.0,1.0,30.05,117.0,0,60.0,0,0,12664.205092,89.0,1.0
54509.0,60.0,1.0,41.11,121.0,0,60.0,0,0,62997.695381,78.0,2.0
54510.0,25.0,2.0,32.0,115.0,0,60.0,0,0,28705.971496,87.0,2.0
54511.0,47.0,2.0,18.41,121.0,0,60.0,0,0,14191.669922,80.0,1.0
54519.0,61.0,1.0,29.53,111.0,0,60.0,0,0,8268.669572,85.0,1.0
54520.0,27.0,1.0,28.82,129.0,0,60.0,0,0,78033.89945,84.0,1.0
54521.0,18.0,2.0,36.95,127.0,0,60.0,0,0,19610.264761,81.0,2.0
54522.0,19.0,2.0,,122.0,0,60.0,0,0,14350.750328,78.0,2.0
54523.0,68.0,2.0,27.77,110.0,0,60.0,0,0,6912.351852,81.0,1.0
54524.0,41.0,2.0,35.15,128.0,0,60.0,0,0,15510.135957,82.0,1.0
54526.0,21.0,2.0,27.89,118.0,0,60.0,0,0,23531.18668,76.0,1.0
54528.0,39.0,2.0,39.75,132.0,0,60.0,0,0,82513.077868,75.0,2.0
54532.0,61.0,2.0,27.31,133.0,0,60.0,0,0,82542.952894,75.0,2.0
54533.0,68.0,1.0,45.72,110.0,0,60.0,0,0,74236.852196,83.0,1.0
54534.0,30.0,2.0,23.96,122.0,0,60.0,0,0,18759.085729,80.0,2.0
54538.0,24.0,1.0,31.38,117.0,0,60.0,0,0,31500.923557,77.0,1.0
54539.0,59.0,2.0,32.52,124.0,0,60.0,0,0,23163.995303,77.0,1.0
54540.0,47.0,1.0,56.21,129.0,0,60.0,0,0,19841.964464,86.0,1.0
54542.0,49.0,1.0,22.28,114.0,0,60.0,0,0,96920.658773,83.0,2.0
54544.0,53.0,2.0,36.19,118.0,0,60.0,0,0,99626.593895,79.0,2.0
54546.0,35.0,1.0,38.09,129.0,0,60.0,0,0,57230.152048,76.0,2.0
54548.0,27.0,2.0,30.65,116.0,0,60.0,0,0,17966.146386,87.0,2.0
54550.0,50.0,1.0,33.17,124.0,0,60.0,0,0,68871.178599,86.0,3.0
54551.0,47.0,1.0,41.63,115.0,0,60.0,0,0,24916.151745,87.0,1.0
54553.0,61.0,1.0,25.06,110.0,0,60.0,0,0,61916.952446,77.0,2.0
54554.0,80.0,1.0,24.79,112.0,0,60.0,0,0,22695.909683,76.0,2.0
54555.0,23.0,2.0,37.37,122.0,0,60.0,0,0,64409.585182,80.0,1.0
54556.0,33.0,2.0,25.88,127.0,0,60.0,0,0,23669.698792,82.0,2.0
54557.0,29.0,2.0,21.27,119.0,0,60.0,0,0,21718.995395,75.0,1.0
54558.0,66.0,2.0,25.62,108.0,0,60.0,0,0,6610.418824,85.0,2.0
54560.0,72.0,2.0,26.73,121.0,0,60.0,0,0,35645.410956,80.0,1.0
54561.0,80.0,1.0,22.11,17.0,1,17.0,1,1,12202.610363,80.0,1.0
54563.0,73.0,1.0,24.78,128.0,0,60.0,0,0,13399.455117,81.0,2.0
54564.0,34.0,1.0,28.7,127.0,0,60.0,0,0,35121.28555,82.0,2.0
54565.0,36.0,2.0,20.66,119.0,0,60.0,0,0,52320.731799,76.0,1.0
54566.0,67.0,2.0,21.67,128.0,0,60.0,0,0,64992.272554,81.0,2.0
54567.0,20.0,1.0,31.3,124.0,0,60.0,0,0,21216.338334,86.0,3.0
54569.0,58.0,1.0,22.89,125.0,0,60.0,0,0,16985.579902,89.0,2.0
54570.0,72.0,2.0,22.29,128.0,0,60.0,0,0,16322.933104,82.0,1.0
54574.0,66.0,2.0,37.58,114.0,0,60.0,0,0,79504.28538,83.0,2.0
54575.0,41.0,1.0,34.81,118.0,0,60.0,0,0,32333.206704,75.0,1.0
54577.0,44.0,2.0,21.15,116.0,0,60.0,0,0,70388.427325,86.0,2.0
54580.0,80.0,1.0,30.57,29.0,1,29.0,1,1,25598.849966,83.0,2.0
54581.0,25.0,1.0,21.94,114.0,0,60.0,0,0,23737.702188,87.0,2.0
54583.0,64.0,2.0,40.0,121.0,0,60.0,0,0,58532.020031,80.0,1.0
54586.0,37.0,1.0,29.01,123.0,0,60.0,0,0,23603.166717,79.0,1.0
54587.0,37.0,2.0,33.97,116.0,0,60.0,0,0,59274.593748,86.0,2.0
54589.0,75.0,1.0,31.8,118.0,0,60.0,0,0,45746.206431,75.0,1.0
54598.0,37.0,2.0,24.03,109.0,0,60.0,0,0,19933.667798,85.0,1.0
54600.0,26.0,2.0,21.15,129.0,0,60.0,0,0,21675.482237,86.0,1.0
54601.0,72.0,2.0,18.34,111.0,0,60.0,0,0,18217.125303,88.0,2.0
54603.0,31.0,2.0,23.97,130.0,0,60.0,0,0,21700.507207,86.0,1.0
54604.0,24.0,1.0,21.65,110.0,0,60.0,0,0,37283.977095,83.0,1.0
54607.0,70.0,1.0,34.32,119.0,0,60.0,0,0,12115.199838,75.0,1.0
54610.0,69.0,1.0,,68.0,1,60.0,0,0,5819.580391,80.0,1.0
54612.0,61.0,2.0,25.89,112.0,0,60.0,0,0,13070.875072,78.0,1.0
54613.0,54.0,1.0,29.65,121.0,0,60.0,0,0,17971.703799,80.0,1.0
54615.0,43.0,2.0,20.31,118.0,0,60.0,0,0,28229.910621,75.0,1.0
54616.0,53.0,2.0,36.11,123.0,0,60.0,0,0,14954.183081,78.0,2.0
54618.0,44.0,1.0,26.99,125.0,0,60.0,0,0,81895.402401,77.0,1.0
54619.0,39.0,2.0,31.45,126.0,0,60.0,0,0,23007.095535,83.0,2.0
54620.0,75.0,2.0,31.45,123.0,0,60.0,0,0,18888.767065,80.0,1.0
54622.0,70.0,2.0,53.78,106.0,1,60.0,0,0,37401.305445,76.0,1.0
54623.0,80.0,2.0,33.7,102.0,1,60.0,0,0,37135.621166,77.0,2.0
54626.0,18.0,2.0,33.61,107.0,0,60.0,0,0,13933.0283,81.0,1.0
54627.0,28.0,1.0,20.95,120.0,0,60.0,0,0,42770.273595,75.0,1.0
54628.0,75.0,2.0,25.41,126.0,0,60.0,0,0,35983.714165,85.0,1.0
54629.0,70.0,1.0,24.61,52.0,1,52.0,1,1,9040.211166,77.0,1.0
54630.0,27.0,2.0,25.4,129.0,0,60.0,0,0,17455.637137,86.0,1.0
54631.0,64.0,1.0,26.75,14.0,1,14.0,1,1,7327.840584,82.0,1.0
54632.0,49.0,2.0,31.93,98.0,1,60.0,0,0,17774.63945,85.0,2.0
54633.0,80.0,2.0,28.06,28.0,1,28.0,1,1,34147.43303,77.0,1.0
54634.0,72.0,1.0,24.86,110.0,0,60.0,0,0,31716.126453,85.0,1.0
54636.0,34.0,1.0,20.45,116.0,0,60.0,0,0,16612.722955,86.0,2.0
54637.0,80.0,2.0,22.44,128.0,0,60.0,0,0,32532.709315,83.0,2.0
54638.0,26.0,1.0,27.22,110.0,0,60.0,0,0,113352.547603,83.0,1.0
54639.0,51.0,1.0,18.12,90.0,1,60.0,0,0,20939.514044,86.0,1.0
54640.0,21.0,2.0,37.9,120.0,0,60.0,0,0,21454.123417,80.0,1.0
54641.0,41.0,1.0,40.01,124.0,0,60.0,0,0,13659.3528,89.0,2.0
54642.0,68.0,1.0,25.71,120.0,0,60.0,0,0,8652.260078,75.0,1.0
54643.0,41.0,2.0,22.96,122.0,0,60.0,0,0,76603.798386,77.0,1.0
54644.0,31.0,2.0,31.28,119.0,0,60.0,0,0,34219.951101,75.0,1.0
54645.0,59.0,1.0,33.67,119.0,0,60.0,0,0,22647.295921,76.0,1.0
54646.0,64.0,2.0,22.51,110.0,0,60.0,0,0,8175.297589,83.0,1.0
54647.0,39.0,1.0,32.41,117.0,0,60.0,0,0,26355.394432,86.0,2.0
54649.0,18.0,2.0,22.68,113.0,0,60.0,0,0,18462.61377,83.0,2.0
54650.0,33.0,2.0,21.14,114.0,0,60.0,0,0,19875.405447,78.0,1.0
54651.0,43.0,1.0,29.73,123.0,0,60.0,0,0,69480.454154,79.0,1.0
54652.0,29.0,1.0,30.49,114.0,0,60.0,0,0,34563.319289,83.0,2.0
54659.0,45.0,2.0,20.15,120.0,0,60.0,0,0,21420.29799,78.0,2.0
54660.0,54.0,1.0,27.32,124.0,0,60.0,0,0,91372.94023,77.0,1.0
54661.0,26.0,2.0,21.47,126.0,0,60.0,0,0,26794.029712,82.0,2.0
54662.0,26.0,1.0,29.48,121.0,0,60.0,0,0,23098.516334,76.0,1.0
54663.0,72.0,1.0,30.32,114.0,0,60.0,0,0,15548.835179,83.0,2.0
54665.0,41.0,1.0,31.21,130.0,0,60.0,0,0,32185.696993,75.0,2.0
54666.0,19.0,1.0,23.67,128.0,0,60.0,0,0,46454.815938,86.0,1.0
54668.0,28.0,1.0,19.24,110.0,0,60.0,0,0,76614.706577,89.0,2.0
54669.0,70.0,1.0,25.97,124.0,0,60.0,0,0,34061.139515,77.0,1.0
54670.0,18.0,2.0,20.38,112.0,0,60.0,0,0,58689.592313,83.0,2.0
54673.0,26.0,2.0,31.24,124.0,0,60.0,0,0,60875.372074,89.0,2.0
54675.0,49.0,2.0,29.79,130.0,0,60.0,0,0,76603.798386,76.0,2.0
54676.0,19.0,1.0,29.6,114.0,0,60.0,0,0,18793.218957,82.0,2.0
54679.0,39.0,1.0,34.48,118.0,0,60.0,0,0,79303.669349,79.0,2.0
54680.0,35.0,1.0,29.07,117.0,0,60.0,0,0,26243.165863,86.0,2.0
54682.0,19.0,1.0,24.49,114.0,0,60.0,0,0,12252.665694,78.0,1.0
54683.0,43.0,1.0,36.05,115.0,0,60.0,0,0,18710.928533,86.0,2.0
54685.0,19.0,2.0,21.77,128.0,0,60.0,0,0,17343.215792,82.0,1.0
54689.0,25.0,2.0,52.34,131.0,0,60.0,0,0,20250.259743,84.0,1.0
54692.0,47.0,1.0,27.37,124.0,0,60.0,0,0,80126.824664,77.0,1.0
54698.0,62.0,2.0,43.2,125.0,0,60.0,0,0,5058.320293,86.0,3.0
54702.0,45.0,2.0,19.65,123.0,0,60.0,0,0,23499.838461,80.0,2.0
54703.0,23.0,2.0,21.5,124.0,0,60.0,0,0,27781.886926,79.0,1.0
54704.0,60.0,2.0,31.4,121.0,0,60.0,0,0,67460.906625,76.0,1.0
54707.0,79.0,1.0,21.39,88.0,1,60.0,0,0,11329.112652,84.0,1.0
54708.0,31.0,1.0,18.52,129.0,0,60.0,0,0,68055.064666,86.0,1.0
54709.0,79.0,1.0,28.44,129.0,0,60.0,0,0,33645.553037,76.0,2.0
54710.0,26.0,2.0,27.66,128.0,0,60.0,0,0,17634.14839,82.0,1.0
54711.0,41.0,1.0,26.8,110.0,0,60.0,0,0,18834.609067,85.0,1.0
54713.0,48.0,1.0,43.76,122.0,0,60.0,0,0,14144.8703,80.0,1.0
54716.0,21.0,2.0,25.04,110.0,0,60.0,0,0,35182.614422,83.0,1.0
54717.0,51.0,2.0,40.4,64.0,1,60.0,0,0,31093.010508,83.0,1.0
54719.0,35.0,2.0,28.39,129.0,0,60.0,0,0,21275.206694,84.0,1.0
54720.0,66.0,2.0,29.65,109.0,0,60.0,0,0,5704.537759,89.0,2.0
54721.0,50.0,1.0,30.83,120.0,0,60.0,0,0,10552.592777,76.0,1.0
54722.0,20.0,2.0,28.66,129.0,0,60.0,0,0,23856.489849,86.0,1.0
54725.0,62.0,1.0,31.69,118.0,0,60.0,0,0,67282.737786,79.0,2.0
54728.0,21.0,2.0,20.56,123.0,0,60.0,0,0,22601.104906,79.0,1.0
54730.0,78.0,2.0,23.55,90.0,1,60.0,0,0,21736.812302,77.0,1.0
54731.0,41.0,2.0,28.13,118.0,0,60.0,0,0,86576.383051,77.0,2.0
54732.0,36.0,2.0,48.28,127.0,0,60.0,0,0,23007.095535,83.0,2.0
54733.0,56.0,1.0,21.01,119.0,0,60.0,0,0,14779.061563,75.0,1.0
54734.0,65.0,1.0,24.5,121.0,0,60.0,0,0,52696.446317,80.0,1.0
54737.0,39.0,2.0,32.5,116.0,0,60.0,0,0,19929.709456,87.0,2.0
54738.0,67.0,1.0,35.77,126.0,0,60.0,0,0,57398.774363,81.0,2.0
54739.0,62.0,1.0,43.3,119.0,0,60.0,0,0,9357.580369,75.0,1.0
54740.0,51.0,2.0,19.68,119.0,0,60.0,0,0,108048.508847,79.0,2.0
54741.0,19.0,2.0,26.8,132.0,0,60.0,0,0,22170.250346,75.0,2.0
54743.0,78.0,2.0,25.57,122.0,0,60.0,0,0,34966.865728,80.0,1.0
54744.0,70.0,1.0,33.34,130.0,0,60.0,0,0,33645.553037,76.0,2.0
54746.0,40.0,1.0,29.41,130.0,0,60.0,0,0,84551.439388,76.0,2.0
54747.0,20.0,1.0,30.63,130.0,0,60.0,0,0,24702.669961,84.0,1.0
54748.0,28.0,1.0,30.6,113.0,0,60.0,0,0,25532.851241,78.0,1.0
54750.0,49.0,2.0,26.63,112.0,0,60.0,0,0,69026.344877,88.0,1.0
54752.0,66.0,2.0,26.64,119.0,0,60.0,0,0,58200.832529,76.0,1.0
54754.0,80.0,2.0,29.89,59.0,1,59.0,1,1,10343.744487,88.0,1.0
54757.0,63.0,2.0,30.94,119.0,0,60.0,0,0,8780.848777,75.0,1.0
54758.0,71.0,2.0,20.74,112.0,0,60.0,0,0,34310.671701,88.0,2.0
54759.0,34.0,2.0,28.2,118.0,0,60.0,0,0,32176.069511,84.0,2.0
54760.0,75.0,1.0,36.8,107.0,1,60.0,0,0,8948.469198,85.0,1.0
54761.0,43.0,2.0,28.53,124.0,0,60.0,0,0,14401.4831,86.0,3.0
54767.0,23.0,2.0,32.34,114.0,0,60.0,0,0,18331.631148,78.0,1.0
54768.0,19.0,1.0,24.19,130.0,0,60.0,0,0,16775.197285,80.0,2.0
54769.0,64.0,1.0,32.23,102.0,1,60.0,0,0,18572.718241,76.0,2.0
54770.0,35.0,1.0,25.79,121.0,0,60.0,0,0,19201.077114,80.0,1.0
54771.0,65.0,2.0,32.83,24.0,1,24.0,1,1,7445.892557,82.0,2.0
54773.0,40.0,2.0,30.9,109.0,0,60.0,0,0,19502.935565,81.0,1.0
54776.0,80.0,1.0,23.62,127.0,0,60.0,0,0,12868.360204,81.0,2.0
54777.0,23.0,2.0,46.62,118.0,0,60.0,0,0,19738.714889,86.0,2.0
54779.0,54.0,1.0,27.81,119.0,0,60.0,0,0,102596.475739,79.0,2.0
54780.0,72.0,1.0,22.72,110.0,0,60.0,0,0,31112.378995,85.0,1.0
54783.0,43.0,2.0,30.35,121.0,0,60.0,0,0,59173.068083,80.0,1.0
54784.0,65.0,2.0,27.32,128.0,0,60.0,0,0,60234.151229,85.0,1.0
54787.0,30.0,1.0,29.23,130.0,0,60.0,0,0,65732.423367,76.0,2.0
54788.0,70.0,1.0,28.54,130.0,0,60.0,0,0,11970.691986,75.0,2.0
54790.0,54.0,1.0,30.08,114.0,0,60.0,0,0,18163.356744,78.0,1.0
54791.0,48.0,2.0,25.92,124.0,0,60.0,0,0,19571.059856,79.0,1.0
54794.0,59.0,1.0,29.72,124.0,0,60.0,0,0,90382.442658,79.0,1.0
54797.0,19.0,1.0,27.11,118.0,0,60.0,0,0,16829.481983,75.0,1.0
54800.0,41.0,1.0,28.9,118.0,0,60.0,0,0,93833.198076,79.0,2.0
54802.0,60.0,1.0,24.85,127.0,0,60.0,0,0,19306.388893,81.0,2.0
54803.0,63.0,1.0,33.2,112.0,0,60.0,0,0,56375.402097,88.0,1.0
54808.0,77.0,1.0,32.69,109.0,1,60.0,0,0,31431.350966,77.0,1.0
54810.0,63.0,2.0,28.1,113.0,0,60.0,0,0,5302.202469,88.0,1.0
54811.0,30.0,1.0,20.96,115.0,0,60.0,0,0,26792.411843,86.0,2.0
54812.0,63.0,2.0,37.46,119.0,0,60.0,0,0,26351.123265,79.0,2.0
54813.0,66.0,1.0,,116.0,0,60.0,0,0,19243.44915,87.0,2.0
54814.0,36.0,2.0,25.65,116.0,0,60.0,0,0,16212.758504,89.0,1.0
54816.0,32.0,2.0,23.46,123.0,0,60.0,0,0,25247.94746,78.0,2.0
54818.0,34.0,2.0,23.51,108.0,0,60.0,0,0,22183.518983,85.0,2.0
54820.0,43.0,1.0,34.09,123.0,0,60.0,0,0,81895.402401,77.0,1.0
54821.0,58.0,2.0,33.97,123.0,0,60.0,0,0,24911.53081,77.0,1.0
54822.0,73.0,1.0,,42.0,1,42.0,1,1,12298.73433,83.0,2.0
54824.0,65.0,2.0,24.86,18.0,1,18.0,1,1,8066.115416,82.0,2.0
54825.0,40.0,1.0,36.85,131.0,0,60.0,0,0,27028.404053,75.0,2.0
54826.0,65.0,1.0,30.41,68.0,1,60.0,0,0,6649.123831,85.0,1.0
54829.0,50.0,2.0,33.48,128.0,0,60.0,0,0,106549.309737,76.0,2.0
54831.0,80.0,2.0,25.9,61.0,1,60.0,0,0,31605.48428,80.0,1.0
54832.0,28.0,2.0,30.19,110.0,0,60.0,0,0,19227.620116,85.0,1.0
54833.0,53.0,1.0,22.19,16.0,1,16.0,1,1,12887.255838,81.0,1.0
54834.0,75.0,2.0,13.18,68.0,1,60.0,0,0,17688.99721,88.0,2.0
54835.0,62.0,2.0,,107.0,1,60.0,0,0,5302.202469,88.0,2.0
54838.0,36.0,2.0,31.75,124.0,0,60.0,0,0,53047.717586,77.0,1.0
54839.0,80.0,1.0,22.46,55.0,1,55.0,1,1,21791.053723,81.0,2.0
54840.0,23.0,1.0,23.79,111.0,0,60.0,0,0,25532.851241,78.0,1.0
54841.0,18.0,2.0,20.8,114.0,0,60.0,0,0,12179.663287,86.0,2.0
54843.0,21.0,1.0,23.64,124.0,0,60.0,0,0,28831.479272,79.0,1.0
54844.0,19.0,2.0,31.33,110.0,0,60.0,0,0,11934.976804,88.0,2.0
54846.0,45.0,1.0,35.01,125.0,0,60.0,0,0,15845.945448,86.0,3.0
54847.0,31.0,1.0,17.32,123.0,0,60.0,0,0,29521.921912,79.0,1.0
54848.0,28.0,1.0,26.35,67.0,1,60.0,0,0,25672.241981,77.0,2.0
54850.0,20.0,1.0,25.1,118.0,0,60.0,0,0,25633.154553,84.0,2.0
54851.0,18.0,1.0,31.11,109.0,0,60.0,0,0,59479.017123,81.0,1.0
54856.0,18.0,1.0,29.73,131.0,0,60.0,0,0,52215.744511,76.0,2.0
54858.0,36.0,1.0,23.17,122.0,0,60.0,0,0,19753.304641,80.0,2.0
54859.0,23.0,1.0,24.46,112.0,0,60.0,0,0,23226.656266,88.0,2.0
54861.0,63.0,2.0,37.82,131.0,0,60.0,0,0,54357.656009,76.0,2.0
54862.0,58.0,1.0,26.58,113.0,0,60.0,0,0,24081.683608,83.0,2.0
54863.0,80.0,1.0,28.06,92.0,1,60.0,0,0,21984.637525,86.0,1.0
54865.0,31.0,1.0,24.1,109.0,0,60.0,0,0,22345.508971,83.0,1.0
54866.0,67.0,1.0,31.6,110.0,0,60.0,0,0,68602.369519,83.0,1.0
54867.0,62.0,2.0,25.07,124.0,0,60.0,0,0,54030.555012,89.0,2.0
54869.0,53.0,2.0,41.49,116.0,0,60.0,0,0,104944.339751,79.0,2.0
54870.0,38.0,1.0,23.35,118.0,0,60.0,0,0,26851.630694,84.0,2.0
54872.0,19.0,1.0,32.56,117.0,0,60.0,0,0,13862.4709,87.0,2.0
54873.0,73.0,2.0,27.78,70.0,1,60.0,0,0,16124.202669,81.0,2.0
54874.0,73.0,1.0,22.02,107.0,0,60.0,0,0,9611.003247,81.0,1.0
54875.0,60.0,1.0,26.96,118.0,0,60.0,0,0,9965.448553,84.0,2.0
54876.0,24.0,1.0,23.05,127.0,0,60.0,0,0,32055.614098,82.0,1.0
54881.0,78.0,1.0,,9.0,1,9.0,1,1,32931.023461,79.0,2.0
54886.0,73.0,1.0,20.34,123.0,0,60.0,0,0,31431.350966,77.0,1.0
54887.0,39.0,1.0,24.24,126.0,0,60.0,0,0,21306.780287,82.0,2.0
54891.0,64.0,1.0,32.09,109.0,0,60.0,0,0,10650.831373,81.0,1.0
54892.0,61.0,1.0,21.06,133.0,0,60.0,0,0,58644.199424,75.0,2.0
54894.0,77.0,2.0,26.94,120.0,0,60.0,0,0,39379.167199,78.0,2.0
54895.0,39.0,1.0,27.05,115.0,0,60.0,0,0,33958.460784,87.0,1.0
54899.0,20.0,1.0,19.83,122.0,0,60.0,0,0,34314.964876,80.0,2.0
54900.0,46.0,1.0,49.37,125.0,0,60.0,0,0,24848.1945,77.0,1.0
54901.0,44.0,2.0,34.07,119.0,0,60.0,0,0,18892.431453,79.0,2.0
54902.0,57.0,2.0,23.05,126.0,0,60.0,0,0,15819.069717,82.0,2.0
54903.0,55.0,2.0,38.55,116.0,0,60.0,0,0,84925.255206,86.0,2.0
54905.0,40.0,1.0,27.93,106.0,0,60.0,0,0,20283.608634,85.0,2.0
54907.0,39.0,2.0,33.61,126.0,0,60.0,0,0,23265.911378,83.0,2.0
54908.0,62.0,2.0,28.01,123.0,0,60.0,0,0,19061.009566,79.0,1.0
54910.0,47.0,2.0,21.97,128.0,0,60.0,0,0,19602.337447,82.0,1.0
54913.0,46.0,2.0,31.42,118.0,0,60.0,0,0,13694.321614,86.0,2.0
54914.0,33.0,1.0,33.02,130.0,0,60.0,0,0,58442.291272,84.0,1.0
54916.0,66.0,2.0,,27.0,1,27.0,1,1,20605.918934,77.0,1.0
54917.0,20.0,1.0,32.36,129.0,0,60.0,0,0,26065.861391,84.0,1.0
54919.0,38.0,1.0,22.79,117.0,0,60.0,0,0,33324.854365,77.0,2.0
54920.0,50.0,1.0,28.41,131.0,0,60.0,0,0,17126.695224,84.0,1.0
54921.0,25.0,1.0,40.65,115.0,0,60.0,0,0,32812.431481,87.0,1.0
54923.0,60.0,1.0,44.73,110.0,0,60.0,0,0,6649.123831,85.0,1.0
54925.0,38.0,1.0,28.58,117.0,0,60.0,0,0,78224.972418,77.0,2.0
54926.0,62.0,1.0,27.8,29.0,1,29.0,1,1,21573.134446,75.0,2.0
54927.0,71.0,2.0,34.17,128.0,0,60.0,0,0,38087.107887,81.0,2.0
54931.0,19.0,1.0,21.97,125.0,0,60.0,0,0,12249.676692,89.0,2.0
54932.0,55.0,1.0,33.9,113.0,0,60.0,0,0,10760.07565,78.0,1.0
54933.0,51.0,1.0,28.06,114.0,0,60.0,0,0,17577.44201,78.0,1.0
54934.0,24.0,1.0,22.55,114.0,0,60.0,0,0,25442.668401,78.0,1.0
54935.0,60.0,1.0,25.1,110.0,0,60.0,0,0,51085.435406,85.0,1.0
54936.0,47.0,1.0,24.21,111.0,0,60.0,0,0,21063.174792,78.0,1.0
54939.0,30.0,2.0,20.65,123.0,0,60.0,0,0,54729.408706,79.0,1.0
54940.0,29.0,2.0,21.05,114.0,0,60.0,0,0,68924.740929,86.0,2.0
54941.0,31.0,2.0,26.89,113.0,0,60.0,0,0,72970.112301,87.0,1.0
54943.0,65.0,1.0,25.3,126.0,0,60.0,0,0,8401.91118,82.0,2.0
54945.0,54.0,2.0,24.63,128.0,0,60.0,0,0,107298.217979,81.0,2.0
54948.0,72.0,2.0,38.42,129.0,0,60.0,0,0,38913.512966,76.0,2.0
54950.0,59.0,2.0,23.98,122.0,0,60.0,0,0,112421.513631,80.0,2.0
54951.0,24.0,2.0,21.08,129.0,0,60.0,0,0,27063.083428,86.0,1.0
54952.0,40.0,2.0,26.96,121.0,0,60.0,0,0,19657.057397,80.0,2.0
54956.0,25.0,2.0,44.19,115.0,0,60.0,0,0,87428.309582,83.0,2.0
54957.0,73.0,1.0,29.07,120.0,0,60.0,0,0,32114.30849,76.0,1.0
54958.0,70.0,2.0,35.56,109.0,0,60.0,0,0,39896.845563,85.0,2.0
54959.0,40.0,2.0,34.1,130.0,0,60.0,0,0,62258.351172,84.0,1.0
54960.0,24.0,1.0,24.7,38.0,1,38.0,1,1,105153.344223,81.0,2.0
54962.0,22.0,2.0,22.24,123.0,0,60.0,0,0,77748.406664,77.0,1.0
54963.0,39.0,2.0,40.12,113.0,0,60.0,0,0,35207.447574,83.0,2.0
54964.0,24.0,1.0,24.32,124.0,0,60.0,0,0,96231.37019,77.0,1.0
54966.0,38.0,1.0,41.18,108.0,0,60.0,0,0,67850.729512,85.0,2.0
54968.0,37.0,1.0,36.41,127.0,0,60.0,0,0,56718.456118,81.0,2.0
54972.0,80.0,1.0,39.84,12.0,1,12.0,1,1,21402.537414,88.0,1.0
54974.0,80.0,1.0,27.59,80.0,1,60.0,0,0,22695.909683,76.0,2.0
54977.0,24.0,1.0,29.68,123.0,0,60.0,0,0,29193.681764,79.0,1.0
54978.0,80.0,2.0,43.41,111.0,0,60.0,0,0,12279.943493,88.0,2.0
54980.0,60.0,2.0,26.94,108.0,0,60.0,0,0,70094.328293,81.0,1.0
54982.0,44.0,1.0,,124.0,0,60.0,0,0,81895.402401,77.0,1.0
54983.0,80.0,1.0,23.84,3.0,1,3.0,1,1,22809.934212,82.0,1.0
54984.0,36.0,1.0,28.2,120.0,0,60.0,0,0,32902.441091,78.0,2.0
54987.0,37.0,2.0,28.98,127.0,0,60.0,0,0,22407.236696,81.0,2.0
54989.0,79.0,1.0,25.95,77.0,1,60.0,0,0,13827.829343,82.0,1.0
54990.0,69.0,2.0,27.54,109.0,0,60.0,0,0,63146.96853,85.0,2.0
54993.0,70.0,2.0,26.91,120.0,0,60.0,0,0,15553.107018,75.0,1.0
54994.0,65.0,2.0,30.69,122.0,0,60.0,0,0,8780.848777,80.0,2.0
54996.0,29.0,2.0,22.07,130.0,0,60.0,0,0,28289.992563,75.0,2.0
54999.0,24.0,2.0,22.55,110.0,0,60.0,0,0,26805.253441,83.0,1.0
55000.0,52.0,2.0,30.94,109.0,0,60.0,0,0,17939.916906,81.0,1.0
55001.0,37.0,1.0,26.56,107.0,0,60.0,0,0,40554.780431,81.0,1.0
55002.0,23.0,2.0,28.24,129.0,0,60.0,0,0,73015.755387,76.0,2.0
55003.0,54.0,1.0,28.03,22.0,1,22.0,1,1,20524.865968,76.0,1.0
55004.0,51.0,1.0,28.62,123.0,0,60.0,0,0,14654.521299,78.0,2.0
55006.0,47.0,1.0,30.14,127.0,0,60.0,0,0,81137.105672,82.0,1.0
55007.0,51.0,1.0,25.06,115.0,0,60.0,0,0,12062.264954,86.0,2.0
55011.0,27.0,2.0,23.15,129.0,0,60.0,0,0,74082.432714,86.0,1.0
55012.0,41.0,2.0,38.38,111.0,0,60.0,0,0,14509.785933,88.0,1.0
55014.0,67.0,2.0,50.09,106.0,0,60.0,0,0,6774.929441,85.0,2.0
55015.0,29.0,2.0,20.34,129.0,0,60.0,0,0,74915.815058,86.0,1.0
55017.0,46.0,1.0,33.35,130.0,0,60.0,0,0,23942.905374,86.0,1.0
55018.0,67.0,1.0,23.61,108.0,0,60.0,0,0,60349.521987,85.0,2.0
55019.0,65.0,1.0,36.18,94.0,1,60.0,0,0,9357.580369,75.0,1.0
55020.0,47.0,1.0,27.42,127.0,0,60.0,0,0,89170.762796,81.0,2.0
55021.0,35.0,1.0,25.24,130.0,0,60.0,0,0,23790.496586,84.0,1.0
55023.0,33.0,1.0,48.22,131.0,0,60.0,0,0,65701.278468,75.0,2.0
55026.0,42.0,1.0,26.49,118.0,0,60.0,0,0,23620.047773,77.0,2.0
55030.0,22.0,2.0,29.67,117.0,0,60.0,0,0,85345.548329,77.0,2.0
55033.0,78.0,2.0,32.24,119.0,0,60.0,0,0,36908.458093,84.0,2.0
55034.0,69.0,2.0,20.18,112.0,0,60.0,0,0,60851.686967,77.0,1.0
55035.0,52.0,2.0,33.39,121.0,0,60.0,0,0,18008.917501,75.0,1.0
55036.0,35.0,2.0,26.71,129.0,0,60.0,0,0,63911.295221,82.0,1.0
55038.0,53.0,2.0,26.66,130.0,0,60.0,0,0,21842.228822,84.0,1.0
55039.0,24.0,2.0,31.02,129.0,0,60.0,0,0,29347.737148,86.0,1.0
55040.0,21.0,1.0,22.88,122.0,0,60.0,0,0,30034.140221,80.0,2.0
55042.0,47.0,1.0,39.43,123.0,0,60.0,0,0,20754.570941,77.0,1.0
55044.0,79.0,2.0,26.46,127.0,0,60.0,0,0,38826.202591,81.0,2.0
55045.0,31.0,1.0,24.6,115.0,0,60.0,0,0,68643.200606,87.0,2.0
55046.0,80.0,2.0,29.68,68.0,1,60.0,0,0,38178.215592,82.0,1.0
55047.0,64.0,2.0,40.76,69.0,1,60.0,0,0,83381.248558,82.0,2.0
55051.0,18.0,2.0,20.02,130.0,0,60.0,0,0,40933.232554,84.0,1.0
55052.0,26.0,2.0,25.41,124.0,0,60.0,0,0,13654.431065,86.0,3.0
55053.0,43.0,2.0,28.51,124.0,0,60.0,0,0,14401.4831,86.0,3.0
55054.0,32.0,1.0,27.82,123.0,0,60.0,0,0,69862.627307,79.0,1.0
55055.0,39.0,1.0,25.72,110.0,0,60.0,0,0,83194.20108,83.0,1.0
55057.0,71.0,2.0,30.8,124.0,0,60.0,0,0,14320.924466,77.0,1.0
55058.0,58.0,1.0,29.86,115.0,0,60.0,0,0,10549.18737,87.0,2.0
55059.0,52.0,1.0,24.94,117.0,0,60.0,0,0,24026.871545,77.0,2.0
55062.0,20.0,1.0,20.91,116.0,0,60.0,0,0,31888.720752,87.0,1.0
55063.0,55.0,1.0,22.28,109.0,1,60.0,0,0,24836.709619,83.0,1.0
55065.0,29.0,1.0,20.31,123.0,0,60.0,0,0,30421.408326,80.0,2.0
55067.0,61.0,2.0,,120.0,0,60.0,0,0,8213.407304,75.0,1.0
55069.0,76.0,1.0,27.53,113.0,1,60.0,0,0,27648.775659,84.0,1.0
55070.0,27.0,1.0,25.16,124.0,0,60.0,0,0,29841.823939,79.0,1.0
55072.0,60.0,2.0,34.09,120.0,0,60.0,0,0,8567.6299,75.0,1.0
55073.0,52.0,2.0,37.39,120.0,0,60.0,0,0,21900.528534,76.0,1.0
55075.0,35.0,1.0,26.21,113.0,0,60.0,0,0,23709.472842,88.0,2.0
55076.0,80.0,2.0,22.16,129.0,0,60.0,0,0,25276.77403,86.0,1.0
55077.0,31.0,2.0,18.29,126.0,0,60.0,0,0,77701.102278,82.0,2.0
55079.0,50.0,1.0,35.4,118.0,0,60.0,0,0,14786.890848,79.0,2.0
55084.0,22.0,1.0,29.14,124.0,0,60.0,0,0,31948.924683,79.0,1.0
55085.0,19.0,2.0,26.84,130.0,0,60.0,0,0,40933.232554,84.0,1.0
55086.0,32.0,2.0,23.81,127.0,0,60.0,0,0,77701.102278,82.0,2.0
55088.0,18.0,1.0,23.99,130.0,0,60.0,0,0,11401.321412,84.0,1.0
55089.0,38.0,1.0,26.47,122.0,0,60.0,0,0,33706.739675,78.0,2.0
55091.0,50.0,1.0,28.05,121.0,0,60.0,0,0,25344.033903,80.0,2.0
55092.0,47.0,1.0,21.87,117.0,0,60.0,0,0,72766.266019,84.0,2.0
55093.0,19.0,1.0,26.47,122.0,0,60.0,0,0,18506.774369,80.0,2.0
55094.0,53.0,1.0,26.29,53.0,1,53.0,1,1,23192.901232,81.0,2.0
55099.0,50.0,2.0,32.55,111.0,0,60.0,0,0,10257.596301,88.0,2.0
55100.0,36.0,1.0,24.14,107.0,0,60.0,0,0,68177.151381,85.0,2.0
55102.0,67.0,1.0,39.51,47.0,1,47.0,1,1,67428.708671,83.0,2.0
55104.0,39.0,2.0,28.83,115.0,0,60.0,0,0,20095.542159,77.0,1.0
55105.0,22.0,2.0,22.51,126.0,0,60.0,0,0,21200.484115,82.0,2.0
55106.0,65.0,2.0,29.23,120.0,0,60.0,0,0,5379.192772,78.0,2.0
55107.0,80.0,1.0,22.1,25.0,1,25.0,1,1,11147.063562,86.0,2.0
55108.0,63.0,2.0,29.34,114.0,0,60.0,0,0,6249.638458,86.0,2.0
55110.0,25.0,1.0,28.5,112.0,0,60.0,0,0,75829.3418,88.0,1.0
55112.0,30.0,2.0,30.93,119.0,0,60.0,0,0,68102.336097,76.0,1.0
55113.0,22.0,1.0,24.22,129.0,0,60.0,0,0,26191.26118,84.0,1.0
55114.0,47.0,1.0,35.62,125.0,0,60.0,0,0,18719.828589,82.0,2.0
55115.0,36.0,2.0,35.88,121.0,0,60.0,0,0,36795.950229,78.0,2.0
55117.0,20.0,2.0,21.93,116.0,0,60.0,0,0,19738.714889,86.0,2.0
55118.0,18.0,2.0,18.46,118.0,0,60.0,0,0,64717.93644,77.0,2.0
55119.0,52.0,2.0,27.39,74.0,1,60.0,0,0,17694.120385,75.0,2.0
55120.0,55.0,1.0,27.02,125.0,0,60.0,0,0,24653.356286,82.0,2.0
55121.0,18.0,1.0,26.83,119.0,0,60.0,0,0,17247.253321,78.0,2.0
55123.0,31.0,2.0,35.09,116.0,0,60.0,0,0,14506.552361,89.0,1.0
55126.0,63.0,1.0,21.22,17.0,1,17.0,1,1,12941.542227,82.0,2.0
55127.0,35.0,2.0,39.6,129.0,0,60.0,0,0,62773.469744,82.0,1.0
55134.0,61.0,2.0,30.78,119.0,1,60.0,0,0,64090.944933,82.0,1.0
55138.0,44.0,2.0,27.84,112.0,0,60.0,0,0,27466.731558,78.0,1.0
55139.0,41.0,2.0,29.43,118.0,0,60.0,0,0,27555.629653,84.0,2.0
55143.0,36.0,1.0,35.02,115.0,0,60.0,0,0,33287.030545,83.0,2.0
55146.0,43.0,2.0,22.79,116.0,0,60.0,0,0,21594.166094,77.0,2.0
55147.0,42.0,2.0,26.34,111.0,0,60.0,0,0,90557.0515,83.0,1.0
55150.0,37.0,1.0,30.28,108.0,0,60.0,0,0,30464.274139,81.0,1.0
55152.0,80.0,2.0,29.5,90.0,1,60.0,0,0,38592.880569,77.0,2.0
55155.0,29.0,1.0,25.26,115.0,0,60.0,0,0,29607.132086,87.0,2.0
55156.0,28.0,2.0,33.0,130.0,0,60.0,0,0,24715.095199,84.0,1.0
55157.0,36.0,1.0,23.7,115.0,0,60.0,0,0,26792.411843,86.0,2.0
55158.0,61.0,2.0,36.35,132.0,0,60.0,0,0,75906.644182,75.0,2.0
55160.0,76.0,2.0,30.77,127.0,0,60.0,0,0,38087.107887,81.0,2.0
55161.0,80.0,1.0,27.12,51.0,1,51.0,1,1,10876.387636,86.0,2.0
55162.0,25.0,2.0,21.0,108.0,0,60.0,0,0,76583.297781,85.0,2.0
55163.0,30.0,2.0,22.08,120.0,0,60.0,0,0,75013.62029,78.0,2.0
55165.0,71.0,1.0,30.37,116.0,0,60.0,0,0,13215.497789,87.0,1.0
55166.0,29.0,1.0,33.21,128.0,0,60.0,0,0,95340.331974,82.0,1.0
55167.0,43.0,2.0,25.39,113.0,0,60.0,0,0,21270.615657,83.0,2.0
55168.0,68.0,2.0,31.71,108.0,0,60.0,0,0,5483.250493,85.0,1.0
55170.0,55.0,2.0,38.5,118.0,0,60.0,0,0,24216.969057,84.0,2.0
55171.0,21.0,2.0,25.21,131.0,0,60.0,0,0,36169.594051,75.0,2.0
55172.0,37.0,1.0,22.67,113.0,0,60.0,0,0,21637.39508,83.0,2.0
55173.0,36.0,1.0,27.23,112.0,0,60.0,0,0,24614.504514,78.0,1.0
55174.0,70.0,2.0,36.13,124.0,0,60.0,0,0,12306.410044,86.0,3.0
55176.0,58.0,2.0,37.95,92.0,1,60.0,0,0,22290.186406,82.0,1.0
55177.0,47.0,1.0,27.96,109.0,0,60.0,0,0,15989.393546,85.0,2.0
55178.0,24.0,2.0,25.9,121.0,0,60.0,0,0,34346.122643,78.0,2.0
55179.0,80.0,2.0,24.24,129.0,0,60.0,0,0,35857.149753,76.0,2.0
55180.0,62.0,1.0,34.99,110.0,0,60.0,0,0,13047.249117,83.0,1.0
55182.0,31.0,2.0,21.91,109.0,0,60.0,0,0,56333.431437,85.0,1.0
55185.0,29.0,2.0,23.28,108.0,0,60.0,0,0,27357.698411,85.0,2.0
55186.0,30.0,2.0,25.88,125.0,0,60.0,0,0,20293.289262,88.0,2.0
55187.0,33.0,1.0,28.08,119.0,1,60.0,0,0,27801.829851,86.0,1.0
55188.0,20.0,1.0,22.25,126.0,0,60.0,0,0,105153.344223,81.0,2.0
55189.0,64.0,1.0,24.93,109.0,0,60.0,0,0,60349.521987,85.0,2.0
55190.0,41.0,2.0,26.22,116.0,0,60.0,0,0,17644.519615,77.0,2.0
55191.0,45.0,2.0,21.99,116.0,0,60.0,0,0,68673.980843,86.0,2.0
55192.0,48.0,2.0,25.77,108.0,0,60.0,0,0,18820.44423,85.0,2.0
55193.0,71.0,1.0,22.81,124.0,0,60.0,0,0,8604.441675,86.0,3.0
55194.0,75.0,2.0,42.75,112.0,0,60.0,0,0,38913.512966,76.0,2.0
55196.0,60.0,1.0,33.14,108.0,1,60.0,0,0,6660.118587,86.0,2.0
55198.0,53.0,1.0,31.06,115.0,0,60.0,0,0,13828.874902,87.0,2.0
55202.0,69.0,2.0,32.17,119.0,0,60.0,0,0,61415.309874,76.0,1.0
55208.0,48.0,1.0,22.71,60.0,1,60.0,1,1,17396.219071,88.0,1.0
55210.0,20.0,2.0,26.27,130.0,0,60.0,0,0,28780.312432,86.0,1.0
55211.0,36.0,1.0,30.06,131.0,0,60.0,0,0,90136.964446,75.0,2.0
55212.0,72.0,1.0,28.4,121.0,0,60.0,0,0,30233.187542,80.0,1.0
55213.0,25.0,2.0,18.6,122.0,0,60.0,0,0,27830.380098,80.0,2.0
55214.0,38.0,1.0,32.26,124.0,0,60.0,0,0,18447.49218,86.0,3.0
55219.0,59.0,2.0,25.71,114.0,0,60.0,0,0,111410.02634,83.0,2.0
55223.0,49.0,2.0,28.68,125.0,0,60.0,0,0,20891.930664,83.0,2.0
55224.0,33.0,1.0,34.43,127.0,0,60.0,0,0,14719.999338,82.0,1.0
55226.0,21.0,2.0,24.98,121.0,0,60.0,0,0,24979.883793,78.0,2.0
55228.0,72.0,1.0,19.58,110.0,0,60.0,0,0,12635.930248,81.0,1.0
55230.0,22.0,2.0,29.07,122.0,0,60.0,0,0,30255.00739,80.0,2.0
55234.0,48.0,2.0,36.41,128.0,0,60.0,0,0,18154.046598,86.0,1.0
55236.0,39.0,2.0,21.91,111.0,0,60.0,0,0,21014.207331,88.0,2.0
55239.0,62.0,2.0,26.65,128.0,0,60.0,0,0,17268.089923,81.0,2.0
55240.0,60.0,2.0,24.3,119.0,0,60.0,0,0,8780.848777,75.0,1.0
55241.0,51.0,1.0,32.4,128.0,0,60.0,0,0,21077.986592,82.0,1.0
55243.0,24.0,2.0,33.92,131.0,0,60.0,0,0,20790.856202,75.0,2.0
55244.0,72.0,1.0,31.09,85.0,1,60.0,0,0,16067.601956,83.0,1.0
55245.0,26.0,2.0,28.67,121.0,0,60.0,0,0,17482.371397,76.0,1.0
55246.0,42.0,2.0,20.19,132.0,0,60.0,0,0,99760.116491,75.0,2.0
55249.0,26.0,1.0,28.44,131.0,0,60.0,0,0,96231.37019,75.0,2.0
55250.0,24.0,2.0,48.87,122.0,0,60.0,0,0,82260.626231,80.0,2.0
55251.0,25.0,2.0,20.58,118.0,0,60.0,0,0,20629.172936,79.0,2.0
55254.0,65.0,1.0,33.26,113.0,0,60.0,0,0,57944.956916,88.0,1.0
55256.0,57.0,1.0,33.55,130.0,0,60.0,0,0,75607.764027,84.0,1.0
55258.0,49.0,2.0,23.02,119.0,0,60.0,0,0,23298.133702,84.0,2.0
55259.0,77.0,2.0,34.51,99.0,1,60.0,0,0,21126.316524,82.0,1.0
55260.0,48.0,1.0,37.72,130.0,0,60.0,0,0,20282.93005,84.0,1.0
55261.0,43.0,1.0,24.58,112.0,0,60.0,0,0,81895.402401,77.0,1.0
55265.0,47.0,2.0,33.8,112.0,0,60.0,0,0,17216.777874,88.0,1.0
55266.0,53.0,2.0,53.83,88.0,1,60.0,0,0,22912.893817,79.0,1.0
55268.0,68.0,1.0,37.28,130.0,0,60.0,0,0,58644.199424,76.0,2.0
55270.0,39.0,2.0,31.08,130.0,0,60.0,0,0,53978.982896,84.0,1.0
55272.0,66.0,1.0,44.41,110.0,0,60.0,0,0,54062.094243,88.0,2.0
55273.0,53.0,1.0,18.32,24.0,1,24.0,1,1,104970.129118,83.0,1.0
55276.0,66.0,1.0,22.99,111.0,0,60.0,0,0,55281.20886,85.0,1.0
55279.0,58.0,2.0,30.61,122.0,0,60.0,0,0,31446.532741,80.0,2.0
55280.0,80.0,1.0,24.76,13.0,1,13.0,1,1,10875.692817,84.0,1.0
55281.0,80.0,2.0,26.74,89.0,1,60.0,0,0,12842.615886,84.0,1.0
55282.0,56.0,1.0,28.31,118.0,0,60.0,0,0,12903.402304,87.0,2.0
55285.0,24.0,1.0,27.03,117.0,0,60.0,0,0,31812.635595,77.0,2.0
55286.0,47.0,2.0,25.3,123.0,0,60.0,0,0,31879.088907,79.0,1.0
55289.0,70.0,2.0,31.71,119.0,0,60.0,0,0,15940.170425,75.0,1.0
55290.0,18.0,2.0,45.72,121.0,0,60.0,0,0,79228.612005,80.0,2.0
55292.0,71.0,1.0,39.17,122.0,0,60.0,0,0,38461.241347,80.0,2.0
55294.0,68.0,1.0,29.67,108.0,0,60.0,0,0,60505.945283,85.0,2.0
55295.0,53.0,1.0,36.34,117.0,0,60.0,0,0,99015.45563,77.0,2.0
55297.0,68.0,2.0,26.58,113.0,0,60.0,0,0,26822.499799,83.0,2.0
55298.0,63.0,2.0,32.68,118.0,0,60.0,0,0,21922.568874,76.0,1.0
55301.0,80.0,2.0,22.75,115.0,1,60.0,0,0,31605.48428,80.0,1.0
55303.0,71.0,2.0,44.14,68.0,1,60.0,0,0,45346.4178,80.0,2.0
55305.0,27.0,1.0,35.65,120.0,0,60.0,0,0,31812.635595,75.0,1.0
55306.0,54.0,2.0,25.09,78.0,1,60.0,0,0,22527.534828,78.0,1.0
55308.0,19.0,1.0,26.89,123.0,0,60.0,0,0,16258.909871,79.0,1.0
55310.0,36.0,2.0,19.91,124.0,0,60.0,0,0,62673.30807,79.0,1.0
55311.0,55.0,2.0,31.98,112.0,1,60.0,0,0,12503.830463,77.0,1.0
55312.0,73.0,1.0,22.3,110.0,0,60.0,0,0,9075.198474,88.0,2.0
55313.0,73.0,2.0,31.48,130.0,0,60.0,0,0,38913.512966,76.0,2.0
55316.0,49.0,1.0,31.13,127.0,0,60.0,0,0,66479.511871,82.0,1.0
55317.0,49.0,2.0,45.12,113.0,0,60.0,0,0,16511.412773,78.0,1.0
55319.0,73.0,2.0,27.22,121.0,0,60.0,0,0,46452.563179,80.0,2.0
55321.0,19.0,2.0,21.6,124.0,0,60.0,0,0,12178.586432,77.0,1.0
55322.0,33.0,2.0,24.96,113.0,0,60.0,0,0,27777.919682,82.0,2.0
55323.0,56.0,1.0,31.36,86.0,1,60.0,0,0,69168.638724,80.0,1.0
55324.0,46.0,1.0,37.14,119.0,0,60.0,0,0,85741.118073,79.0,2.0
55325.0,30.0,1.0,29.51,130.0,0,60.0,0,0,57272.360077,84.0,1.0
55326.0,51.0,2.0,28.29,112.0,0,60.0,0,0,11266.983257,88.0,2.0
55328.0,51.0,2.0,23.01,127.0,0,60.0,0,0,107298.217979,81.0,2.0
55329.0,30.0,2.0,,118.0,0,60.0,0,0,20376.335218,77.0,2.0
55330.0,52.0,1.0,26.96,114.0,0,60.0,0,0,17639.746152,78.0,1.0
55331.0,56.0,1.0,26.84,123.0,0,60.0,0,0,92447.874289,77.0,1.0
55332.0,74.0,2.0,41.41,121.0,0,60.0,0,0,18529.200927,80.0,1.0
55333.0,31.0,2.0,20.71,117.0,0,60.0,0,0,22905.187969,84.0,2.0
55335.0,18.0,1.0,28.28,112.0,0,60.0,0,0,11257.664476,88.0,1.0
55336.0,48.0,1.0,24.51,120.0,0,60.0,0,0,20202.943323,76.0,1.0
55337.0,77.0,1.0,30.18,97.0,1,60.0,0,0,11303.09095,85.0,2.0
55338.0,22.0,1.0,22.61,124.0,0,60.0,0,0,21216.338334,86.0,3.0
55340.0,57.0,2.0,21.78,76.0,1,60.0,0,0,111410.02634,83.0,2.0
55342.0,61.0,2.0,24.76,108.0,0,60.0,0,0,65753.130715,85.0,2.0
55345.0,35.0,2.0,18.12,122.0,0,60.0,0,0,19099.110994,80.0,2.0
55348.0,19.0,2.0,35.77,132.0,0,60.0,0,0,27892.984718,75.0,2.0
55349.0,36.0,2.0,27.25,122.0,0,60.0,0,0,50009.068493,80.0,1.0
55353.0,45.0,1.0,35.81,132.0,0,60.0,0,0,32299.780843,75.0,2.0
55354.0,19.0,1.0,36.3,121.0,0,60.0,0,0,16769.763606,80.0,2.0
55355.0,29.0,2.0,22.15,124.0,0,60.0,0,0,27279.443532,77.0,1.0
55356.0,47.0,1.0,33.08,131.0,0,60.0,0,0,20523.041687,84.0,1.0
55358.0,28.0,2.0,36.23,123.0,0,60.0,0,0,14566.542001,88.0,2.0
55359.0,28.0,1.0,18.8,123.0,0,60.0,0,0,34047.477976,78.0,2.0
55360.0,80.0,2.0,28.18,26.0,1,26.0,1,1,28051.82327,79.0,1.0
55365.0,27.0,2.0,28.42,130.0,0,60.0,0,0,20931.878324,86.0,1.0
55366.0,22.0,2.0,27.44,113.0,0,60.0,0,0,25877.609766,83.0,2.0
55367.0,72.0,1.0,29.12,121.0,0,60.0,0,0,34048.168813,78.0,2.0
55368.0,51.0,1.0,25.32,117.0,0,60.0,0,0,23240.186953,79.0,2.0
55369.0,40.0,2.0,28.99,114.0,0,60.0,0,0,88689.181428,83.0,2.0
55371.0,22.0,1.0,19.57,110.0,0,60.0,0,0,27432.13415,83.0,1.0
55374.0,25.0,2.0,20.46,127.0,0,60.0,0,0,30968.884741,81.0,2.0
55375.0,34.0,2.0,41.09,114.0,0,60.0,0,0,36330.97264,83.0,2.0
55376.0,68.0,2.0,25.34,117.0,0,60.0,0,0,7085.366775,75.0,1.0
55377.0,80.0,2.0,28.36,123.0,0,60.0,0,0,36241.485412,79.0,1.0
55380.0,46.0,2.0,27.45,124.0,0,60.0,0,0,13897.509729,86.0,3.0
55381.0,29.0,2.0,24.64,119.0,0,60.0,0,0,30304.046984,79.0,2.0
55382.0,44.0,2.0,31.13,114.0,0,60.0,0,0,30844.653658,82.0,2.0
55384.0,60.0,2.0,21.15,111.0,0,60.0,0,0,60234.151229,85.0,1.0
55385.0,80.0,2.0,23.53,61.0,1,60.0,0,0,36300.05365,76.0,2.0
55389.0,32.0,2.0,22.16,125.0,0,60.0,0,0,71929.361138,81.0,2.0
55390.0,20.0,2.0,17.71,123.0,0,60.0,0,0,27773.907929,77.0,1.0
55391.0,32.0,2.0,26.56,117.0,0,60.0,0,0,64695.957116,87.0,2.0
55392.0,75.0,2.0,35.16,115.0,0,60.0,0,0,25291.956195,87.0,1.0
55394.0,18.0,1.0,38.27,123.0,0,60.0,0,0,16475.175458,78.0,2.0
55395.0,73.0,2.0,31.25,130.0,0,60.0,0,0,39668.644373,76.0,2.0
55396.0,20.0,1.0,41.0,113.0,0,60.0,0,0,34563.319289,83.0,2.0
55397.0,42.0,2.0,53.49,113.0,0,60.0,0,0,26935.675201,78.0,1.0
55398.0,47.0,2.0,25.08,118.0,0,60.0,0,0,73240.231093,84.0,2.0
55399.0,23.0,2.0,35.96,128.0,0,60.0,0,0,21522.176098,82.0,1.0
55400.0,45.0,2.0,24.64,127.0,0,60.0,0,0,20120.872457,81.0,2.0
55402.0,29.0,2.0,26.66,118.0,0,60.0,0,0,30503.150896,75.0,1.0
55404.0,18.0,2.0,21.19,115.0,0,60.0,0,0,13135.852003,87.0,2.0
55405.0,51.0,1.0,21.99,113.0,0,60.0,0,0,17577.44201,78.0,1.0
55406.0,61.0,1.0,23.88,111.0,0,60.0,0,0,57944.956916,88.0,2.0
55411.0,55.0,1.0,29.58,120.0,0,60.0,0,0,12405.32935,76.0,1.0
55413.0,71.0,1.0,29.53,123.0,0,60.0,0,0,27796.135095,79.0,1.0
55414.0,61.0,2.0,27.45,118.0,0,60.0,0,0,8499.199919,75.0,1.0
55415.0,21.0,2.0,19.41,123.0,0,60.0,0,0,22601.104906,79.0,1.0
55416.0,80.0,1.0,34.82,59.0,1,59.0,1,1,25543.433114,79.0,2.0
55417.0,52.0,2.0,24.47,116.0,0,60.0,0,0,84925.255206,86.0,2.0
55418.0,28.0,2.0,30.26,123.0,0,60.0,0,0,26983.729916,79.0,1.0
55420.0,31.0,1.0,25.03,122.0,0,60.0,0,0,15455.722014,80.0,1.0
55423.0,67.0,1.0,45.95,124.0,0,60.0,0,0,5268.900286,86.0,3.0
55424.0,47.0,2.0,25.9,115.0,0,60.0,0,0,18372.138824,77.0,1.0
55426.0,76.0,1.0,31.44,124.0,0,60.0,0,0,10811.124388,79.0,1.0
55427.0,74.0,2.0,32.51,128.0,0,60.0,0,0,13964.702261,82.0,2.0
55428.0,30.0,1.0,33.89,116.0,0,60.0,0,0,18519.57641,89.0,1.0
55429.0,31.0,2.0,26.01,131.0,0,60.0,0,0,53978.982896,84.0,1.0
55432.0,61.0,2.0,27.95,127.0,0,60.0,0,0,66736.06632,82.0,1.0
55434.0,25.0,1.0,32.91,126.0,0,60.0,0,0,35558.74124,82.0,2.0
55435.0,46.0,2.0,27.27,110.0,0,60.0,0,0,79071.733525,81.0,1.0
55436.0,57.0,2.0,29.21,129.0,0,60.0,0,0,22290.186406,82.0,1.0
55438.0,50.0,1.0,31.81,121.0,0,60.0,0,0,72579.314382,80.0,1.0
55441.0,56.0,2.0,20.92,123.0,0,60.0,0,0,22906.313201,77.0,1.0
55446.0,53.0,2.0,30.86,129.0,0,60.0,0,0,21678.824091,86.0,1.0
55447.0,65.0,2.0,27.45,110.0,0,60.0,0,0,60011.176768,85.0,1.0
55451.0,55.0,1.0,27.9,109.0,0,60.0,0,0,24730.94803,83.0,1.0
55452.0,47.0,2.0,28.21,114.0,0,60.0,0,0,17117.758159,83.0,2.0
55453.0,37.0,1.0,25.06,120.0,0,60.0,0,0,44803.365457,75.0,1.0
55455.0,39.0,1.0,26.71,128.0,0,60.0,0,0,66692.699479,86.0,1.0
55456.0,25.0,1.0,25.27,113.0,0,60.0,0,0,22633.581873,88.0,2.0
55458.0,22.0,1.0,26.95,116.0,0,60.0,0,0,30811.192159,77.0,2.0
55459.0,36.0,1.0,23.91,109.0,0,60.0,0,0,24697.250831,85.0,2.0
55460.0,32.0,1.0,34.68,89.0,1,60.0,0,0,73733.448629,76.0,1.0
55464.0,42.0,1.0,35.0,122.0,0,60.0,0,0,16822.524734,80.0,1.0
55466.0,68.0,1.0,31.08,86.0,1,60.0,0,0,21573.134446,80.0,2.0
55468.0,24.0,1.0,33.64,125.0,0,60.0,0,0,25289.480163,89.0,2.0
55471.0,38.0,1.0,32.68,114.0,0,60.0,0,0,80133.964096,83.0,2.0
55472.0,21.0,1.0,21.04,118.0,0,60.0,0,0,103601.911633,79.0,2.0
55473.0,54.0,1.0,40.12,124.0,0,60.0,0,0,101172.924903,77.0,1.0
55475.0,27.0,2.0,35.24,128.0,0,60.0,0,0,17634.14839,82.0,1.0
55476.0,42.0,2.0,24.23,108.0,0,60.0,0,0,18820.44423,85.0,2.0
55477.0,33.0,1.0,30.94,108.0,0,60.0,0,0,24660.400133,81.0,1.0
55478.0,80.0,1.0,24.2,78.0,1,60.0,0,0,21250.618658,76.0,1.0
55481.0,22.0,1.0,20.25,111.0,0,60.0,0,0,30014.676291,77.0,1.0
55483.0,56.0,2.0,33.01,114.0,0,60.0,0,0,31353.938018,87.0,1.0
55484.0,59.0,2.0,35.78,112.0,0,60.0,0,0,76515.325955,88.0,1.0
55486.0,22.0,1.0,28.03,119.0,0,60.0,0,0,31973.809076,75.0,1.0
55487.0,23.0,2.0,26.72,132.0,0,60.0,0,0,21675.482237,86.0,1.0
55488.0,80.0,2.0,31.13,99.0,1,60.0,0,0,32467.206561,83.0,1.0
55492.0,44.0,2.0,21.72,122.0,0,60.0,0,0,20013.359204,80.0,2.0
55493.0,36.0,1.0,28.38,115.0,0,60.0,0,0,22238.736217,86.0,2.0
55495.0,47.0,1.0,26.91,130.0,0,60.0,0,0,84551.439388,76.0,2.0
55496.0,80.0,1.0,33.88,35.0,1,35.0,1,1,24350.693318,79.0,1.0
55497.0,71.0,2.0,36.67,77.0,1,60.0,0,0,41085.156853,77.0,2.0
55498.0,78.0,1.0,30.14,112.0,1,60.0,0,0,13165.163911,81.0,1.0
55501.0,51.0,2.0,28.88,121.0,0,60.0,0,0,18999.168205,75.0,1.0
55502.0,56.0,1.0,23.08,107.0,1,60.0,0,0,23716.595191,78.0,2.0
55503.0,35.0,1.0,31.79,117.0,0,60.0,0,0,26792.411843,86.0,2.0
55504.0,46.0,2.0,31.55,115.0,0,60.0,0,0,27433.931898,82.0,2.0
55505.0,39.0,2.0,21.73,129.0,0,60.0,0,0,22312.481006,82.0,1.0
55506.0,30.0,1.0,32.91,122.0,0,60.0,0,0,33906.530295,78.0,2.0
55508.0,48.0,1.0,21.46,115.0,0,60.0,0,0,20583.299791,87.0,2.0
55510.0,21.0,2.0,29.79,112.0,0,60.0,0,0,17467.427992,88.0,2.0
55511.0,73.0,2.0,28.6,129.0,0,60.0,0,0,12482.610156,82.0,1.0
55512.0,80.0,2.0,30.59,34.0,1,34.0,1,1,35095.652565,81.0,2.0
55514.0,80.0,1.0,23.15,91.0,1,60.0,0,0,15571.819287,84.0,1.0
55515.0,36.0,1.0,32.95,110.0,0,60.0,0,0,83194.20108,83.0,1.0
55516.0,21.0,2.0,28.64,127.0,0,60.0,0,0,33304.434756,81.0,2.0
55520.0,61.0,2.0,38.83,109.0,0,60.0,0,0,6912.351852,81.0,1.0
55522.0,39.0,1.0,26.41,122.0,0,60.0,0,0,58510.98972,80.0,1.0
55523.0,72.0,2.0,25.11,121.0,0,60.0,0,0,25631.474879,80.0,2.0
55524.0,80.0,2.0,18.96,79.0,1,60.0,0,0,33497.403275,77.0,1.0
55526.0,69.0,1.0,25.6,39.0,1,39.0,1,1,21807.213567,83.0,1.0
55527.0,78.0,1.0,32.09,129.0,0,60.0,0,0,10399.3983,76.0,2.0
55529.0,39.0,1.0,27.81,114.0,0,60.0,0,0,20657.463731,77.0,1.0
55530.0,52.0,1.0,29.68,129.0,0,60.0,0,0,89543.78448,76.0,2.0
55532.0,36.0,1.0,30.86,117.0,0,60.0,0,0,20193.628772,86.0,2.0
55533.0,49.0,1.0,33.87,119.0,0,60.0,0,0,21729.182169,79.0,2.0
55536.0,53.0,2.0,27.96,114.0,0,60.0,0,0,14770.594178,87.0,1.0
55540.0,20.0,2.0,35.01,130.0,0,60.0,0,0,25202.371212,84.0,1.0
55541.0,19.0,1.0,34.21,111.0,0,60.0,0,0,20767.252487,83.0,1.0
55544.0,80.0,2.0,26.95,54.0,1,54.0,1,1,34147.43303,77.0,1.0
55545.0,25.0,1.0,26.79,130.0,0,60.0,0,0,30445.524755,76.0,2.0
55547.0,31.0,1.0,40.14,123.0,0,60.0,0,0,33211.444479,78.0,2.0
55548.0,80.0,2.0,20.81,81.0,1,60.0,0,0,40989.383921,75.0,2.0
55550.0,18.0,2.0,24.08,119.0,0,60.0,0,0,15272.277194,76.0,1.0
55552.0,80.0,1.0,29.8,126.0,0,60.0,0,0,21791.053723,81.0,2.0
55553.0,46.0,2.0,38.4,114.0,0,60.0,0,0,16626.909936,78.0,1.0
55555.0,58.0,1.0,35.86,112.0,0,60.0,0,0,18488.019135,78.0,1.0
55557.0,56.0,2.0,33.43,124.0,0,60.0,0,0,14807.743545,89.0,2.0
55558.0,20.0,1.0,23.96,124.0,0,60.0,0,0,86979.271892,79.0,1.0
55559.0,62.0,1.0,26.02,121.0,0,60.0,0,0,9282.841024,75.0,1.0
55560.0,65.0,1.0,24.42,122.0,0,60.0,0,0,74313.517349,80.0,2.0
55562.0,55.0,2.0,35.98,120.0,0,60.0,0,0,19760.138354,75.0,1.0
55563.0,61.0,1.0,31.93,118.0,0,60.0,0,0,9387.789425,84.0,2.0
55564.0,32.0,2.0,21.09,122.0,0,60.0,0,0,36084.51781,78.0,2.0
55565.0,45.0,2.0,19.76,117.0,1,60.0,0,0,21884.297388,83.0,1.0
55567.0,40.0,1.0,27.9,108.0,0,60.0,0,0,20708.126413,85.0,2.0
55571.0,25.0,2.0,21.93,122.0,0,60.0,0,0,24353.668747,78.0,2.0
55572.0,80.0,2.0,25.48,84.0,1,60.0,0,0,31886.322225,84.0,1.0
55575.0,28.0,1.0,29.54,123.0,0,60.0,0,0,32367.916173,78.0,2.0
55576.0,37.0,2.0,22.27,119.0,0,60.0,0,0,25088.362585,75.0,1.0
55577.0,27.0,2.0,24.26,114.0,0,60.0,0,0,89013.026158,83.0,2.0
55578.0,80.0,1.0,16.19,4.0,1,4.0,1,1,20194.664433,85.0,1.0
55580.0,60.0,2.0,66.96,128.0,0,60.0,0,0,23251.55708,76.0,2.0
55583.0,18.0,1.0,22.58,123.0,0,60.0,0,0,17720.846825,79.0,1.0
55590.0,26.0,2.0,19.98,120.0,0,60.0,0,0,24551.346959,75.0,1.0
55592.0,75.0,1.0,23.85,131.0,0,60.0,0,0,10828.595761,76.0,2.0
55593.0,53.0,1.0,24.81,123.0,0,60.0,0,0,90382.442658,79.0,1.0
55597.0,30.0,1.0,26.1,119.0,0,60.0,0,0,138250.544246,79.0,2.0
55598.0,50.0,2.0,26.97,122.0,0,60.0,0,0,79719.201422,80.0,1.0
55600.0,71.0,1.0,23.81,32.0,1,32.0,1,1,24958.603453,86.0,3.0
55601.0,50.0,2.0,21.1,123.0,0,60.0,0,0,9666.939728,86.0,3.0
55602.0,37.0,1.0,23.21,118.0,0,60.0,0,0,16292.456466,76.0,1.0
55604.0,53.0,1.0,33.53,115.0,0,60.0,0,0,23954.955843,87.0,1.0
55605.0,72.0,2.0,18.9,120.0,0,60.0,0,0,34966.865728,80.0,1.0
55606.0,32.0,2.0,31.64,130.0,0,60.0,0,0,62158.373253,86.0,1.0
55607.0,70.0,2.0,25.03,103.0,1,60.0,0,0,11094.998888,83.0,2.0
55608.0,47.0,2.0,21.49,123.0,0,60.0,0,0,76625.805426,79.0,1.0
55613.0,26.0,1.0,26.63,124.0,0,60.0,0,0,22307.950624,89.0,2.0
55615.0,28.0,1.0,37.52,112.0,0,60.0,0,0,21567.60939,88.0,1.0
55616.0,44.0,1.0,22.11,130.0,0,60.0,0,0,19863.690695,75.0,2.0
55617.0,33.0,1.0,35.62,130.0,0,60.0,0,0,69355.104673,75.0,2.0
55620.0,40.0,1.0,32.38,109.0,0,60.0,0,0,17582.443631,81.0,1.0
55622.0,67.0,2.0,29.03,59.0,1,59.0,1,1,8266.853321,82.0,2.0
55626.0,40.0,1.0,30.22,120.0,0,60.0,0,0,31944.033487,75.0,1.0
55628.0,57.0,2.0,29.13,129.0,0,60.0,0,0,98244.250886,76.0,2.0
55629.0,62.0,1.0,28.84,108.0,1,60.0,0,0,6764.385438,82.0,1.0
55632.0,72.0,1.0,26.23,123.0,0,60.0,0,0,36143.255804,78.0,2.0
55633.0,39.0,2.0,19.49,127.0,0,60.0,0,0,52365.581372,82.0,1.0
55636.0,39.0,1.0,23.84,126.0,0,60.0,0,0,81418.972742,82.0,2.0
55638.0,37.0,2.0,30.4,124.0,0,60.0,0,0,13078.496384,89.0,2.0
55639.0,33.0,1.0,26.81,33.0,1,33.0,1,1,71459.137381,76.0,2.0
55640.0,50.0,2.0,29.97,123.0,0,60.0,0,0,11395.6158,88.0,2.0
55643.0,80.0,1.0,,56.0,1,56.0,1,1,22127.660898,76.0,1.0
55645.0,47.0,2.0,21.24,110.0,0,60.0,0,0,37522.160414,83.0,1.0
55646.0,63.0,2.0,29.16,128.0,0,60.0,0,0,21802.626684,82.0,2.0
55647.0,37.0,1.0,35.05,130.0,0,60.0,0,0,27237.056687,76.0,2.0
55649.0,80.0,2.0,31.92,8.0,1,8.0,1,1,12548.225046,81.0,1.0
55657.0,80.0,2.0,18.61,60.0,1,60.0,1,1,35637.776348,76.0,1.0
55660.0,28.0,1.0,28.46,124.0,0,60.0,0,0,94304.955611,77.0,1.0
55662.0,65.0,1.0,35.37,124.0,0,60.0,0,0,54784.845182,77.0,1.0
55663.0,39.0,1.0,48.6,112.0,0,60.0,0,0,16270.120416,88.0,1.0
55664.0,62.0,1.0,26.71,122.0,0,60.0,0,0,58644.199424,76.0,2.0
55665.0,53.0,2.0,31.42,121.0,0,60.0,0,0,14378.292026,78.0,2.0
55666.0,41.0,1.0,23.86,131.0,0,60.0,0,0,19858.077122,75.0,2.0
55667.0,44.0,2.0,32.08,122.0,0,60.0,0,0,37483.453805,78.0,2.0
55668.0,21.0,1.0,28.79,117.0,0,60.0,0,0,85689.419109,86.0,2.0
55669.0,21.0,2.0,23.35,116.0,0,60.0,0,0,22526.471624,77.0,2.0
55670.0,31.0,2.0,25.42,110.0,0,60.0,0,0,36963.347796,83.0,1.0
55671.0,62.0,2.0,29.71,108.0,0,60.0,0,0,4987.78618,85.0,2.0
55672.0,39.0,2.0,20.1,120.0,0,60.0,0,0,33742.986272,75.0,1.0
55673.0,80.0,1.0,21.58,85.0,1,60.0,0,0,12166.594498,87.0,2.0
55676.0,26.0,1.0,22.77,117.0,0,60.0,0,0,104280.249067,77.0,2.0
55677.0,23.0,1.0,34.64,125.0,0,60.0,0,0,69546.109726,86.0,3.0
55678.0,57.0,1.0,31.95,115.0,0,60.0,0,0,12741.448063,87.0,1.0
55679.0,52.0,1.0,23.03,108.0,0,60.0,0,0,12553.070826,85.0,2.0
55682.0,25.0,2.0,18.69,118.0,0,60.0,0,0,71018.954083,79.0,2.0
55685.0,60.0,1.0,38.66,75.0,1,60.0,0,0,57398.774363,81.0,2.0
55686.0,59.0,1.0,22.04,77.0,1,60.0,0,0,103447.755736,77.0,2.0
55687.0,60.0,2.0,29.37,129.0,0,60.0,0,0,65573.061923,86.0,1.0
55690.0,32.0,1.0,25.7,121.0,0,60.0,0,0,33061.224604,78.0,2.0
55691.0,64.0,1.0,26.08,70.0,1,60.0,0,0,11286.80413,78.0,2.0
55692.0,21.0,1.0,27.61,119.0,0,60.0,0,0,31973.809076,75.0,1.0
55693.0,19.0,1.0,23.29,112.0,0,60.0,0,0,11344.437447,88.0,1.0
55695.0,19.0,1.0,42.85,123.0,0,60.0,0,0,12252.665694,78.0,1.0
55697.0,50.0,2.0,35.97,113.0,0,60.0,0,0,11266.983257,88.0,1.0
55698.0,80.0,1.0,31.58,130.0,0,60.0,0,0,11447.241212,75.0,2.0
55701.0,74.0,2.0,44.13,19.0,1,19.0,1,1,41432.419968,82.0,1.0
55702.0,61.0,1.0,27.23,111.0,0,60.0,0,0,47857.704135,78.0,1.0
55703.0,50.0,1.0,24.12,124.0,0,60.0,0,0,9605.662605,86.0,3.0
55704.0,79.0,2.0,23.79,116.0,0,60.0,0,0,40169.574676,87.0,2.0
55706.0,26.0,1.0,20.11,122.0,0,60.0,0,0,34480.05013,80.0,2.0
55709.0,59.0,1.0,24.11,115.0,0,60.0,0,0,23878.577942,83.0,2.0
55713.0,39.0,1.0,32.84,118.0,0,60.0,0,0,68055.064666,75.0,1.0
55716.0,19.0,1.0,20.52,130.0,0,60.0,0,0,14552.446304,75.0,2.0
55717.0,72.0,2.0,28.1,110.0,0,60.0,0,0,35983.714165,85.0,1.0
55720.0,22.0,2.0,29.25,122.0,0,60.0,0,0,19726.780825,80.0,1.0
55721.0,60.0,1.0,28.0,116.0,0,60.0,0,0,61687.7486,77.0,2.0
55724.0,19.0,1.0,20.7,120.0,0,60.0,0,0,13093.903322,76.0,1.0
55725.0,75.0,2.0,28.47,127.0,0,60.0,0,0,15296.174061,81.0,2.0
55730.0,66.0,1.0,24.02,130.0,0,60.0,0,0,9165.436092,84.0,1.0
55731.0,24.0,1.0,25.54,114.0,0,60.0,0,0,23737.702188,87.0,2.0
55732.0,39.0,1.0,25.27,124.0,0,60.0,0,0,25016.252625,79.0,1.0
55734.0,38.0,1.0,35.02,121.0,0,60.0,0,0,79590.36724,78.0,2.0
55736.0,79.0,1.0,26.05,132.0,0,60.0,0,0,10471.85525,75.0,2.0
55737.0,72.0,2.0,35.02,62.0,1,60.0,0,0,15007.097166,82.0,2.0
55739.0,80.0,2.0,22.15,115.0,1,60.0,0,0,42784.621794,81.0,2.0
55740.0,39.0,2.0,28.88,130.0,0,60.0,0,0,18635.311995,84.0,1.0
55743.0,37.0,2.0,35.21,122.0,0,60.0,0,0,13543.36752,80.0,1.0
55744.0,27.0,2.0,37.44,113.0,0,60.0,0,0,26622.883696,82.0,2.0
55745.0,66.0,2.0,,123.0,0,60.0,0,0,19061.009566,79.0,1.0
55747.0,36.0,1.0,24.51,110.0,0,60.0,0,0,66800.422833,83.0,1.0
55749.0,19.0,2.0,22.18,115.0,0,60.0,0,0,15631.454107,87.0,1.0
55750.0,54.0,2.0,27.87,130.0,0,60.0,0,0,79625.602161,84.0,1.0
55753.0,67.0,1.0,30.52,129.0,0,60.0,0,0,58644.199424,76.0,2.0
55754.0,41.0,1.0,27.15,110.0,0,60.0,0,0,21459.071325,81.0,1.0
55755.0,44.0,2.0,33.3,111.0,0,60.0,0,0,26935.675201,78.0,1.0
55756.0,27.0,1.0,23.85,108.0,0,60.0,0,0,27726.374401,85.0,2.0
55757.0,30.0,2.0,71.3,128.0,0,60.0,0,0,21861.562424,82.0,2.0
55758.0,27.0,1.0,30.77,123.0,0,60.0,0,0,94496.704119,80.0,2.0
55759.0,80.0,2.0,31.83,11.0,1,11.0,1,1,16831.509566,75.0,1.0
55760.0,62.0,2.0,27.15,115.0,0,60.0,0,0,21465.938863,82.0,2.0
55761.0,30.0,2.0,27.6,124.0,0,60.0,0,0,63360.142345,77.0,1.0
55762.0,29.0,1.0,30.26,110.0,0,60.0,0,0,19245.987898,88.0,2.0
55763.0,77.0,2.0,26.3,113.0,0,60.0,0,0,9284.095508,78.0,1.0
55765.0,24.0,1.0,30.24,123.0,0,60.0,0,0,18040.864813,86.0,3.0
55766.0,80.0,1.0,27.75,48.0,1,48.0,1,1,12864.772934,77.0,2.0
55768.0,48.0,1.0,33.9,114.0,0,60.0,0,0,18504.106473,78.0,1.0
55770.0,56.0,2.0,50.65,107.0,0,60.0,0,0,12763.087848,81.0,1.0
55772.0,74.0,2.0,29.87,130.0,0,60.0,0,0,10930.598459,84.0,1.0
55774.0,43.0,2.0,26.82,114.0,0,60.0,0,0,28382.289276,78.0,1.0
55775.0,80.0,2.0,25.75,109.0,0,60.0,0,0,37475.105608,81.0,1.0
55776.0,43.0,1.0,26.28,122.0,0,60.0,0,0,23670.603677,78.0,2.0
55777.0,29.0,2.0,29.95,110.0,0,60.0,0,0,18049.606053,78.0,1.0
55779.0,59.0,2.0,27.91,110.0,0,60.0,0,0,8600.01821,88.0,2.0
55780.0,61.0,2.0,31.15,131.0,0,60.0,0,0,25703.907887,75.0,2.0
55781.0,25.0,2.0,31.84,115.0,0,60.0,0,0,75228.724507,87.0,2.0
55783.0,52.0,2.0,28.99,123.0,0,60.0,0,0,87766.123009,79.0,1.0
55784.0,62.0,1.0,29.17,125.0,0,60.0,0,0,5268.900286,86.0,3.0
55785.0,80.0,2.0,30.87,125.0,0,60.0,0,0,35095.652565,81.0,2.0
55786.0,18.0,2.0,19.82,121.0,0,60.0,0,0,13009.498729,78.0,2.0
55788.0,26.0,2.0,32.63,113.0,0,60.0,0,0,90014.368604,83.0,2.0
55789.0,56.0,1.0,25.08,120.0,0,60.0,0,0,15143.499508,78.0,2.0
55790.0,20.0,1.0,27.23,121.0,0,60.0,0,0,22830.041358,76.0,1.0
55792.0,41.0,2.0,24.38,126.0,0,60.0,0,0,58911.346762,89.0,2.0
55795.0,80.0,2.0,37.21,112.0,0,60.0,0,0,13516.779452,82.0,2.0
55796.0,72.0,2.0,29.26,115.0,0,60.0,0,0,18803.571105,87.0,1.0
55797.0,43.0,1.0,32.51,114.0,0,60.0,0,0,81895.402401,77.0,1.0
55798.0,80.0,2.0,26.66,125.0,0,60.0,0,0,37798.206757,77.0,1.0
55800.0,78.0,1.0,19.35,107.0,1,60.0,0,0,14932.548383,83.0,2.0
55801.0,77.0,2.0,28.98,123.0,0,60.0,0,0,20875.261565,77.0,1.0
55802.0,55.0,2.0,26.45,130.0,0,60.0,0,0,35053.704179,75.0,2.0
55807.0,42.0,1.0,31.07,114.0,0,60.0,0,0,83022.776898,87.0,2.0
55808.0,49.0,1.0,31.83,121.0,0,60.0,0,0,28419.766067,78.0,2.0
55812.0,72.0,1.0,28.03,127.0,0,60.0,0,0,33337.784141,81.0,2.0
55813.0,45.0,1.0,23.81,131.0,0,60.0,0,0,27028.404053,75.0,2.0
55814.0,73.0,2.0,31.63,128.0,0,60.0,0,0,15485.11086,81.0,2.0
55818.0,38.0,1.0,27.04,122.0,0,60.0,0,0,17353.932085,80.0,2.0
55819.0,25.0,2.0,23.73,125.0,0,60.0,0,0,25514.179015,82.0,2.0
55822.0,54.0,2.0,21.39,132.0,0,60.0,0,0,29299.509716,75.0,2.0
55828.0,19.0,1.0,23.47,120.0,0,60.0,0,0,17203.976183,75.0,1.0
55829.0,28.0,2.0,23.3,126.0,0,60.0,0,0,92606.778138,82.0,2.0
55830.0,67.0,2.0,21.45,122.0,0,60.0,0,0,20803.887002,80.0,2.0
55831.0,74.0,2.0,27.64,122.0,0,60.0,0,0,19441.950168,80.0,2.0
55832.0,32.0,1.0,33.07,112.0,0,60.0,0,0,22592.829185,88.0,1.0
55833.0,44.0,2.0,22.29,120.0,0,60.0,0,0,90501.144518,76.0,1.0
55838.0,27.0,2.0,18.72,118.0,0,60.0,0,0,87298.411301,79.0,2.0
55839.0,35.0,2.0,22.41,121.0,0,60.0,0,0,62794.052912,76.0,1.0
55840.0,61.0,1.0,30.24,127.0,0,60.0,0,0,10410.712355,81.0,2.0
55842.0,32.0,2.0,31.04,113.0,0,60.0,0,0,16923.101128,88.0,1.0
55843.0,22.0,2.0,30.29,130.0,0,60.0,0,0,17975.251891,84.0,1.0
55844.0,52.0,2.0,23.53,37.0,1,37.0,1,1,18638.575391,80.0,1.0
55845.0,32.0,2.0,25.67,120.0,0,60.0,0,0,25897.157431,78.0,2.0
55847.0,40.0,2.0,21.42,48.0,1,48.0,1,1,18929.8553,82.0,1.0
55848.0,55.0,2.0,29.08,132.0,0,60.0,0,0,35454.377793,75.0,2.0
55849.0,57.0,1.0,38.57,121.0,0,60.0,0,0,106748.822533,80.0,2.0
55851.0,24.0,2.0,32.51,109.0,0,60.0,0,0,26437.040464,85.0,1.0
55853.0,31.0,2.0,41.65,129.0,0,60.0,0,0,29301.928926,86.0,1.0
55854.0,21.0,2.0,23.4,121.0,0,60.0,0,0,23267.743613,80.0,1.0
55855.0,58.0,2.0,32.17,120.0,0,60.0,0,0,13041.111143,75.0,1.0
55856.0,22.0,2.0,19.1,122.0,0,60.0,0,0,30255.00739,80.0,2.0
55857.0,18.0,1.0,21.16,119.0,0,60.0,0,0,18937.159895,76.0,1.0
55859.0,49.0,1.0,30.45,118.0,0,60.0,0,0,23310.601215,75.0,1.0
55862.0,47.0,1.0,30.36,109.0,0,60.0,0,0,18943.613035,88.0,2.0
55864.0,46.0,2.0,29.19,117.0,0,60.0,0,0,21293.182095,77.0,2.0
55868.0,54.0,2.0,25.32,121.0,0,60.0,0,0,26636.532696,78.0,2.0
55869.0,28.0,1.0,21.08,111.0,0,60.0,0,0,24914.367147,85.0,1.0
55870.0,19.0,1.0,28.66,124.0,0,60.0,0,0,8553.312408,86.0,3.0
55871.0,67.0,1.0,22.11,29.0,1,29.0,1,1,62764.490846,78.0,2.0
55875.0,80.0,1.0,25.16,57.0,1,57.0,1,1,22538.871952,76.0,2.0
55877.0,54.0,1.0,33.61,114.0,0,60.0,0,0,25116.006657,83.0,2.0
55878.0,20.0,2.0,26.03,129.0,0,60.0,0,0,79377.004953,76.0,2.0
55880.0,40.0,1.0,25.61,113.0,0,60.0,0,0,16557.906564,88.0,1.0
55881.0,42.0,2.0,26.59,121.0,0,60.0,0,0,21971.086171,78.0,2.0
55883.0,45.0,2.0,37.62,111.0,0,60.0,0,0,15149.357206,88.0,1.0
55884.0,55.0,2.0,30.34,124.0,0,60.0,0,0,92450.79523,79.0,1.0
55885.0,54.0,2.0,27.81,116.0,0,60.0,0,0,25541.92132,77.0,2.0
55886.0,50.0,2.0,31.93,128.0,0,60.0,0,0,12706.592021,82.0,1.0
55887.0,80.0,2.0,26.77,94.0,1,60.0,0,0,44570.646952,80.0,2.0
55891.0,61.0,1.0,23.73,131.0,0,60.0,0,0,9165.436092,84.0,1.0
55892.0,66.0,1.0,31.12,123.0,0,60.0,0,0,54784.845182,77.0,1.0
55893.0,25.0,2.0,45.65,109.0,0,60.0,0,0,16203.190011,85.0,2.0
55895.0,18.0,1.0,21.19,129.0,0,60.0,0,0,14743.117633,82.0,1.0
55896.0,53.0,1.0,25.82,115.0,0,60.0,0,0,12664.205092,89.0,1.0
55901.0,54.0,2.0,25.66,124.0,0,60.0,0,0,93463.959795,77.0,1.0
55902.0,39.0,2.0,35.32,113.0,0,60.0,0,0,36330.97264,83.0,2.0
55903.0,47.0,1.0,32.87,120.0,0,60.0,0,0,28419.766067,78.0,2.0
55904.0,38.0,2.0,38.19,128.0,0,60.0,0,0,25063.962584,86.0,1.0
55905.0,29.0,1.0,24.03,121.0,0,60.0,0,0,34328.855514,78.0,2.0
55907.0,57.0,2.0,26.59,118.0,0,60.0,0,0,13053.566436,84.0,2.0
55909.0,54.0,2.0,20.7,124.0,0,60.0,0,0,26316.464415,79.0,1.0
55912.0,54.0,2.0,32.91,118.0,0,60.0,0,0,110561.264867,79.0,2.0
55913.0,55.0,2.0,26.25,116.0,0,60.0,0,0,8824.569908,86.0,2.0
55914.0,27.0,2.0,26.94,132.0,0,60.0,0,0,77748.406664,75.0,2.0
55915.0,63.0,1.0,29.6,122.0,0,60.0,0,0,11071.371044,78.0,2.0
55916.0,36.0,2.0,24.23,117.0,0,60.0,0,0,71930.983258,77.0,2.0
55917.0,49.0,1.0,25.44,29.0,1,29.0,1,1,23723.440024,80.0,2.0
55918.0,57.0,1.0,31.12,109.0,0,60.0,0,0,13063.916319,81.0,1.0
55919.0,19.0,1.0,30.39,130.0,0,60.0,0,0,14509.27886,84.0,1.0
55920.0,60.0,1.0,33.85,114.0,0,60.0,0,0,12579.260134,83.0,2.0
55921.0,80.0,1.0,29.6,42.0,1,42.0,1,1,28212.620686,80.0,2.0
55922.0,30.0,1.0,26.19,118.0,0,60.0,0,0,25867.069216,84.0,2.0
55924.0,60.0,2.0,23.85,121.0,0,60.0,0,0,69974.023405,78.0,2.0
55926.0,66.0,2.0,38.05,120.0,1,60.0,0,0,21641.273271,83.0,1.0
55927.0,43.0,2.0,27.86,131.0,0,60.0,0,0,23925.794123,75.0,2.0
55932.0,46.0,2.0,21.27,120.0,0,60.0,0,0,86908.80185,78.0,2.0
55933.0,37.0,2.0,28.53,129.0,0,60.0,0,0,62857.617176,86.0,1.0
55935.0,32.0,2.0,35.26,115.0,0,60.0,0,0,19193.555369,78.0,1.0
55936.0,39.0,1.0,26.67,117.0,0,60.0,0,0,19292.646206,84.0,2.0
55940.0,32.0,1.0,35.45,128.0,0,60.0,0,0,23502.59786,86.0,1.0
55941.0,70.0,2.0,28.16,41.0,1,41.0,1,1,16144.881595,88.0,1.0
55942.0,25.0,2.0,47.59,117.0,0,60.0,0,0,27402.180454,84.0,2.0
55944.0,80.0,1.0,30.42,110.0,0,60.0,0,0,11278.450248,88.0,2.0
55947.0,75.0,1.0,21.35,85.0,1,60.0,0,0,39207.596253,75.0,2.0
55948.0,58.0,2.0,25.68,121.0,0,60.0,0,0,77428.916401,80.0,1.0
55949.0,78.0,2.0,26.88,111.0,0,60.0,0,0,36352.628295,77.0,1.0
55951.0,33.0,2.0,26.04,114.0,0,60.0,0,0,75128.509487,87.0,1.0
55953.0,57.0,1.0,32.07,122.0,0,60.0,0,0,89543.78448,77.0,1.0
55954.0,52.0,1.0,24.51,131.0,0,60.0,0,0,91372.94023,76.0,2.0
55958.0,45.0,2.0,35.28,122.0,0,60.0,0,0,21081.607689,80.0,2.0
55959.0,52.0,2.0,42.45,115.0,0,60.0,0,0,29615.973733,83.0,2.0
55960.0,80.0,1.0,28.42,72.0,1,60.0,0,0,20798.693314,77.0,1.0
55964.0,30.0,2.0,24.25,124.0,0,60.0,0,0,59497.522458,79.0,1.0
55965.0,63.0,2.0,25.63,128.0,0,60.0,0,0,17147.257573,82.0,1.0
55966.0,68.0,2.0,17.7,111.0,0,60.0,0,0,60234.151229,85.0,1.0
55967.0,41.0,1.0,28.34,126.0,0,60.0,0,0,20517.18759,82.0,2.0
55969.0,42.0,1.0,22.02,126.0,0,60.0,0,0,25040.876065,82.0,2.0
55970.0,33.0,2.0,24.37,129.0,0,60.0,0,0,54009.255077,76.0,2.0
55971.0,80.0,1.0,28.76,63.0,1,60.0,0,0,27674.121756,80.0,2.0
55972.0,63.0,2.0,20.95,118.0,0,60.0,0,0,68773.599629,77.0,2.0
55973.0,35.0,1.0,41.31,122.0,0,60.0,0,0,23902.887883,80.0,1.0
55974.0,62.0,1.0,36.56,122.0,0,60.0,0,0,5606.604384,80.0,2.0
55980.0,55.0,1.0,31.64,121.0,0,60.0,0,0,102352.71096,80.0,2.0
55982.0,22.0,1.0,18.21,118.0,0,60.0,0,0,87111.514241,79.0,2.0
55984.0,57.0,2.0,30.22,110.0,0,60.0,0,0,11318.717457,78.0,1.0
55985.0,44.0,2.0,32.05,116.0,0,60.0,0,0,17361.209897,86.0,2.0
55986.0,28.0,1.0,20.77,117.0,0,60.0,0,0,100986.661989,79.0,2.0
55988.0,47.0,2.0,59.48,113.0,0,60.0,0,0,26102.697054,78.0,1.0
55989.0,22.0,2.0,35.17,113.0,0,60.0,0,0,16323.68729,88.0,1.0
55993.0,73.0,2.0,22.48,110.0,0,60.0,0,0,35983.714165,85.0,1.0
55996.0,43.0,2.0,26.65,113.0,0,60.0,0,0,15149.357206,88.0,2.0
55997.0,45.0,2.0,28.67,118.0,0,60.0,0,0,20721.886535,84.0,2.0
55998.0,80.0,2.0,22.4,111.0,0,60.0,0,0,29419.787565,88.0,1.0
56000.0,32.0,1.0,26.41,130.0,0,60.0,0,0,28758.098318,86.0,1.0
56005.0,60.0,1.0,36.88,123.0,1,60.0,0,0,5156.301912,78.0,1.0
56006.0,36.0,2.0,25.38,121.0,0,60.0,0,0,18266.025284,76.0,1.0
56007.0,23.0,2.0,37.02,124.0,0,60.0,0,0,25736.601828,82.0,2.0
56010.0,40.0,1.0,25.52,119.0,0,60.0,0,0,93833.198076,79.0,2.0
56013.0,58.0,2.0,46.25,122.0,0,60.0,0,0,27865.442639,80.0,2.0
56015.0,39.0,2.0,22.84,128.0,0,60.0,0,0,22157.972966,81.0,2.0
56017.0,22.0,2.0,61.2,129.0,0,60.0,0,0,26403.909613,86.0,1.0
56019.0,23.0,2.0,34.38,119.0,0,60.0,0,0,21145.943921,76.0,1.0
56021.0,43.0,1.0,36.09,131.0,0,60.0,0,0,32185.696993,75.0,2.0
56024.0,28.0,2.0,21.24,122.0,0,60.0,0,0,83751.673909,80.0,2.0
56025.0,80.0,2.0,24.38,108.0,0,60.0,0,0,37848.773882,81.0,1.0
56026.0,22.0,2.0,22.02,123.0,0,60.0,0,0,22601.104906,79.0,1.0
56028.0,52.0,1.0,32.16,120.0,0,60.0,0,0,19364.17167,75.0,1.0
56029.0,80.0,2.0,24.36,43.0,1,43.0,1,1,37873.036943,87.0,2.0
56030.0,21.0,1.0,26.98,116.0,0,60.0,0,0,17835.470212,89.0,1.0
56031.0,45.0,2.0,49.55,104.0,1,60.0,0,0,16554.813433,88.0,2.0
56032.0,66.0,1.0,19.31,115.0,0,60.0,0,0,60762.062662,87.0,2.0
56033.0,30.0,2.0,35.34,127.0,0,60.0,0,0,18281.683005,82.0,1.0
56035.0,55.0,1.0,22.78,121.0,0,60.0,0,0,20666.658529,80.0,2.0
56039.0,38.0,2.0,28.02,113.0,0,60.0,0,0,18926.031583,78.0,1.0
56040.0,38.0,2.0,24.87,110.0,0,60.0,0,0,19933.667798,85.0,1.0
56041.0,62.0,2.0,31.45,126.0,0,60.0,0,0,21589.08157,81.0,2.0
56042.0,71.0,2.0,17.77,125.0,1,60.0,0,0,41432.419968,82.0,1.0
56044.0,27.0,2.0,42.01,122.0,0,60.0,0,0,27830.380098,80.0,2.0
56047.0,27.0,2.0,24.88,127.0,0,60.0,0,0,85727.823585,81.0,2.0
56048.0,18.0,2.0,24.97,124.0,0,60.0,0,0,50814.178985,77.0,1.0
56051.0,19.0,1.0,24.69,130.0,0,60.0,0,0,56902.088259,75.0,2.0
56052.0,47.0,1.0,21.54,129.0,0,60.0,0,0,80663.67915,86.0,1.0
56053.0,32.0,1.0,24.75,112.0,0,60.0,0,0,60193.00099,78.0,1.0
56054.0,48.0,1.0,38.63,121.0,0,60.0,0,0,28520.501382,78.0,2.0
56056.0,25.0,1.0,19.67,118.0,0,60.0,0,0,31255.375625,79.0,2.0
56057.0,60.0,2.0,35.28,115.0,0,60.0,0,0,6347.437545,87.0,2.0
56058.0,48.0,2.0,46.05,129.0,0,60.0,0,0,25343.501721,84.0,1.0
56059.0,18.0,1.0,21.4,130.0,0,60.0,0,0,47290.321768,84.0,1.0
56060.0,80.0,1.0,27.35,56.0,1,56.0,1,1,19208.933024,81.0,1.0
56062.0,55.0,2.0,29.91,112.0,0,60.0,0,0,10456.85874,88.0,2.0
56063.0,33.0,2.0,34.01,117.0,0,60.0,0,0,32097.631738,87.0,2.0
56065.0,19.0,1.0,32.43,116.0,0,60.0,0,0,9609.127743,89.0,1.0
56066.0,60.0,1.0,23.2,109.0,0,60.0,0,0,9679.797799,85.0,1.0
56067.0,80.0,1.0,31.28,71.0,1,60.0,0,0,12725.451419,87.0,1.0
56070.0,25.0,2.0,40.51,121.0,0,60.0,0,0,18960.250801,80.0,1.0
56072.0,74.0,1.0,30.81,43.0,1,43.0,1,1,15851.39333,83.0,2.0
56074.0,26.0,1.0,24.05,110.0,0,60.0,0,0,35164.926755,83.0,1.0
56075.0,19.0,1.0,19.11,108.0,0,60.0,0,0,47123.603471,85.0,2.0
56077.0,19.0,1.0,23.91,123.0,0,60.0,0,0,16057.601732,79.0,1.0
56078.0,43.0,2.0,33.57,116.0,0,60.0,0,0,13949.293547,89.0,1.0
56079.0,71.0,2.0,29.94,120.0,0,60.0,0,0,36689.33505,76.0,1.0
56081.0,31.0,2.0,26.85,110.0,0,60.0,0,0,19518.20924,77.0,1.0
56082.0,69.0,1.0,29.76,108.0,0,60.0,0,0,6664.754824,85.0,2.0
56083.0,52.0,1.0,26.7,131.0,0,60.0,0,0,26859.304357,75.0,2.0
56084.0,39.0,2.0,37.28,103.0,1,60.0,0,0,62857.617176,86.0,1.0
56086.0,20.0,1.0,29.22,130.0,0,60.0,0,0,78033.89945,84.0,1.0
56087.0,24.0,1.0,20.39,122.0,0,60.0,0,0,31564.973798,80.0,2.0
56088.0,40.0,2.0,39.02,131.0,0,60.0,0,0,24882.496233,75.0,2.0
56089.0,34.0,1.0,40.68,120.0,0,60.0,0,0,67374.750669,76.0,1.0
56090.0,61.0,2.0,25.78,119.0,0,60.0,0,0,6912.351852,75.0,1.0
56091.0,44.0,2.0,29.23,114.0,0,60.0,0,0,21270.615657,83.0,2.0
56093.0,18.0,2.0,42.96,118.0,0,60.0,0,0,12974.099511,76.0,1.0
56096.0,40.0,1.0,34.32,127.0,0,60.0,0,0,91316.255685,81.0,2.0
56098.0,33.0,2.0,32.12,120.0,0,60.0,0,0,34968.61429,78.0,2.0
56099.0,59.0,1.0,30.82,112.0,0,60.0,0,0,10326.372769,88.0,1.0
56106.0,48.0,2.0,30.53,119.0,0,60.0,0,0,16538.27432,79.0,2.0
56107.0,61.0,1.0,19.81,115.0,0,60.0,0,0,10167.570645,86.0,2.0
56109.0,36.0,2.0,38.06,123.0,0,60.0,0,0,25879.036132,77.0,1.0
56113.0,52.0,2.0,31.53,117.0,0,60.0,0,0,107546.131922,77.0,2.0
56114.0,50.0,1.0,49.46,131.0,0,60.0,0,0,72494.098147,84.0,1.0
56116.0,40.0,2.0,37.33,118.0,0,60.0,0,0,62130.73418,76.0,1.0
56120.0,72.0,2.0,29.37,121.0,0,60.0,0,0,41802.286673,78.0,2.0
56122.0,20.0,2.0,24.5,117.0,0,60.0,0,0,74840.057038,84.0,2.0
56123.0,39.0,1.0,20.73,113.0,0,60.0,0,0,56330.12625,88.0,1.0
56126.0,44.0,2.0,27.66,124.0,0,60.0,0,0,16643.301733,79.0,1.0
56128.0,61.0,2.0,26.2,122.0,0,60.0,0,0,55139.141581,80.0,1.0
56129.0,44.0,1.0,28.61,117.0,0,60.0,0,0,19102.531525,86.0,2.0
56131.0,59.0,2.0,42.57,114.0,0,60.0,0,0,14770.594178,87.0,1.0
56132.0,34.0,2.0,22.82,114.0,0,60.0,0,0,62837.280927,87.0,2.0
56135.0,24.0,1.0,25.24,119.0,0,60.0,0,0,91358.94399,76.0,1.0
56138.0,19.0,1.0,22.87,115.0,0,60.0,0,0,13868.09111,87.0,1.0
56140.0,52.0,1.0,36.8,114.0,0,60.0,0,0,14984.141601,87.0,1.0
56142.0,23.0,2.0,20.87,116.0,0,60.0,0,0,13992.732337,89.0,1.0
56144.0,18.0,1.0,25.78,112.0,0,60.0,0,0,11150.573123,88.0,1.0
56146.0,48.0,2.0,30.59,122.0,0,60.0,0,0,21081.607689,80.0,2.0
56147.0,65.0,2.0,35.27,131.0,0,60.0,0,0,65138.423846,76.0,2.0
56149.0,44.0,2.0,20.02,129.0,0,60.0,0,0,73812.908056,86.0,1.0
56150.0,52.0,2.0,40.46,117.0,0,60.0,0,0,26694.913266,87.0,2.0
56155.0,41.0,1.0,27.16,120.0,0,60.0,0,0,18583.885455,76.0,1.0
56159.0,49.0,2.0,32.27,121.0,0,60.0,0,0,74567.776013,76.0,1.0
56160.0,80.0,2.0,27.95,108.0,0,60.0,0,0,11967.214768,81.0,1.0
56161.0,42.0,2.0,27.95,124.0,0,60.0,0,0,14913.095055,86.0,3.0
56163.0,61.0,1.0,27.69,112.0,0,60.0,0,0,6162.897031,88.0,1.0
56164.0,62.0,2.0,43.54,129.0,0,60.0,0,0,21780.871124,86.0,1.0
56167.0,76.0,2.0,39.93,60.0,1,60.0,1,1,46891.216111,75.0,2.0
56171.0,48.0,2.0,40.45,121.0,0,60.0,0,0,12521.170471,80.0,1.0
56172.0,62.0,2.0,28.26,21.0,1,21.0,1,1,14284.596025,78.0,1.0
56173.0,56.0,1.0,29.95,29.0,1,29.0,1,1,88043.968813,86.0,1.0
56176.0,61.0,1.0,22.43,118.0,0,60.0,0,0,10492.23524,84.0,2.0
56177.0,45.0,2.0,17.34,90.0,1,60.0,0,0,88626.466787,83.0,1.0
56179.0,41.0,1.0,25.59,109.0,0,60.0,0,0,72486.78935,85.0,1.0
56180.0,61.0,1.0,25.3,121.0,0,60.0,0,0,62997.695381,78.0,2.0
56181.0,18.0,2.0,26.12,131.0,0,60.0,0,0,66015.724485,75.0,2.0
56184.0,80.0,1.0,,53.0,1,53.0,1,1,23469.082177,76.0,2.0
56185.0,23.0,1.0,32.28,125.0,0,60.0,0,0,28521.488634,88.0,2.0
56186.0,18.0,1.0,20.32,128.0,0,60.0,0,0,15418.97786,81.0,2.0
56187.0,56.0,1.0,40.46,127.0,0,60.0,0,0,23200.619065,81.0,2.0
56188.0,55.0,1.0,28.58,16.0,1,16.0,1,1,24446.253808,78.0,2.0
56190.0,47.0,2.0,24.77,119.0,0,60.0,0,0,28434.973166,84.0,2.0
56191.0,52.0,2.0,25.09,122.0,0,60.0,0,0,98244.250886,76.0,2.0
56193.0,31.0,2.0,30.4,108.0,0,60.0,0,0,22971.587367,85.0,2.0
56195.0,58.0,2.0,31.28,115.0,0,60.0,0,0,82726.284588,85.0,1.0
56196.0,71.0,1.0,34.17,129.0,0,60.0,0,0,31906.735861,86.0,1.0
56198.0,47.0,2.0,21.28,107.0,0,60.0,0,0,18753.071105,81.0,1.0
56200.0,57.0,1.0,22.13,130.0,0,60.0,0,0,17066.203194,84.0,1.0
56201.0,55.0,2.0,32.92,109.0,0,60.0,0,0,11755.17247,85.0,1.0
56202.0,21.0,2.0,41.12,49.0,1,49.0,1,1,28706.826972,80.0,2.0
56203.0,20.0,2.0,22.58,127.0,0,60.0,0,0,32155.652999,83.0,2.0
56204.0,37.0,1.0,28.24,128.0,0,60.0,0,0,21937.76209,86.0,1.0
56206.0,54.0,1.0,28.27,106.0,1,60.0,0,0,25034.559714,83.0,1.0
56208.0,22.0,2.0,19.34,120.0,0,60.0,0,0,88409.197285,78.0,2.0
56211.0,62.0,2.0,26.72,119.0,0,60.0,0,0,22635.586307,75.0,1.0
56212.0,63.0,1.0,25.07,116.0,0,60.0,0,0,57239.917128,87.0,2.0
56213.0,29.0,1.0,33.86,114.0,0,60.0,0,0,95603.160379,87.0,2.0
56215.0,36.0,1.0,22.33,125.0,0,60.0,0,0,17888.196218,77.0,1.0
56216.0,50.0,2.0,22.73,107.0,0,60.0,0,0,92477.794163,85.0,2.0
56218.0,63.0,1.0,23.73,131.0,0,60.0,0,0,44671.225382,78.0,1.0
56219.0,74.0,1.0,30.23,95.0,1,60.0,0,0,32931.023461,81.0,2.0
56220.0,45.0,2.0,33.72,110.0,0,60.0,0,0,88626.466787,83.0,1.0
56221.0,72.0,1.0,20.65,129.0,0,60.0,0,0,10341.056904,86.0,1.0
56222.0,50.0,1.0,23.58,108.0,0,60.0,0,0,12815.795366,85.0,2.0
56224.0,70.0,2.0,33.76,98.0,1,60.0,0,0,15883.38722,87.0,2.0
56225.0,32.0,1.0,24.34,123.0,0,60.0,0,0,69862.627307,79.0,1.0
56228.0,39.0,1.0,23.33,123.0,0,60.0,0,0,56323.413154,79.0,1.0
56230.0,23.0,2.0,20.76,123.0,0,60.0,0,0,16373.672721,86.0,3.0
56231.0,45.0,2.0,23.3,117.0,0,60.0,0,0,17268.46456,86.0,2.0
56232.0,38.0,2.0,31.09,123.0,0,60.0,0,0,62794.052912,80.0,2.0
56233.0,38.0,2.0,32.37,107.0,0,60.0,0,0,21627.405372,85.0,2.0
56234.0,44.0,1.0,23.53,116.0,0,60.0,0,0,92556.868952,77.0,2.0
56235.0,55.0,2.0,28.67,121.0,0,60.0,0,0,30952.198201,78.0,2.0
56236.0,80.0,2.0,31.75,46.0,1,46.0,1,1,32845.73253,80.0,1.0
56240.0,53.0,1.0,29.18,125.0,0,60.0,0,0,71543.096157,89.0,2.0
56242.0,56.0,2.0,29.79,70.0,1,60.0,0,0,25086.627681,81.0,2.0
56243.0,33.0,1.0,26.55,109.0,0,60.0,0,0,29044.352085,85.0,2.0
56244.0,30.0,2.0,23.11,125.0,0,60.0,0,0,26824.964193,82.0,2.0
56245.0,34.0,1.0,28.66,128.0,0,60.0,0,0,20386.220301,81.0,2.0
56248.0,65.0,2.0,31.68,117.0,0,60.0,0,0,17712.224425,87.0,2.0
56251.0,34.0,2.0,24.42,121.0,0,60.0,0,0,25897.157431,78.0,2.0
56252.0,21.0,1.0,23.56,127.0,0,60.0,0,0,31999.984024,82.0,1.0
56253.0,33.0,1.0,25.57,110.0,0,60.0,0,0,28457.847841,83.0,1.0
56254.0,59.0,2.0,21.55,130.0,0,60.0,0,0,24911.53081,76.0,2.0
56256.0,20.0,1.0,28.99,131.0,0,60.0,0,0,97363.46003,76.0,2.0
56257.0,80.0,2.0,27.95,21.0,1,21.0,1,1,16124.202669,81.0,2.0
56258.0,69.0,1.0,39.39,120.0,0,60.0,0,0,55292.275546,76.0,1.0
56259.0,31.0,1.0,27.22,108.0,0,60.0,0,0,18009.045899,85.0,2.0
56260.0,45.0,2.0,32.47,116.0,0,60.0,0,0,29327.016939,84.0,2.0
56262.0,49.0,1.0,,5.0,1,5.0,1,1,16822.524734,80.0,1.0
56264.0,56.0,1.0,25.88,127.0,0,60.0,0,0,25838.904871,82.0,2.0
56265.0,50.0,2.0,29.63,120.0,0,60.0,0,0,75805.437378,76.0,1.0
56266.0,51.0,1.0,32.61,125.0,0,60.0,0,0,22997.291583,81.0,2.0
56267.0,50.0,2.0,29.54,123.0,0,60.0,0,0,9424.601406,86.0,3.0
56270.0,29.0,2.0,34.36,115.0,0,60.0,0,0,29622.024227,87.0,2.0
56275.0,75.0,1.0,28.58,121.0,0,60.0,0,0,36143.255804,78.0,2.0
56276.0,65.0,2.0,27.92,18.0,1,18.0,1,1,6792.427299,75.0,1.0
56277.0,80.0,2.0,30.22,77.0,1,60.0,0,0,33055.48764,88.0,2.0
56278.0,38.0,1.0,28.47,124.0,0,60.0,0,0,18656.505193,77.0,1.0
56280.0,71.0,2.0,31.09,123.0,0,60.0,0,0,36352.628295,77.0,1.0
56281.0,21.0,1.0,20.39,116.0,0,60.0,0,0,25052.300704,86.0,2.0
56282.0,80.0,1.0,24.62,124.0,0,60.0,0,0,19593.072215,77.0,1.0
56283.0,66.0,2.0,28.04,128.0,0,60.0,0,0,8266.853321,82.0,2.0
56284.0,18.0,1.0,26.93,130.0,0,60.0,0,0,13859.767149,84.0,1.0
56285.0,33.0,2.0,27.28,124.0,0,60.0,0,0,14711.599201,86.0,3.0
56286.0,57.0,2.0,24.73,121.0,0,60.0,0,0,79719.201422,80.0,1.0
56288.0,43.0,1.0,36.57,115.0,0,60.0,0,0,19102.531525,86.0,2.0
56289.0,49.0,2.0,40.89,109.0,0,60.0,0,0,19014.020892,81.0,1.0
56291.0,63.0,1.0,23.3,132.0,0,60.0,0,0,12243.735366,75.0,2.0
56292.0,41.0,2.0,22.77,115.0,0,60.0,0,0,73932.132112,83.0,1.0
56293.0,38.0,2.0,24.1,110.0,0,60.0,0,0,57097.484011,85.0,1.0
56294.0,38.0,2.0,27.79,118.0,0,60.0,0,0,60973.74887,79.0,2.0
56295.0,61.0,1.0,25.3,121.0,0,60.0,0,0,64220.189439,78.0,2.0
56297.0,61.0,2.0,26.81,109.0,0,60.0,0,0,7084.376544,81.0,1.0
56299.0,60.0,2.0,43.03,123.0,0,60.0,0,0,15534.684571,89.0,2.0
56302.0,60.0,1.0,28.6,112.0,0,60.0,0,0,18419.451973,88.0,1.0
56304.0,32.0,1.0,29.03,115.0,0,60.0,0,0,33958.460784,87.0,1.0
56305.0,57.0,2.0,33.47,125.0,0,60.0,0,0,22498.50756,77.0,1.0
56307.0,43.0,1.0,23.59,125.0,0,60.0,0,0,17000.069364,89.0,2.0
56308.0,43.0,2.0,32.5,116.0,0,60.0,0,0,13694.321614,86.0,2.0
56309.0,80.0,2.0,22.17,108.0,0,60.0,0,0,36195.531232,85.0,2.0
56311.0,25.0,2.0,19.69,122.0,0,60.0,0,0,27830.380098,80.0,2.0
56313.0,76.0,1.0,31.53,124.0,0,60.0,0,0,9162.376181,77.0,1.0
56314.0,44.0,2.0,22.08,124.0,0,60.0,0,0,76603.798386,77.0,1.0
56317.0,47.0,1.0,33.18,118.0,0,60.0,0,0,22235.596677,84.0,2.0
56318.0,80.0,2.0,17.81,88.0,1,60.0,0,0,41495.680657,75.0,2.0
56319.0,72.0,1.0,29.07,130.0,0,60.0,0,0,33645.553037,76.0,2.0
56320.0,33.0,1.0,30.77,121.0,0,60.0,0,0,19820.93242,80.0,2.0
56321.0,36.0,2.0,33.53,115.0,0,60.0,0,0,30158.895968,87.0,2.0
56323.0,53.0,2.0,28.42,124.0,0,60.0,0,0,98244.250886,77.0,1.0
56326.0,60.0,2.0,31.13,113.0,0,60.0,0,0,13610.328052,78.0,1.0
56328.0,47.0,1.0,28.7,110.0,0,60.0,0,0,98607.65508,83.0,1.0
56329.0,39.0,2.0,27.46,50.0,1,50.0,1,1,25418.306514,75.0,2.0
56330.0,44.0,1.0,29.27,120.0,0,60.0,0,0,25429.74678,75.0,1.0
56331.0,59.0,1.0,20.53,88.0,1,60.0,0,0,24180.777895,80.0,2.0
56332.0,36.0,1.0,35.95,127.0,0,60.0,0,0,14796.340278,81.0,2.0
56334.0,80.0,1.0,26.64,86.0,1,60.0,0,0,18846.1841,80.0,1.0
56335.0,34.0,2.0,33.14,116.0,0,60.0,0,0,20178.305263,86.0,2.0
56336.0,36.0,1.0,22.46,113.0,0,60.0,0,0,80133.964096,83.0,2.0
56337.0,36.0,1.0,32.4,132.0,0,60.0,0,0,90136.964446,75.0,2.0
56339.0,55.0,1.0,27.47,83.0,1,60.0,0,0,17045.95832,89.0,2.0
56344.0,80.0,2.0,29.6,109.0,0,60.0,0,0,12330.521967,81.0,1.0
56348.0,80.0,1.0,22.61,118.0,0,60.0,0,0,23057.679705,77.0,2.0
56349.0,34.0,1.0,36.06,127.0,0,60.0,0,0,21317.822373,82.0,1.0
56352.0,71.0,2.0,37.11,120.0,0,60.0,0,0,35645.410956,80.0,1.0
56353.0,27.0,2.0,34.2,116.0,0,60.0,0,0,22496.617078,86.0,2.0
56355.0,67.0,1.0,27.92,125.0,0,60.0,0,0,13193.366177,82.0,2.0
56357.0,70.0,2.0,21.12,125.0,0,60.0,0,0,13553.34411,89.0,2.0
56358.0,40.0,1.0,24.13,118.0,0,60.0,0,0,22585.941768,76.0,1.0
56359.0,46.0,2.0,44.5,117.0,0,60.0,0,0,28995.589268,84.0,2.0
56361.0,24.0,1.0,22.91,122.0,0,60.0,0,0,29634.542904,79.0,1.0
56363.0,43.0,2.0,22.7,118.0,0,60.0,0,0,80201.026305,79.0,2.0
56364.0,60.0,1.0,19.51,58.0,1,58.0,1,1,12776.562647,83.0,2.0
56365.0,58.0,2.0,24.35,111.0,0,60.0,0,0,10257.596301,88.0,1.0
56367.0,40.0,2.0,24.66,115.0,0,60.0,0,0,18949.098086,87.0,2.0
56368.0,43.0,2.0,23.75,129.0,0,60.0,0,0,64135.851222,76.0,2.0
56369.0,51.0,1.0,26.47,118.0,0,60.0,0,0,19140.868791,84.0,2.0
56371.0,37.0,2.0,24.12,112.0,0,60.0,0,0,19399.182373,78.0,1.0
56372.0,22.0,1.0,21.8,131.0,0,60.0,0,0,30293.803293,75.0,2.0
56373.0,77.0,1.0,29.62,122.0,0,60.0,0,0,7400.991619,80.0,1.0
56374.0,32.0,2.0,39.29,129.0,0,60.0,0,0,16432.42479,86.0,1.0
56375.0,37.0,2.0,37.42,118.0,0,60.0,0,0,61676.117922,76.0,1.0
56377.0,67.0,2.0,29.94,114.0,0,60.0,0,0,67490.818023,87.0,2.0
56379.0,80.0,1.0,25.07,62.0,1,60.0,0,0,17387.375166,78.0,1.0
56380.0,62.0,1.0,35.96,118.0,0,60.0,0,0,7737.568458,75.0,1.0
56381.0,23.0,1.0,24.11,131.0,0,60.0,0,0,20240.079151,84.0,1.0
56382.0,69.0,1.0,23.96,119.0,0,60.0,0,0,61916.952446,76.0,1.0
56383.0,32.0,2.0,24.04,124.0,0,60.0,0,0,19306.62867,79.0,1.0
56384.0,22.0,2.0,25.1,119.0,0,60.0,0,0,33007.885293,75.0,1.0
56387.0,28.0,2.0,29.61,120.0,0,60.0,0,0,30503.150896,75.0,1.0
56389.0,27.0,2.0,24.34,132.0,0,60.0,0,0,100124.386264,75.0,2.0
56390.0,44.0,2.0,33.83,120.0,0,60.0,0,0,21363.982592,78.0,2.0
56393.0,80.0,2.0,20.12,66.0,1,60.0,0,0,14043.052734,80.0,1.0
56394.0,36.0,1.0,27.26,128.0,0,60.0,0,0,23339.041345,82.0,1.0
56396.0,38.0,1.0,29.9,113.0,0,60.0,0,0,24272.731935,87.0,2.0
56397.0,18.0,2.0,,118.0,0,60.0,0,0,14347.140627,84.0,2.0
56399.0,69.0,2.0,21.34,121.0,0,60.0,0,0,69974.023405,78.0,2.0
56401.0,31.0,2.0,30.23,108.0,0,60.0,0,0,19827.180131,85.0,1.0
56402.0,45.0,2.0,20.71,127.0,0,60.0,0,0,16685.203751,82.0,2.0
56403.0,45.0,1.0,25.9,111.0,0,60.0,0,0,18607.909455,85.0,1.0
56404.0,18.0,2.0,31.85,130.0,0,60.0,0,0,40933.232554,84.0,1.0
56408.0,44.0,2.0,23.1,129.0,0,60.0,0,0,85773.925002,76.0,2.0
56411.0,50.0,1.0,24.74,128.0,0,60.0,0,0,12536.751266,86.0,1.0
56412.0,80.0,1.0,25.0,128.0,0,60.0,0,0,22060.214621,81.0,2.0
56414.0,35.0,2.0,36.96,121.0,0,60.0,0,0,49830.060206,80.0,1.0
56415.0,52.0,1.0,35.27,116.0,0,60.0,0,0,13285.088562,89.0,1.0
56416.0,46.0,2.0,23.26,117.0,0,60.0,0,0,14635.730871,77.0,2.0
56417.0,21.0,1.0,27.35,116.0,0,60.0,0,0,20550.170378,89.0,1.0
56420.0,61.0,2.0,33.06,117.0,0,60.0,0,0,18400.081764,77.0,2.0
56421.0,18.0,2.0,24.18,122.0,0,60.0,0,0,18461.253501,80.0,2.0
56423.0,52.0,2.0,29.93,121.0,0,60.0,0,0,103488.211736,76.0,2.0
56424.0,29.0,2.0,39.76,109.0,0,60.0,0,0,21397.781891,85.0,2.0
56426.0,36.0,2.0,27.52,113.0,0,60.0,0,0,60104.196641,83.0,2.0
56427.0,54.0,1.0,26.7,115.0,0,60.0,0,0,11772.923893,85.0,1.0
56430.0,43.0,1.0,25.96,116.0,0,60.0,0,0,23760.051347,77.0,2.0
56432.0,64.0,2.0,28.45,116.0,0,60.0,0,0,6249.638458,86.0,2.0
56434.0,26.0,1.0,40.84,123.0,0,60.0,0,0,89560.781305,77.0,1.0
56435.0,40.0,2.0,22.38,117.0,0,60.0,0,0,80201.026305,79.0,2.0
56436.0,37.0,2.0,23.54,110.0,0,60.0,0,0,23804.612833,81.0,1.0
56438.0,52.0,2.0,35.3,116.0,0,60.0,0,0,12719.508666,87.0,2.0
56439.0,52.0,2.0,38.01,114.0,0,60.0,0,0,29615.973733,83.0,2.0
56441.0,66.0,2.0,35.53,122.0,0,60.0,0,0,69974.023405,78.0,2.0
56442.0,46.0,2.0,55.04,130.0,0,60.0,0,0,19980.435015,76.0,2.0
56443.0,52.0,2.0,29.11,127.0,0,60.0,0,0,22290.186406,82.0,1.0
56444.0,20.0,2.0,20.46,108.0,0,60.0,0,0,74717.96323,85.0,2.0
56446.0,18.0,2.0,19.42,108.0,0,60.0,0,0,52880.317491,85.0,2.0
56449.0,51.0,1.0,26.87,121.0,0,60.0,0,0,23716.595191,78.0,2.0
56450.0,56.0,2.0,30.98,120.0,0,60.0,0,0,14495.000318,76.0,1.0
56452.0,19.0,2.0,22.17,110.0,0,60.0,0,0,20483.407368,83.0,1.0
56454.0,26.0,2.0,32.81,129.0,0,60.0,0,0,26762.02689,86.0,1.0
56455.0,74.0,1.0,27.38,123.0,0,60.0,0,0,29609.395167,77.0,1.0
56456.0,80.0,1.0,30.83,106.0,1,60.0,0,0,10989.667019,80.0,1.0
56458.0,23.0,2.0,31.56,128.0,0,60.0,0,0,85727.823585,81.0,2.0
56462.0,42.0,1.0,28.09,118.0,0,60.0,0,0,78869.850375,79.0,2.0
56465.0,24.0,2.0,22.29,119.0,0,60.0,0,0,69949.402664,84.0,2.0
56466.0,74.0,1.0,33.26,108.0,0,60.0,0,0,10178.546598,85.0,2.0
56467.0,18.0,2.0,22.31,116.0,0,60.0,0,0,16152.847011,86.0,2.0
56468.0,76.0,2.0,31.94,107.0,1,60.0,0,0,12396.455937,78.0,1.0
56469.0,77.0,2.0,39.53,126.0,0,60.0,0,0,14565.033195,89.0,2.0
56470.0,60.0,2.0,29.82,108.0,0,60.0,0,0,6774.929441,85.0,2.0
56472.0,32.0,2.0,29.29,108.0,0,60.0,0,0,21627.405372,85.0,2.0
56474.0,72.0,2.0,45.65,23.0,1,23.0,1,1,40953.836586,79.0,1.0
56475.0,66.0,1.0,35.29,129.0,0,60.0,0,0,57701.152929,82.0,1.0
56479.0,56.0,1.0,32.66,110.0,0,60.0,0,0,8891.878614,85.0,1.0
56480.0,18.0,2.0,21.9,113.0,0,60.0,0,0,17272.279397,78.0,1.0
56481.0,41.0,1.0,27.11,109.0,0,60.0,0,0,74096.101449,85.0,1.0
56487.0,51.0,2.0,24.44,122.0,1,60.0,0,0,12763.087848,75.0,1.0
56488.0,26.0,2.0,28.55,109.0,0,60.0,0,0,16203.190011,85.0,2.0
56489.0,46.0,2.0,33.82,123.0,0,60.0,0,0,30213.404713,78.0,1.0
56494.0,58.0,1.0,24.68,122.0,0,60.0,0,0,20088.350472,80.0,2.0
56496.0,35.0,2.0,37.38,121.0,0,60.0,0,0,25897.157431,78.0,2.0
56497.0,41.0,1.0,24.49,124.0,0,60.0,0,0,25713.278744,79.0,1.0
56500.0,80.0,1.0,30.12,74.0,1,60.0,0,0,12467.379723,77.0,1.0
56501.0,27.0,2.0,23.84,118.0,0,60.0,0,0,18803.083627,79.0,2.0
56502.0,69.0,1.0,20.22,115.0,0,60.0,0,0,12080.674109,83.0,2.0
56503.0,43.0,1.0,23.82,125.0,0,60.0,0,0,15845.945448,86.0,3.0
56504.0,23.0,1.0,21.44,116.0,0,60.0,0,0,27126.126649,86.0,2.0
56505.0,63.0,1.0,34.87,121.0,0,60.0,0,0,7536.725053,78.0,2.0
56506.0,50.0,2.0,34.15,123.0,0,60.0,0,0,71724.177475,86.0,3.0
56507.0,45.0,1.0,25.61,120.0,0,60.0,0,0,79718.736557,76.0,1.0
56508.0,36.0,2.0,40.84,109.0,0,60.0,0,0,18499.4128,85.0,2.0
56509.0,26.0,2.0,39.7,129.0,0,60.0,0,0,26714.856069,76.0,2.0
56510.0,66.0,1.0,32.11,125.0,0,60.0,0,0,6230.506123,89.0,2.0
56511.0,38.0,2.0,47.99,108.0,0,60.0,0,0,53950.890966,81.0,1.0
56513.0,28.0,2.0,24.53,119.0,0,60.0,0,0,26762.02689,75.0,1.0
56514.0,39.0,1.0,33.58,127.0,0,60.0,0,0,78752.983185,81.0,2.0
56515.0,25.0,1.0,41.54,120.0,0,60.0,0,0,42770.273595,75.0,1.0
56519.0,79.0,2.0,22.66,117.0,0,60.0,0,0,51901.622312,77.0,2.0
56520.0,69.0,1.0,21.36,111.0,0,60.0,0,0,50306.934203,88.0,2.0
56522.0,39.0,1.0,22.63,124.0,0,60.0,0,0,22591.314467,89.0,2.0
56525.0,30.0,1.0,23.44,114.0,0,60.0,0,0,57714.14322,78.0,1.0
56526.0,35.0,1.0,26.53,110.0,0,60.0,0,0,23998.324651,88.0,2.0
56527.0,49.0,2.0,26.19,109.0,0,60.0,0,0,27974.327374,85.0,1.0
56529.0,70.0,2.0,22.24,112.0,0,60.0,0,0,38449.528758,88.0,2.0
56531.0,38.0,1.0,27.18,111.0,0,60.0,0,0,34020.301436,83.0,1.0
56532.0,56.0,1.0,34.08,121.0,0,60.0,0,0,16287.454934,80.0,1.0
56534.0,19.0,2.0,19.69,129.0,0,60.0,0,0,12708.672133,84.0,1.0
56535.0,80.0,2.0,33.77,92.0,1,60.0,0,0,15883.38722,87.0,2.0
56536.0,67.0,2.0,29.69,115.0,0,60.0,0,0,78374.05594,87.0,1.0
56537.0,44.0,1.0,29.58,114.0,0,60.0,0,0,19102.531525,86.0,2.0
56539.0,39.0,2.0,26.03,110.0,0,60.0,0,0,64508.601789,77.0,1.0
56542.0,76.0,1.0,28.74,127.0,0,60.0,0,0,11412.729249,82.0,1.0
56543.0,51.0,1.0,35.28,115.0,0,60.0,0,0,14984.141601,87.0,1.0
56545.0,68.0,2.0,34.52,103.0,1,60.0,0,0,6912.351852,81.0,1.0
56546.0,39.0,1.0,34.39,129.0,0,60.0,0,0,57949.119795,76.0,2.0
56548.0,21.0,2.0,28.68,115.0,0,60.0,0,0,27105.447357,82.0,2.0
56549.0,23.0,1.0,21.65,121.0,0,60.0,0,0,34328.855514,78.0,2.0
56550.0,52.0,2.0,23.91,110.0,0,60.0,0,0,30131.467942,83.0,1.0
56553.0,28.0,2.0,46.43,108.0,0,60.0,0,0,16203.190011,85.0,2.0
56554.0,53.0,2.0,36.42,120.0,0,60.0,0,0,79719.201422,80.0,1.0
56555.0,20.0,1.0,22.51,122.0,0,60.0,0,0,34480.05013,80.0,2.0
56556.0,21.0,2.0,22.75,118.0,0,60.0,0,0,26872.372162,84.0,2.0
56559.0,19.0,2.0,29.68,126.0,0,60.0,0,0,14791.986125,82.0,2.0
56561.0,80.0,2.0,27.47,111.0,1,60.0,0,0,44362.159548,83.0,1.0
56562.0,42.0,1.0,29.7,121.0,0,60.0,0,0,29520.027261,75.0,1.0
56563.0,27.0,2.0,20.94,129.0,0,60.0,0,0,74082.432714,86.0,1.0
56564.0,40.0,2.0,34.06,116.0,0,60.0,0,0,21396.703193,87.0,1.0
56565.0,62.0,1.0,38.39,122.0,0,60.0,0,0,7536.725053,78.0,2.0
56567.0,74.0,1.0,35.4,130.0,0,60.0,0,0,33645.553037,76.0,2.0
56568.0,23.0,2.0,21.02,121.0,0,60.0,0,0,31937.521872,78.0,2.0
56569.0,62.0,2.0,36.55,113.0,0,60.0,0,0,7732.627581,82.0,2.0
56570.0,52.0,2.0,30.38,123.0,0,60.0,0,0,8061.512183,86.0,3.0
56571.0,80.0,2.0,23.67,129.0,0,60.0,0,0,26983.510017,76.0,2.0
56573.0,74.0,1.0,27.3,47.0,1,47.0,1,1,12768.79408,80.0,2.0
56574.0,61.0,2.0,27.32,122.0,0,60.0,0,0,55139.141581,80.0,1.0
56575.0,30.0,1.0,23.74,128.0,0,60.0,0,0,34401.297181,82.0,2.0
56576.0,18.0,1.0,29.8,119.0,0,60.0,0,0,67317.852889,79.0,2.0
56577.0,80.0,2.0,22.92,67.0,1,60.0,0,0,39334.018504,81.0,1.0
56578.0,51.0,1.0,22.04,110.0,0,60.0,0,0,20012.880689,83.0,1.0
56579.0,28.0,2.0,32.26,128.0,0,60.0,0,0,29591.943098,82.0,1.0
56580.0,79.0,2.0,28.3,127.0,0,60.0,0,0,38087.107887,81.0,2.0
56581.0,77.0,1.0,27.15,125.0,0,60.0,0,0,10054.356204,81.0,2.0
56583.0,63.0,1.0,22.4,80.0,1,60.0,0,0,11505.828824,78.0,2.0
56586.0,40.0,1.0,19.25,128.0,0,60.0,0,0,24513.286055,82.0,1.0
56588.0,80.0,1.0,32.67,107.0,1,60.0,0,0,22213.917346,81.0,2.0
56591.0,80.0,2.0,21.39,124.0,0,60.0,0,0,32858.032832,77.0,1.0
56592.0,27.0,2.0,18.12,128.0,0,60.0,0,0,33304.434756,81.0,2.0
56593.0,23.0,1.0,34.81,116.0,0,60.0,0,0,35666.040495,87.0,1.0
56594.0,62.0,2.0,36.26,108.0,0,60.0,0,0,5153.07283,85.0,2.0
56596.0,45.0,2.0,35.43,130.0,0,60.0,0,0,25343.501721,84.0,1.0
56597.0,48.0,1.0,21.14,117.0,0,60.0,0,0,94447.574489,77.0,2.0
56598.0,44.0,1.0,30.05,112.0,0,60.0,0,0,16557.906564,88.0,2.0
56599.0,70.0,1.0,31.91,120.0,0,60.0,0,0,15281.510397,75.0,1.0
56601.0,56.0,2.0,35.15,68.0,1,60.0,0,0,25977.219402,76.0,2.0
56602.0,51.0,2.0,28.62,118.0,0,60.0,0,0,27375.396445,84.0,2.0
56604.0,18.0,2.0,19.99,120.0,0,60.0,0,0,54449.158179,76.0,1.0
56606.0,66.0,2.0,38.6,122.0,0,60.0,0,0,62173.905587,80.0,2.0
56607.0,29.0,2.0,27.84,119.0,0,60.0,0,0,74043.12155,79.0,2.0
56608.0,36.0,2.0,22.36,124.0,0,60.0,0,0,64508.601789,77.0,1.0
56609.0,64.0,2.0,29.34,129.0,0,60.0,0,0,66402.459548,76.0,2.0
56610.0,54.0,2.0,31.94,119.0,0,60.0,0,0,18999.168205,75.0,1.0
56612.0,19.0,1.0,24.4,115.0,0,60.0,0,0,47972.505357,86.0,2.0
56613.0,41.0,1.0,21.8,112.0,0,60.0,0,0,17679.560516,83.0,2.0
56614.0,28.0,1.0,28.01,129.0,0,60.0,0,0,23291.599402,84.0,1.0
56615.0,45.0,2.0,25.61,114.0,0,60.0,0,0,27466.731558,78.0,1.0
56616.0,75.0,2.0,27.32,108.0,0,60.0,0,0,11077.398316,85.0,2.0
56617.0,41.0,1.0,36.18,130.0,0,60.0,0,0,19708.285303,75.0,2.0
56618.0,42.0,1.0,29.55,123.0,0,60.0,0,0,24714.75305,77.0,1.0
56619.0,40.0,1.0,22.09,111.0,0,60.0,0,0,21137.834292,78.0,1.0
56622.0,28.0,2.0,46.31,114.0,0,60.0,0,0,19738.714889,86.0,2.0
56623.0,56.0,2.0,40.71,110.0,0,60.0,0,0,11755.17247,85.0,1.0
56624.0,34.0,1.0,28.59,130.0,0,60.0,0,0,38399.517701,75.0,2.0
56625.0,41.0,2.0,29.57,115.0,0,60.0,0,0,21594.166094,77.0,2.0
56626.0,37.0,1.0,37.31,124.0,0,60.0,0,0,11532.93882,86.0,3.0
56627.0,80.0,2.0,28.69,80.0,1,60.0,0,0,38178.215592,82.0,1.0
56628.0,57.0,2.0,24.86,109.0,0,60.0,0,0,20502.782804,85.0,1.0
56629.0,19.0,2.0,16.36,112.0,0,60.0,0,0,10330.657234,88.0,2.0
56630.0,44.0,2.0,44.87,115.0,0,60.0,0,0,88539.390536,87.0,1.0
56632.0,79.0,1.0,26.24,118.0,0,60.0,0,0,15661.814696,75.0,1.0
56633.0,66.0,2.0,19.16,115.0,0,60.0,0,0,22769.495307,87.0,2.0
56634.0,77.0,2.0,28.44,131.0,0,60.0,0,0,20884.924641,76.0,2.0
56635.0,62.0,1.0,28.83,119.0,0,60.0,0,0,7931.238404,75.0,1.0
56636.0,22.0,1.0,28.01,121.0,0,60.0,0,0,34450.535899,78.0,2.0
56637.0,80.0,1.0,26.91,87.0,1,60.0,0,0,19857.843461,77.0,1.0
56638.0,33.0,1.0,22.47,112.0,0,60.0,0,0,24590.022505,78.0,1.0
56639.0,31.0,1.0,33.36,115.0,0,60.0,0,0,22238.736217,86.0,2.0
56640.0,40.0,1.0,38.33,130.0,0,60.0,0,0,69149.727092,84.0,1.0
56641.0,44.0,2.0,29.92,122.0,0,60.0,0,0,90501.144518,80.0,2.0
56642.0,59.0,2.0,37.49,121.0,0,60.0,0,0,30353.751983,78.0,2.0
56643.0,27.0,2.0,28.14,114.0,0,60.0,0,0,34580.704351,83.0,2.0
56644.0,18.0,2.0,20.34,107.0,0,60.0,0,0,13151.105795,81.0,1.0
56646.0,37.0,1.0,28.31,126.0,0,60.0,0,0,28059.136418,82.0,2.0
56647.0,29.0,2.0,28.46,128.0,0,60.0,0,0,34476.429852,82.0,2.0
56648.0,62.0,2.0,24.73,124.0,0,60.0,0,0,51293.622038,86.0,3.0
56649.0,74.0,1.0,28.22,68.0,1,60.0,0,0,38461.241347,80.0,2.0
56650.0,60.0,2.0,30.2,108.0,0,60.0,0,0,6774.929441,85.0,2.0
56651.0,61.0,1.0,28.7,113.0,0,60.0,0,0,12428.596949,82.0,2.0
56652.0,62.0,1.0,27.47,119.0,0,60.0,0,0,9357.580369,75.0,1.0
56658.0,38.0,1.0,26.87,115.0,0,60.0,0,0,67160.811695,87.0,2.0
56659.0,53.0,1.0,33.08,126.0,0,60.0,0,0,15686.03941,82.0,2.0
56660.0,45.0,2.0,44.2,123.0,0,60.0,0,0,59173.068083,80.0,1.0
56663.0,25.0,2.0,40.6,126.0,0,60.0,0,0,21806.120245,89.0,2.0
56664.0,52.0,1.0,23.84,114.0,0,60.0,0,0,24631.421473,83.0,2.0
56665.0,46.0,1.0,40.35,122.0,0,60.0,0,0,63242.721914,80.0,1.0
56668.0,32.0,1.0,,127.0,0,60.0,0,0,26340.173602,85.0,1.0
56669.0,22.0,1.0,23.95,123.0,0,60.0,0,0,25757.29763,79.0,1.0
56671.0,27.0,1.0,22.5,111.0,0,60.0,0,0,84976.54851,88.0,1.0
56673.0,50.0,2.0,16.56,118.0,0,60.0,0,0,15221.770678,84.0,2.0
56674.0,24.0,2.0,40.63,128.0,0,60.0,0,0,31317.265873,81.0,2.0
56675.0,50.0,2.0,24.95,123.0,0,60.0,0,0,95158.077948,77.0,1.0
56681.0,30.0,2.0,32.76,127.0,0,60.0,0,0,72738.522735,81.0,2.0
56682.0,31.0,2.0,19.32,127.0,0,60.0,0,0,71929.361138,81.0,2.0
56683.0,32.0,1.0,25.95,122.0,0,60.0,0,0,15307.30365,77.0,1.0
56684.0,25.0,2.0,25.37,124.0,0,60.0,0,0,57949.959812,86.0,3.0
56685.0,80.0,2.0,42.23,41.0,1,41.0,1,1,36431.366036,80.0,2.0
56686.0,42.0,1.0,27.55,109.0,0,60.0,0,0,29520.027261,81.0,1.0
56687.0,19.0,1.0,21.35,119.0,0,60.0,0,0,12396.494922,84.0,2.0
56688.0,80.0,2.0,22.04,126.0,0,60.0,0,0,26088.222945,81.0,2.0
56689.0,59.0,1.0,22.09,41.0,1,41.0,1,1,23591.325205,81.0,2.0
56690.0,62.0,1.0,23.69,130.0,0,60.0,0,0,21309.916507,75.0,2.0
56691.0,61.0,2.0,26.34,106.0,0,60.0,0,0,67032.592835,85.0,2.0
56694.0,43.0,2.0,31.39,118.0,0,60.0,0,0,21052.826838,77.0,2.0
56696.0,46.0,1.0,26.9,125.0,0,60.0,0,0,15521.102658,86.0,3.0
56698.0,29.0,1.0,36.5,111.0,0,60.0,0,0,32476.524595,83.0,1.0
56700.0,19.0,1.0,21.59,124.0,0,60.0,0,0,17943.006445,79.0,1.0
56701.0,72.0,2.0,20.29,123.0,0,60.0,0,0,41750.739821,79.0,1.0
56703.0,40.0,2.0,47.92,114.0,0,60.0,0,0,29981.196622,83.0,2.0
56705.0,31.0,2.0,40.23,130.0,0,60.0,0,0,25966.025398,84.0,1.0
56706.0,45.0,2.0,30.68,114.0,0,60.0,0,0,16283.76628,78.0,1.0
56708.0,21.0,2.0,37.15,128.0,0,60.0,0,0,21522.176098,82.0,1.0
56710.0,71.0,2.0,26.54,40.0,1,40.0,1,1,31237.299447,86.0,3.0
56712.0,55.0,1.0,,23.0,1,23.0,1,1,23031.021983,76.0,2.0
56713.0,24.0,1.0,28.58,131.0,0,60.0,0,0,125320.84443,75.0,2.0
56715.0,29.0,1.0,34.33,115.0,0,60.0,0,0,85279.151157,86.0,2.0
56716.0,44.0,1.0,36.22,116.0,0,60.0,0,0,18451.210124,86.0,2.0
56717.0,75.0,1.0,21.6,93.0,1,60.0,0,0,12711.35088,77.0,2.0
56720.0,67.0,2.0,26.09,110.0,0,60.0,0,0,7084.376544,81.0,1.0
56723.0,28.0,2.0,24.88,106.0,0,60.0,0,0,27357.698411,85.0,2.0
56725.0,73.0,1.0,35.88,33.0,1,33.0,1,1,28077.028738,76.0,2.0
56726.0,67.0,2.0,34.22,125.0,0,60.0,0,0,51293.622038,86.0,3.0
56727.0,76.0,2.0,21.41,128.0,0,60.0,0,0,16322.933104,82.0,1.0
56728.0,29.0,1.0,29.16,131.0,0,60.0,0,0,38877.805647,75.0,2.0
56734.0,73.0,2.0,30.79,103.0,1,60.0,0,0,8570.219254,78.0,1.0
56735.0,18.0,1.0,27.73,115.0,0,60.0,0,0,11251.987672,86.0,2.0
56736.0,38.0,1.0,34.27,119.0,0,60.0,0,0,67052.170574,76.0,1.0
56737.0,64.0,1.0,31.64,129.0,0,60.0,0,0,58644.199424,76.0,2.0
56738.0,80.0,1.0,25.87,16.0,1,16.0,1,1,25598.849966,83.0,2.0
56739.0,76.0,1.0,23.89,127.0,0,60.0,0,0,12868.360204,81.0,2.0
56740.0,56.0,2.0,35.97,108.0,0,60.0,0,0,12457.066775,85.0,2.0
56741.0,47.0,2.0,20.17,115.0,0,60.0,0,0,21293.182095,77.0,2.0
56743.0,20.0,2.0,21.52,124.0,0,60.0,0,0,58601.861641,86.0,3.0
56747.0,33.0,1.0,27.87,127.0,0,60.0,0,0,84125.898782,82.0,2.0
56748.0,34.0,1.0,19.58,120.0,0,60.0,0,0,17236.479268,75.0,1.0
56751.0,47.0,1.0,32.41,129.0,0,60.0,0,0,20257.239026,86.0,1.0
56753.0,61.0,1.0,38.97,125.0,0,60.0,0,0,48643.772078,89.0,2.0
56755.0,40.0,2.0,32.22,130.0,0,60.0,0,0,15810.153943,84.0,1.0
56756.0,64.0,2.0,39.85,127.0,0,60.0,0,0,52724.982158,81.0,2.0
56757.0,51.0,2.0,32.68,117.0,0,60.0,0,0,14417.566562,77.0,2.0
56761.0,73.0,2.0,24.73,131.0,0,60.0,0,0,18085.577777,75.0,2.0
56762.0,36.0,1.0,24.79,125.0,0,60.0,0,0,13780.597684,86.0,3.0
56763.0,61.0,1.0,33.83,115.0,0,60.0,0,0,8050.612715,87.0,1.0
56764.0,78.0,2.0,25.91,111.0,1,60.0,0,0,13632.860954,84.0,1.0
56766.0,75.0,2.0,37.48,80.0,1,60.0,0,0,20574.292093,81.0,2.0
56767.0,67.0,2.0,25.28,115.0,0,60.0,0,0,5629.002315,86.0,2.0
56769.0,55.0,1.0,29.31,109.0,0,60.0,0,0,13008.286545,81.0,1.0
56771.0,39.0,2.0,32.22,123.0,0,60.0,0,0,59497.522458,79.0,1.0
56772.0,30.0,1.0,32.17,113.0,0,60.0,0,0,22053.726896,88.0,1.0
56773.0,62.0,1.0,34.06,113.0,0,60.0,0,0,8441.471308,87.0,1.0
56776.0,48.0,2.0,20.3,44.0,1,44.0,1,1,37059.849392,78.0,2.0
56777.0,22.0,2.0,19.85,111.0,0,60.0,0,0,24459.354245,78.0,1.0
56780.0,56.0,2.0,19.56,116.0,0,60.0,0,0,107546.131922,77.0,2.0
56781.0,24.0,1.0,32.76,124.0,0,60.0,0,0,75347.144936,89.0,2.0
56783.0,65.0,2.0,44.67,115.0,0,60.0,0,0,6871.238068,87.0,2.0
56784.0,72.0,1.0,31.11,118.0,0,60.0,0,0,31722.475671,76.0,1.0
56785.0,49.0,1.0,25.42,111.0,0,60.0,0,0,17110.395133,88.0,2.0
56788.0,22.0,1.0,21.27,116.0,0,60.0,0,0,27003.880437,84.0,2.0
56789.0,80.0,1.0,28.61,93.0,1,60.0,0,0,22213.917346,81.0,2.0
56791.0,56.0,1.0,30.02,73.0,1,60.0,0,0,21099.41302,87.0,2.0
56792.0,52.0,1.0,32.63,112.0,0,60.0,0,0,24653.356286,82.0,2.0
56793.0,57.0,1.0,26.41,119.0,0,60.0,0,0,20010.297039,75.0,1.0
56794.0,71.0,2.0,41.72,84.0,1,60.0,0,0,49128.3912,80.0,2.0
56796.0,70.0,1.0,31.1,99.0,1,60.0,0,0,34298.457694,76.0,2.0
56797.0,35.0,2.0,23.72,113.0,0,60.0,0,0,55595.988799,78.0,1.0
56798.0,70.0,1.0,45.65,122.0,0,60.0,0,0,9873.315888,80.0,2.0
56799.0,19.0,2.0,28.13,130.0,0,60.0,0,0,13521.819674,84.0,1.0
56800.0,65.0,1.0,28.52,127.0,0,60.0,0,0,58512.619244,81.0,2.0
56804.0,79.0,1.0,21.64,101.0,1,60.0,0,0,34298.457694,76.0,2.0
56805.0,56.0,1.0,25.71,106.0,0,60.0,0,0,12815.795366,85.0,2.0
56807.0,80.0,2.0,29.04,20.0,1,20.0,1,1,34225.253111,76.0,1.0
56809.0,52.0,2.0,36.59,119.0,0,60.0,0,0,23748.745332,84.0,2.0
56812.0,80.0,1.0,33.38,39.0,1,39.0,1,1,11202.925656,80.0,1.0
56814.0,65.0,1.0,28.27,127.0,0,60.0,0,0,13193.366177,82.0,2.0
56816.0,56.0,1.0,27.77,113.0,0,60.0,0,0,25115.577435,83.0,2.0
56820.0,29.0,2.0,20.63,131.0,0,60.0,0,0,20501.068904,75.0,2.0
56824.0,66.0,1.0,33.76,132.0,0,60.0,0,0,12159.018408,75.0,2.0
56826.0,80.0,2.0,33.8,33.0,1,33.0,1,1,27352.818144,86.0,1.0
56827.0,53.0,1.0,40.4,11.0,1,11.0,1,1,19601.897646,75.0,1.0
56829.0,53.0,1.0,35.36,118.0,0,60.0,0,0,19184.005021,75.0,1.0
56830.0,71.0,2.0,35.21,121.0,0,60.0,0,0,34966.865728,80.0,1.0
56831.0,50.0,1.0,33.3,127.0,0,60.0,0,0,12437.325513,82.0,2.0
56833.0,23.0,2.0,34.91,124.0,0,60.0,0,0,15963.20483,86.0,3.0
56834.0,49.0,2.0,20.43,115.0,0,60.0,0,0,22786.453748,87.0,1.0
56835.0,60.0,2.0,28.76,110.0,0,60.0,0,0,22061.230347,83.0,1.0
56837.0,76.0,1.0,27.85,114.0,1,60.0,0,0,31722.475671,76.0,1.0
56838.0,80.0,1.0,29.66,93.0,1,60.0,0,0,21791.053723,81.0,2.0
56839.0,56.0,1.0,29.46,119.0,0,60.0,0,0,19952.378405,75.0,1.0
56840.0,41.0,2.0,23.74,122.0,0,60.0,0,0,90501.144518,80.0,2.0
56842.0,21.0,1.0,23.55,124.0,0,60.0,0,0,27534.446723,79.0,1.0
56843.0,32.0,2.0,23.94,126.0,0,60.0,0,0,71929.361138,81.0,2.0
56844.0,70.0,2.0,26.51,115.0,0,60.0,0,0,8352.460062,86.0,2.0
56845.0,24.0,2.0,47.35,124.0,0,60.0,0,0,22513.001905,86.0,3.0
56846.0,32.0,1.0,33.41,129.0,0,60.0,0,0,66692.699479,86.0,1.0
56847.0,58.0,2.0,28.94,109.0,0,60.0,0,0,95401.863692,81.0,1.0
56848.0,18.0,1.0,30.16,115.0,0,60.0,0,0,12744.77195,78.0,1.0
56850.0,53.0,1.0,29.5,107.0,0,60.0,0,0,13666.884857,81.0,1.0
56851.0,50.0,1.0,41.9,105.0,1,60.0,0,0,19446.982307,75.0,1.0
56852.0,44.0,2.0,36.67,127.0,0,60.0,0,0,85415.930989,81.0,2.0
56853.0,31.0,2.0,34.24,110.0,0,60.0,0,0,18922.286547,83.0,1.0
56854.0,49.0,2.0,33.15,120.0,0,60.0,0,0,19014.020892,75.0,1.0
56855.0,49.0,2.0,26.85,129.0,0,60.0,0,0,18410.658199,86.0,1.0
56859.0,29.0,2.0,46.03,110.0,0,60.0,0,0,35876.265162,83.0,1.0
56860.0,63.0,1.0,30.0,9.0,1,9.0,1,1,6707.045564,78.0,1.0
56862.0,45.0,1.0,28.28,116.0,0,60.0,0,0,19102.531525,86.0,2.0
56863.0,22.0,2.0,21.01,122.0,0,60.0,0,0,29716.371487,80.0,2.0
56864.0,66.0,1.0,33.72,111.0,0,60.0,0,0,17238.190331,85.0,1.0
56865.0,30.0,1.0,27.4,120.0,0,60.0,0,0,33061.224604,78.0,2.0
56866.0,46.0,1.0,31.97,93.0,1,60.0,0,0,32203.666103,75.0,1.0
56867.0,30.0,1.0,27.37,111.0,0,60.0,0,0,20151.605562,85.0,1.0
56868.0,33.0,2.0,34.48,127.0,0,60.0,0,0,26824.964193,82.0,2.0
56869.0,80.0,1.0,27.04,16.0,1,16.0,1,1,14927.310257,83.0,2.0
56870.0,53.0,1.0,23.53,121.0,0,60.0,0,0,11948.020306,76.0,1.0
56871.0,31.0,1.0,29.63,118.0,0,60.0,0,0,21381.512204,84.0,2.0
56872.0,31.0,2.0,32.63,112.0,0,60.0,0,0,36330.97264,83.0,2.0
56874.0,39.0,2.0,40.15,121.0,0,60.0,0,0,31444.075415,80.0,2.0
56877.0,72.0,2.0,45.93,79.0,1,60.0,0,0,21736.812302,75.0,2.0
56878.0,73.0,2.0,27.59,119.0,0,60.0,0,0,36689.33505,76.0,1.0
56881.0,42.0,2.0,34.44,128.0,0,60.0,0,0,16306.175177,82.0,2.0
56882.0,60.0,2.0,20.88,115.0,0,60.0,0,0,5815.537765,86.0,2.0
56885.0,56.0,2.0,49.16,116.0,0,60.0,0,0,19881.625135,86.0,2.0
56887.0,80.0,2.0,28.89,33.0,1,33.0,1,1,36995.487401,80.0,1.0
56890.0,75.0,1.0,26.22,54.0,1,54.0,1,1,33464.063035,76.0,1.0
56891.0,80.0,2.0,17.68,72.0,1,60.0,0,0,15428.883769,75.0,1.0
56894.0,78.0,2.0,21.21,32.0,1,32.0,1,1,34299.447413,80.0,1.0
56899.0,30.0,1.0,28.21,123.0,0,60.0,0,0,74780.42137,80.0,2.0
56900.0,31.0,1.0,26.09,117.0,0,60.0,0,0,57949.119795,79.0,2.0
56902.0,45.0,1.0,25.11,116.0,0,60.0,0,0,16582.348771,89.0,1.0
56903.0,24.0,2.0,22.64,123.0,0,60.0,0,0,76905.601257,79.0,1.0
56904.0,29.0,1.0,23.93,14.0,1,14.0,1,1,28250.251732,84.0,2.0
56905.0,80.0,2.0,33.29,25.0,1,25.0,1,1,16250.466029,84.0,2.0
56906.0,53.0,2.0,29.61,120.0,0,60.0,0,0,25871.281028,78.0,2.0
56908.0,59.0,2.0,34.2,120.0,0,60.0,0,0,77428.916401,80.0,1.0
56909.0,48.0,2.0,39.68,123.0,0,60.0,0,0,70653.154593,79.0,1.0
56911.0,43.0,1.0,28.44,118.0,0,60.0,0,0,73330.100722,76.0,1.0
56913.0,40.0,2.0,30.45,120.0,0,60.0,0,0,32228.450566,76.0,2.0
56916.0,53.0,1.0,36.49,124.0,0,60.0,0,0,21948.739149,77.0,1.0
56918.0,80.0,1.0,24.11,47.0,1,47.0,1,1,20524.305843,88.0,2.0
56919.0,44.0,1.0,27.46,119.0,0,60.0,0,0,78729.675798,76.0,1.0
56921.0,63.0,2.0,37.33,78.0,1,60.0,0,0,7692.636623,82.0,2.0
56922.0,80.0,2.0,23.3,55.0,1,55.0,1,1,27500.458112,81.0,2.0
56923.0,28.0,1.0,26.63,123.0,0,60.0,0,0,28653.049299,79.0,1.0
56925.0,66.0,2.0,26.4,116.0,0,60.0,0,0,64787.055786,77.0,2.0
56926.0,69.0,2.0,23.36,129.0,0,60.0,0,0,21780.871124,86.0,1.0
56927.0,64.0,2.0,28.04,118.0,0,60.0,0,0,80871.643831,79.0,2.0
56928.0,25.0,2.0,24.1,123.0,0,60.0,0,0,76905.601257,79.0,1.0
56930.0,71.0,1.0,26.29,120.0,0,60.0,0,0,31722.475671,76.0,1.0
56931.0,39.0,2.0,21.45,117.0,0,60.0,0,0,58690.581834,84.0,2.0
56936.0,42.0,1.0,25.65,109.0,0,60.0,0,0,18226.446244,85.0,1.0
56937.0,19.0,2.0,22.95,130.0,0,60.0,0,0,71217.308562,76.0,2.0
56938.0,45.0,1.0,42.97,116.0,1,60.0,0,0,98436.529013,83.0,1.0
56939.0,80.0,2.0,30.79,130.0,0,60.0,0,0,41139.059417,76.0,2.0
56941.0,41.0,1.0,24.5,127.0,0,60.0,0,0,91316.255685,81.0,2.0
56943.0,60.0,2.0,27.53,121.0,0,60.0,0,0,18363.914422,78.0,2.0
56944.0,28.0,1.0,26.71,127.0,0,60.0,0,0,35293.618823,81.0,2.0
56946.0,41.0,1.0,23.87,115.0,0,60.0,0,0,21063.174792,78.0,1.0
56947.0,22.0,2.0,18.8,123.0,0,60.0,0,0,25616.408741,79.0,1.0
56948.0,20.0,2.0,17.32,126.0,0,60.0,0,0,32492.773592,82.0,2.0
56949.0,44.0,2.0,31.89,129.0,0,60.0,0,0,17671.587506,76.0,2.0
56950.0,58.0,1.0,25.63,117.0,0,60.0,0,0,13442.33475,75.0,1.0
56952.0,78.0,1.0,29.86,65.0,1,60.0,0,0,9134.933197,84.0,1.0
56953.0,58.0,1.0,27.7,118.0,0,60.0,0,0,18621.612592,84.0,2.0
56954.0,75.0,2.0,35.01,36.0,1,36.0,1,1,13897.411766,84.0,1.0
56955.0,80.0,2.0,26.78,122.0,0,60.0,0,0,31605.48428,80.0,1.0
56956.0,59.0,1.0,29.94,106.0,1,60.0,0,0,23031.021983,76.0,2.0
56957.0,61.0,1.0,29.14,130.0,0,60.0,0,0,59396.048135,76.0,2.0
56958.0,73.0,1.0,36.55,98.0,1,60.0,0,0,10597.994557,88.0,1.0
56959.0,32.0,2.0,21.57,123.0,0,60.0,0,0,70271.285873,80.0,2.0
56960.0,66.0,1.0,24.65,111.0,0,60.0,0,0,6649.123831,85.0,1.0
56963.0,74.0,1.0,25.87,122.0,0,60.0,0,0,34298.457694,77.0,1.0
56964.0,74.0,2.0,40.14,82.0,1,60.0,0,0,12759.573149,75.0,1.0
56965.0,68.0,1.0,17.47,114.0,1,60.0,0,0,18897.23409,81.0,1.0
56966.0,18.0,1.0,18.78,124.0,0,60.0,0,0,36059.179621,86.0,3.0
56967.0,42.0,2.0,23.27,123.0,0,60.0,0,0,18840.45707,77.0,1.0
56969.0,68.0,1.0,31.29,115.0,0,60.0,0,0,6580.447866,87.0,1.0
56971.0,65.0,1.0,36.38,126.0,0,60.0,0,0,18245.83232,81.0,2.0
56974.0,50.0,2.0,25.43,122.0,0,60.0,0,0,23649.212232,77.0,1.0
56976.0,67.0,1.0,23.8,109.0,0,60.0,0,0,54028.132863,85.0,1.0
56977.0,28.0,2.0,19.73,118.0,0,60.0,0,0,74043.12155,79.0,2.0
56978.0,55.0,1.0,27.04,130.0,0,60.0,0,0,89543.78448,75.0,2.0
56980.0,46.0,2.0,30.41,117.0,0,60.0,0,0,17565.443509,77.0,2.0
56982.0,20.0,1.0,23.14,129.0,0,60.0,0,0,20942.267999,86.0,1.0
56983.0,39.0,1.0,27.2,115.0,0,60.0,0,0,68643.200606,87.0,2.0
56984.0,43.0,1.0,29.96,112.0,0,60.0,0,0,16685.646624,88.0,1.0
56985.0,78.0,2.0,34.38,115.0,0,60.0,0,0,19444.889193,83.0,2.0
56987.0,30.0,2.0,25.5,110.0,0,60.0,0,0,19433.955197,85.0,1.0
56988.0,63.0,2.0,40.47,84.0,1,60.0,0,0,79344.208036,83.0,1.0
56989.0,49.0,2.0,35.49,131.0,0,60.0,0,0,17646.68998,75.0,2.0
56990.0,36.0,1.0,31.62,113.0,0,60.0,0,0,25362.195537,78.0,1.0
56991.0,21.0,1.0,26.06,113.0,0,60.0,0,0,33527.548135,82.0,2.0
56992.0,18.0,2.0,24.68,120.0,0,60.0,0,0,18737.038025,75.0,1.0
56993.0,56.0,2.0,38.28,122.0,0,60.0,0,0,23593.204232,79.0,1.0
56998.0,39.0,2.0,55.95,132.0,0,60.0,0,0,60640.437883,75.0,2.0
57000.0,61.0,1.0,29.31,121.0,1,60.0,0,0,12290.949739,83.0,1.0
57002.0,23.0,1.0,30.38,120.0,0,60.0,0,0,31210.861085,75.0,1.0
57003.0,20.0,1.0,24.04,110.0,0,60.0,0,0,83470.661987,85.0,1.0
57005.0,77.0,1.0,32.57,124.0,0,60.0,0,0,33645.553037,77.0,1.0
57007.0,80.0,1.0,25.84,116.0,0,60.0,0,0,23057.679705,77.0,2.0
57009.0,49.0,1.0,34.18,111.0,0,60.0,0,0,24063.682199,83.0,1.0
57011.0,33.0,2.0,47.87,131.0,0,60.0,0,0,29104.51615,75.0,2.0
57013.0,27.0,1.0,25.36,114.0,0,60.0,0,0,34685.830742,83.0,2.0
57014.0,64.0,1.0,26.42,117.0,0,60.0,0,0,7591.775942,77.0,2.0
57019.0,28.0,2.0,23.68,110.0,0,60.0,0,0,14566.542001,88.0,2.0
57021.0,48.0,2.0,20.86,108.0,0,60.0,0,0,76304.674546,85.0,2.0
57022.0,61.0,1.0,23.14,131.0,0,60.0,0,0,68338.840828,75.0,2.0
57023.0,55.0,1.0,29.84,121.0,0,60.0,0,0,19952.378405,75.0,1.0
57024.0,34.0,1.0,31.06,128.0,0,60.0,0,0,21506.882987,82.0,2.0
57025.0,64.0,1.0,27.68,126.0,0,60.0,0,0,8401.91118,82.0,2.0
57026.0,41.0,2.0,45.45,122.0,0,60.0,0,0,81961.347896,80.0,2.0
57027.0,35.0,1.0,21.3,115.0,0,60.0,0,0,71223.780444,87.0,2.0
57028.0,55.0,1.0,34.92,111.0,0,60.0,0,0,11532.548251,88.0,1.0
57030.0,24.0,1.0,22.54,127.0,0,60.0,0,0,32840.231475,82.0,2.0
57031.0,64.0,1.0,43.3,115.0,0,60.0,0,0,6148.006178,86.0,2.0
57034.0,64.0,2.0,27.66,109.0,0,60.0,0,0,22614.903074,85.0,2.0
57036.0,48.0,2.0,20.89,124.0,0,60.0,0,0,20571.4402,77.0,1.0
57039.0,19.0,1.0,23.03,132.0,0,60.0,0,0,63464.373291,76.0,2.0
57043.0,20.0,2.0,18.25,118.0,0,60.0,0,0,22017.819952,84.0,2.0
57046.0,76.0,1.0,32.94,126.0,1,60.0,0,0,29350.088599,84.0,1.0
57047.0,68.0,1.0,33.37,120.0,0,60.0,0,0,7676.841102,75.0,1.0
57050.0,78.0,1.0,31.74,116.0,0,60.0,0,0,12397.842008,77.0,2.0
57052.0,21.0,1.0,22.48,122.0,0,60.0,0,0,22211.676024,80.0,1.0
57053.0,64.0,2.0,18.73,127.0,0,60.0,0,0,8266.853321,82.0,2.0
57054.0,49.0,2.0,22.31,116.0,0,60.0,0,0,85417.857252,77.0,2.0
57055.0,33.0,2.0,24.09,118.0,0,60.0,0,0,28789.114826,84.0,2.0
57056.0,26.0,1.0,33.69,119.0,0,60.0,0,0,38714.48131,75.0,1.0
57058.0,40.0,1.0,25.01,113.0,0,60.0,0,0,71221.191038,78.0,1.0
57060.0,39.0,1.0,25.14,122.0,0,60.0,0,0,33706.739675,78.0,2.0
57061.0,34.0,2.0,25.85,126.0,0,60.0,0,0,30625.012229,82.0,2.0
57062.0,71.0,1.0,30.98,95.0,1,60.0,0,0,15159.4564,75.0,1.0
57063.0,78.0,2.0,30.17,122.0,0,60.0,0,0,18655.826903,80.0,2.0
57064.0,32.0,1.0,32.45,110.0,0,60.0,0,0,33128.491208,77.0,2.0
57068.0,19.0,2.0,23.57,111.0,0,60.0,0,0,9300.713707,88.0,1.0
57069.0,48.0,1.0,26.5,124.0,0,60.0,0,0,18364.946313,78.0,1.0
57070.0,30.0,2.0,27.9,120.0,0,60.0,0,0,18011.429607,76.0,1.0
57079.0,73.0,2.0,22.6,109.0,0,60.0,0,0,11583.362083,81.0,1.0
57081.0,18.0,1.0,21.54,124.0,0,60.0,0,0,9843.823183,86.0,3.0
57082.0,53.0,1.0,24.65,113.0,0,60.0,0,0,11723.777579,88.0,1.0
57084.0,18.0,1.0,25.57,120.0,0,60.0,0,0,13898.714311,80.0,1.0
57086.0,45.0,2.0,26.61,121.0,0,60.0,0,0,59173.068083,80.0,1.0
57089.0,35.0,2.0,30.35,121.0,0,60.0,0,0,25536.197439,78.0,2.0
57091.0,72.0,1.0,23.51,109.0,0,60.0,0,0,10532.096527,85.0,2.0
57093.0,70.0,1.0,30.05,22.0,1,22.0,1,1,10831.361525,75.0,2.0
57095.0,61.0,1.0,22.6,108.0,0,60.0,0,0,7200.115955,81.0,1.0
57097.0,68.0,1.0,35.68,130.0,0,60.0,0,0,68338.840828,75.0,2.0
57100.0,69.0,1.0,34.94,111.0,0,60.0,0,0,8365.161334,78.0,1.0
57102.0,58.0,2.0,18.19,114.0,0,60.0,0,0,107639.840916,87.0,1.0
57105.0,22.0,2.0,37.54,111.0,0,60.0,0,0,35182.614422,83.0,1.0
57106.0,80.0,2.0,30.42,122.0,0,60.0,0,0,23950.975525,80.0,1.0
57108.0,38.0,2.0,21.89,118.0,0,60.0,0,0,19493.542121,79.0,2.0
57109.0,41.0,2.0,20.02,111.0,0,60.0,0,0,15384.834197,88.0,2.0
57110.0,26.0,1.0,29.55,131.0,0,60.0,0,0,26191.26118,84.0,1.0
57111.0,57.0,1.0,28.86,122.0,0,60.0,0,0,14173.048393,80.0,2.0
57113.0,56.0,1.0,29.8,117.0,0,60.0,0,0,14507.466366,77.0,2.0
57114.0,33.0,2.0,46.68,123.0,0,60.0,0,0,14711.599201,86.0,3.0
57115.0,22.0,1.0,33.09,123.0,0,60.0,0,0,25757.29763,79.0,1.0
57116.0,24.0,1.0,25.0,122.0,0,60.0,0,0,31096.807815,80.0,2.0
57117.0,32.0,1.0,27.41,111.0,0,60.0,0,0,33866.422992,83.0,1.0
57118.0,80.0,1.0,38.85,114.0,0,60.0,0,0,15548.835179,83.0,2.0
57119.0,60.0,1.0,30.3,111.0,0,60.0,0,0,52391.133413,76.0,2.0
57120.0,65.0,2.0,31.13,116.0,0,60.0,0,0,6260.61572,77.0,2.0
57122.0,65.0,1.0,19.56,90.0,1,60.0,0,0,55281.20886,85.0,1.0
57123.0,29.0,2.0,32.49,111.0,0,60.0,0,0,35182.614422,83.0,1.0
57127.0,48.0,2.0,18.35,117.0,0,60.0,0,0,87550.314744,76.0,1.0
57129.0,79.0,1.0,41.63,122.0,0,60.0,0,0,9873.315888,80.0,2.0
57131.0,47.0,2.0,20.05,129.0,0,60.0,0,0,73812.908056,86.0,1.0
57133.0,55.0,2.0,18.37,104.0,1,60.0,0,0,30353.751983,78.0,2.0
57134.0,31.0,2.0,26.7,122.0,0,60.0,0,0,25897.157431,78.0,2.0
57136.0,49.0,1.0,30.77,123.0,0,60.0,0,0,97630.872181,80.0,2.0
57137.0,70.0,1.0,25.04,123.0,0,60.0,0,0,31431.350966,77.0,1.0
57138.0,20.0,1.0,26.33,118.0,0,60.0,0,0,106581.946753,77.0,2.0
57141.0,29.0,2.0,38.21,115.0,0,60.0,0,0,25018.142429,87.0,1.0
57142.0,39.0,2.0,43.48,123.0,0,60.0,0,0,58438.276253,79.0,1.0
57143.0,51.0,2.0,33.46,128.0,0,60.0,0,0,10266.006315,82.0,1.0
57145.0,55.0,1.0,32.61,108.0,0,60.0,0,0,12815.795366,85.0,2.0
57146.0,80.0,1.0,28.0,22.0,1,22.0,1,1,12376.400515,78.0,2.0
57147.0,26.0,2.0,33.8,112.0,0,60.0,0,0,26913.988676,88.0,2.0
57149.0,22.0,1.0,33.99,124.0,0,60.0,0,0,95188.206445,79.0,1.0
57150.0,33.0,1.0,33.29,126.0,0,60.0,0,0,35121.28555,82.0,2.0
57152.0,80.0,1.0,29.04,55.0,1,55.0,1,1,27674.121756,80.0,2.0
57153.0,27.0,1.0,22.87,125.0,0,60.0,0,0,24364.160754,78.0,1.0
57154.0,60.0,1.0,35.09,130.0,0,60.0,0,0,8634.150642,84.0,1.0
57159.0,39.0,2.0,21.81,131.0,0,60.0,0,0,26477.964406,84.0,1.0
57160.0,49.0,1.0,30.94,121.0,0,60.0,0,0,24174.776339,78.0,2.0
57161.0,80.0,2.0,19.34,38.0,1,38.0,1,1,36241.485412,79.0,1.0
57162.0,27.0,2.0,24.33,119.0,0,60.0,0,0,71018.954083,79.0,2.0
57163.0,30.0,1.0,30.08,114.0,0,60.0,0,0,60193.00099,78.0,1.0
57164.0,64.0,1.0,33.42,114.0,0,60.0,0,0,47596.488729,78.0,1.0
57165.0,48.0,1.0,27.36,122.0,0,60.0,0,0,27067.934054,80.0,2.0
57167.0,26.0,1.0,46.26,121.0,0,60.0,0,0,20286.124958,80.0,1.0
57168.0,24.0,1.0,24.05,105.0,0,60.0,0,0,94789.282448,85.0,2.0
57170.0,56.0,2.0,28.85,118.0,0,60.0,0,0,99626.593895,79.0,2.0
57171.0,38.0,2.0,42.75,107.0,0,60.0,0,0,22865.162453,81.0,1.0
57175.0,49.0,1.0,25.82,119.0,0,60.0,0,0,75648.543242,79.0,2.0
57176.0,28.0,2.0,31.52,121.0,0,60.0,0,0,31937.521872,78.0,2.0
57177.0,53.0,2.0,32.88,110.0,0,60.0,0,0,11193.671799,85.0,1.0
57178.0,46.0,1.0,25.35,119.0,0,60.0,0,0,143399.727954,79.0,2.0
57179.0,53.0,2.0,30.54,113.0,0,60.0,0,0,10656.402922,78.0,1.0
57181.0,62.0,1.0,27.01,128.0,0,60.0,0,0,57398.774363,81.0,2.0
57182.0,59.0,2.0,25.75,129.0,0,60.0,0,0,23228.180612,76.0,2.0
57183.0,26.0,2.0,23.06,120.0,0,60.0,0,0,34346.122643,78.0,2.0
57184.0,34.0,1.0,31.23,124.0,0,60.0,0,0,69862.627307,79.0,1.0
57185.0,53.0,1.0,24.75,115.0,0,60.0,0,0,11569.725441,87.0,1.0
57187.0,43.0,2.0,26.86,119.0,0,60.0,0,0,16538.27432,79.0,2.0
57189.0,72.0,2.0,19.13,132.0,0,60.0,0,0,45032.656482,75.0,2.0
57193.0,78.0,1.0,26.48,115.0,0,60.0,0,0,13785.447356,87.0,1.0
57195.0,18.0,2.0,20.82,120.0,0,60.0,0,0,14838.346911,80.0,1.0
57196.0,23.0,1.0,30.08,115.0,0,60.0,0,0,106581.946753,77.0,2.0
57197.0,18.0,1.0,22.46,118.0,0,60.0,0,0,50477.834594,79.0,2.0
57198.0,51.0,1.0,52.73,131.0,0,60.0,0,0,14106.78685,84.0,1.0
57201.0,33.0,2.0,47.11,119.0,0,60.0,0,0,62125.389482,79.0,2.0
57202.0,46.0,1.0,32.51,110.0,0,60.0,0,0,29111.922818,83.0,1.0
57203.0,51.0,1.0,,123.0,0,60.0,0,0,27553.096049,80.0,2.0
57204.0,56.0,2.0,36.91,131.0,0,60.0,0,0,79625.602161,84.0,1.0
57208.0,46.0,1.0,19.46,129.0,0,60.0,0,0,80523.693485,86.0,1.0
57210.0,79.0,2.0,40.77,130.0,0,60.0,0,0,12842.615886,84.0,1.0
57211.0,40.0,2.0,28.44,119.0,0,60.0,0,0,16970.739474,79.0,2.0
57213.0,77.0,2.0,26.69,130.0,0,60.0,0,0,21020.708228,75.0,2.0
57214.0,41.0,1.0,37.13,117.0,0,60.0,0,0,77775.512186,79.0,2.0
57215.0,40.0,2.0,24.91,115.0,0,60.0,0,0,69605.408779,86.0,2.0
57216.0,20.0,2.0,27.75,128.0,0,60.0,0,0,24246.094511,82.0,1.0
57217.0,60.0,2.0,38.2,121.0,0,60.0,0,0,58315.346509,80.0,1.0
57219.0,28.0,1.0,20.88,111.0,0,60.0,0,0,85175.759021,85.0,1.0
57220.0,19.0,1.0,38.88,123.0,0,60.0,0,0,66962.056578,80.0,2.0
57221.0,19.0,2.0,16.9,125.0,0,60.0,0,0,14760.019613,89.0,2.0
57222.0,65.0,2.0,37.1,117.0,0,60.0,0,0,68773.599629,77.0,2.0
57223.0,76.0,1.0,23.0,76.0,1,60.0,0,0,28480.684717,80.0,1.0
57224.0,30.0,1.0,28.41,127.0,0,60.0,0,0,28516.746202,82.0,1.0
57225.0,31.0,1.0,29.24,111.0,0,60.0,0,0,62367.862156,88.0,2.0
57226.0,74.0,1.0,28.9,120.0,0,60.0,0,0,11626.788295,80.0,1.0
57227.0,27.0,2.0,26.72,114.0,0,60.0,0,0,21428.963545,87.0,2.0
57229.0,60.0,2.0,22.36,117.0,0,60.0,0,0,61835.25213,86.0,2.0
57230.0,64.0,2.0,20.93,111.0,0,60.0,0,0,60234.151229,85.0,1.0
57231.0,57.0,2.0,19.55,123.0,0,60.0,0,0,87766.123009,79.0,1.0
57234.0,48.0,2.0,33.46,129.0,0,60.0,0,0,18967.985218,76.0,2.0
57236.0,19.0,2.0,19.67,122.0,0,60.0,0,0,47792.680341,80.0,1.0
57237.0,61.0,1.0,24.19,56.0,1,56.0,1,1,10764.521923,82.0,1.0
57238.0,80.0,1.0,33.2,41.0,1,41.0,1,1,23469.082177,76.0,2.0
57240.0,56.0,2.0,32.6,123.0,0,60.0,0,0,19271.391199,89.0,2.0
57244.0,34.0,1.0,25.36,127.0,0,60.0,0,0,69974.278629,82.0,1.0
57245.0,49.0,1.0,27.08,110.0,0,60.0,0,0,22270.032342,88.0,1.0
57246.0,53.0,1.0,28.63,118.0,0,60.0,0,0,14704.563313,77.0,2.0
57247.0,50.0,2.0,36.59,117.0,0,60.0,0,0,25369.208288,87.0,2.0
57248.0,63.0,2.0,21.13,128.0,0,60.0,0,0,65573.061923,86.0,1.0
57249.0,68.0,2.0,33.62,115.0,0,60.0,0,0,21271.030737,83.0,2.0
57250.0,37.0,1.0,26.06,116.0,0,60.0,0,0,19395.917386,89.0,1.0
57251.0,28.0,1.0,36.79,111.0,0,60.0,0,0,23989.327512,78.0,1.0
57254.0,26.0,2.0,28.22,124.0,0,60.0,0,0,20934.225915,86.0,3.0
57255.0,33.0,2.0,,118.0,0,60.0,0,0,52320.731799,76.0,1.0
57259.0,40.0,1.0,29.14,133.0,0,60.0,0,0,19863.690695,75.0,2.0
57262.0,38.0,2.0,22.54,125.0,0,60.0,0,0,64508.601789,77.0,1.0
57263.0,58.0,1.0,29.2,124.0,0,60.0,0,0,88811.007403,77.0,1.0
57266.0,45.0,2.0,22.05,126.0,0,60.0,0,0,21255.5746,83.0,1.0
57267.0,56.0,1.0,19.55,87.0,1,60.0,0,0,18554.055335,78.0,1.0
57268.0,48.0,1.0,25.36,127.0,0,60.0,0,0,20096.584068,82.0,2.0
57270.0,73.0,2.0,27.08,117.0,0,60.0,0,0,14822.816187,84.0,2.0
57272.0,69.0,1.0,31.91,127.0,0,60.0,0,0,10840.376763,81.0,2.0
57273.0,25.0,2.0,34.26,121.0,0,60.0,0,0,33283.978503,78.0,2.0
57276.0,74.0,2.0,23.43,110.0,0,60.0,0,0,47930.8449,82.0,2.0
57277.0,25.0,1.0,22.69,128.0,0,60.0,0,0,105153.344223,81.0,2.0
57279.0,26.0,2.0,25.68,115.0,0,60.0,0,0,73015.755387,77.0,1.0
57280.0,61.0,2.0,26.92,109.0,0,60.0,0,0,7084.376544,81.0,1.0
57281.0,62.0,2.0,29.5,122.0,0,60.0,0,0,23607.25865,78.0,2.0
57282.0,39.0,2.0,22.32,115.0,0,60.0,0,0,15495.740174,86.0,2.0
57284.0,53.0,2.0,25.03,123.0,0,60.0,0,0,93463.959795,77.0,1.0
57287.0,33.0,2.0,42.83,114.0,0,60.0,0,0,19518.20924,77.0,1.0
57288.0,30.0,2.0,54.55,121.0,0,60.0,0,0,15076.958957,80.0,1.0
57289.0,27.0,1.0,34.07,13.0,1,13.0,1,1,102729.408346,80.0,2.0
57290.0,34.0,1.0,27.28,110.0,0,60.0,0,0,23709.472842,88.0,1.0
57291.0,79.0,2.0,28.46,121.0,0,60.0,0,0,35645.410956,80.0,1.0
57292.0,19.0,2.0,35.26,113.0,0,60.0,0,0,24673.048489,83.0,2.0
57293.0,51.0,2.0,36.08,111.0,0,60.0,0,0,10312.68772,88.0,2.0
57294.0,60.0,1.0,28.6,122.0,0,60.0,0,0,62920.012242,79.0,1.0
57295.0,40.0,1.0,20.97,117.0,0,60.0,0,0,23456.48286,77.0,2.0
57296.0,44.0,1.0,19.73,114.0,0,60.0,0,0,21063.174792,78.0,1.0
57297.0,33.0,1.0,30.15,133.0,0,60.0,0,0,90136.964446,75.0,2.0
57301.0,41.0,1.0,34.82,117.0,0,60.0,0,0,75316.2222,84.0,2.0
57302.0,68.0,1.0,37.83,122.0,0,60.0,0,0,52696.446317,80.0,1.0
57305.0,67.0,1.0,34.68,128.0,0,60.0,0,0,54228.877032,85.0,1.0
57307.0,21.0,1.0,25.01,121.0,0,60.0,0,0,21468.835917,80.0,1.0
57308.0,57.0,1.0,24.59,108.0,0,60.0,0,0,21368.439802,85.0,2.0
57309.0,66.0,2.0,25.38,28.0,1,28.0,1,1,58532.020031,80.0,1.0
57310.0,30.0,2.0,38.62,115.0,0,60.0,0,0,36330.97264,83.0,2.0
57311.0,80.0,1.0,33.25,118.0,0,60.0,0,0,27115.197949,79.0,2.0
57312.0,44.0,2.0,23.44,112.0,0,60.0,0,0,16862.246249,78.0,1.0
57313.0,74.0,2.0,24.68,114.0,0,60.0,0,0,44742.497211,83.0,2.0
57315.0,26.0,2.0,27.2,119.0,0,60.0,0,0,27035.716101,76.0,1.0
57316.0,71.0,2.0,32.45,107.0,1,60.0,0,0,40933.068037,77.0,2.0
57317.0,19.0,2.0,33.95,129.0,0,60.0,0,0,12708.672133,84.0,1.0
57319.0,23.0,2.0,24.18,124.0,0,60.0,0,0,70911.141547,79.0,1.0
57323.0,21.0,2.0,33.24,130.0,0,60.0,0,0,25202.371212,84.0,1.0
57327.0,73.0,2.0,30.04,125.0,0,60.0,0,0,48863.510764,82.0,2.0
57328.0,67.0,2.0,31.32,128.0,0,60.0,0,0,60234.151229,85.0,1.0
57330.0,69.0,2.0,35.63,120.0,0,60.0,0,0,8213.407304,75.0,1.0
57331.0,29.0,1.0,26.12,117.0,0,60.0,0,0,83012.87189,84.0,2.0
57332.0,80.0,2.0,28.63,58.0,1,58.0,1,1,15485.11086,81.0,2.0
57334.0,57.0,2.0,39.62,117.0,0,60.0,0,0,19267.498554,84.0,2.0
57335.0,58.0,2.0,25.4,120.0,0,60.0,0,0,11550.549181,76.0,1.0
57336.0,39.0,2.0,37.36,115.0,0,60.0,0,0,25936.820943,87.0,1.0
57337.0,21.0,1.0,19.51,113.0,0,60.0,0,0,27526.901424,78.0,1.0
57342.0,23.0,1.0,30.33,120.0,0,60.0,0,0,22457.655116,76.0,1.0
57343.0,58.0,1.0,37.55,128.0,0,60.0,0,0,20506.179986,82.0,1.0
57344.0,22.0,1.0,21.25,119.0,0,60.0,0,0,33719.092564,76.0,1.0
57345.0,19.0,1.0,20.55,116.0,0,60.0,0,0,11400.604262,89.0,1.0
57348.0,62.0,2.0,42.07,121.0,0,60.0,0,0,15659.991046,80.0,1.0
57350.0,43.0,2.0,26.87,130.0,0,60.0,0,0,15413.812776,84.0,1.0
57353.0,80.0,1.0,32.21,91.0,1,60.0,0,0,11597.996483,86.0,1.0
57355.0,49.0,2.0,40.92,70.0,1,60.0,0,0,33363.998924,80.0,2.0
57357.0,63.0,2.0,27.4,126.0,0,60.0,0,0,20615.124346,82.0,2.0
57358.0,65.0,1.0,24.37,116.0,0,60.0,0,0,54607.760927,86.0,2.0
57360.0,31.0,2.0,24.61,109.0,0,60.0,0,0,18499.4128,85.0,2.0
57361.0,30.0,2.0,22.33,124.0,0,60.0,0,0,18071.103937,79.0,1.0
57362.0,76.0,1.0,27.39,87.0,1,60.0,0,0,36844.629325,78.0,2.0
57363.0,58.0,2.0,25.34,120.0,0,60.0,0,0,14748.006458,78.0,2.0
57364.0,80.0,1.0,25.79,129.0,0,60.0,0,0,21113.264096,86.0,1.0
57366.0,65.0,2.0,26.94,12.0,1,12.0,1,1,20280.664408,88.0,1.0
57367.0,43.0,2.0,26.29,116.0,0,60.0,0,0,86576.383051,77.0,2.0
57368.0,42.0,1.0,29.83,120.0,0,60.0,0,0,23310.601215,75.0,1.0
57369.0,56.0,1.0,36.22,116.0,0,60.0,0,0,9812.82322,86.0,2.0
57371.0,69.0,2.0,27.51,116.0,1,60.0,0,0,57414.809741,80.0,1.0
57372.0,33.0,2.0,25.6,114.0,0,60.0,0,0,64508.601789,77.0,1.0
57373.0,61.0,2.0,23.78,125.0,0,60.0,0,0,5308.299831,89.0,2.0
57374.0,42.0,1.0,27.44,124.0,0,60.0,0,0,21063.174792,78.0,1.0
57375.0,39.0,1.0,41.17,119.0,0,60.0,0,0,56137.422196,76.0,1.0
57377.0,36.0,2.0,28.68,114.0,0,60.0,0,0,61193.639148,83.0,2.0
57378.0,23.0,2.0,32.65,109.0,0,60.0,0,0,26446.557725,83.0,1.0
57379.0,39.0,2.0,28.02,115.0,0,60.0,0,0,63976.263039,87.0,2.0
57380.0,39.0,2.0,21.42,119.0,0,60.0,0,0,22444.203247,78.0,2.0
57382.0,61.0,1.0,29.48,130.0,0,60.0,0,0,51157.204847,84.0,1.0
57383.0,70.0,1.0,26.08,68.0,1,60.0,0,0,29991.270791,89.0,2.0
57384.0,64.0,2.0,53.89,111.0,0,60.0,0,0,5697.985261,88.0,1.0
57387.0,29.0,2.0,26.82,120.0,0,60.0,0,0,29321.175161,76.0,1.0
57388.0,40.0,1.0,27.91,119.0,0,60.0,0,0,18112.229728,79.0,2.0
57390.0,56.0,1.0,30.04,125.0,0,60.0,0,0,65373.291976,89.0,2.0
57392.0,33.0,1.0,27.82,108.0,0,60.0,0,0,60502.550662,85.0,1.0
57393.0,67.0,1.0,26.89,121.0,0,60.0,0,0,7225.124488,78.0,2.0
57396.0,45.0,1.0,37.49,127.0,0,60.0,0,0,24028.911704,83.0,2.0
57400.0,30.0,1.0,28.44,115.0,0,60.0,0,0,33287.030545,83.0,2.0
57401.0,31.0,2.0,26.86,116.0,0,60.0,0,0,19357.140812,87.0,2.0
57402.0,28.0,2.0,15.49,123.0,0,60.0,0,0,27781.886926,79.0,1.0
57403.0,55.0,2.0,23.09,117.0,0,60.0,0,0,105631.466784,77.0,2.0
57404.0,24.0,2.0,19.64,123.0,0,60.0,0,0,23563.517364,79.0,1.0
57405.0,48.0,1.0,27.48,117.0,0,60.0,0,0,91316.255685,77.0,2.0
57407.0,77.0,2.0,26.08,77.0,1,60.0,0,0,12963.057364,89.0,2.0
57408.0,57.0,2.0,31.27,124.0,0,60.0,0,0,95185.415335,79.0,1.0
57410.0,32.0,1.0,24.2,117.0,0,60.0,0,0,62271.42409,84.0,2.0
57411.0,52.0,1.0,27.44,120.0,0,60.0,0,0,78821.803811,76.0,1.0
57413.0,37.0,1.0,51.46,128.0,0,60.0,0,0,20133.290922,81.0,2.0
57414.0,57.0,2.0,32.01,114.0,0,60.0,0,0,32061.10982,82.0,2.0
57415.0,65.0,2.0,22.24,30.0,1,30.0,1,1,22410.745364,76.0,1.0
57417.0,72.0,1.0,29.96,117.0,0,60.0,0,0,33464.063035,77.0,2.0
57418.0,69.0,1.0,42.76,122.0,0,60.0,0,0,61719.047623,79.0,1.0
57419.0,49.0,2.0,28.06,129.0,0,60.0,0,0,17387.624199,86.0,1.0
57420.0,38.0,2.0,27.01,115.0,0,60.0,0,0,63976.263039,87.0,2.0
57421.0,26.0,2.0,22.53,123.0,0,60.0,0,0,27279.443532,77.0,1.0
57422.0,35.0,1.0,30.44,123.0,0,60.0,0,0,63837.745058,79.0,1.0
57424.0,30.0,2.0,41.28,126.0,0,60.0,0,0,19219.968571,82.0,2.0
57430.0,65.0,2.0,23.95,128.0,0,60.0,0,0,63755.08114,81.0,2.0
57433.0,30.0,1.0,31.76,111.0,0,60.0,0,0,23998.324651,88.0,2.0
57435.0,56.0,2.0,25.63,113.0,0,60.0,0,0,22940.074853,78.0,1.0
57439.0,47.0,1.0,29.47,130.0,0,60.0,0,0,84551.439388,76.0,2.0
57441.0,72.0,1.0,41.69,119.0,0,60.0,0,0,32338.062285,76.0,1.0
57442.0,66.0,1.0,28.02,112.0,0,60.0,0,0,6906.320246,88.0,1.0
57446.0,80.0,2.0,22.52,64.0,1,60.0,0,0,31235.452535,85.0,1.0
57449.0,77.0,1.0,26.36,111.0,0,60.0,0,0,15192.4636,83.0,1.0
57450.0,76.0,1.0,22.36,93.0,1,60.0,0,0,29350.088599,84.0,1.0
57452.0,80.0,1.0,29.97,90.0,1,60.0,0,0,20401.705235,77.0,1.0
57454.0,44.0,1.0,32.95,132.0,0,60.0,0,0,26444.710314,75.0,2.0
57455.0,21.0,2.0,15.8,125.0,0,60.0,0,0,33081.734275,82.0,2.0
57456.0,54.0,1.0,27.75,115.0,0,60.0,0,0,107001.979585,87.0,1.0
57457.0,77.0,2.0,28.55,127.0,0,60.0,0,0,38087.107887,81.0,2.0
57458.0,21.0,2.0,21.09,124.0,0,60.0,0,0,70911.141547,79.0,1.0
57459.0,46.0,2.0,25.74,117.0,0,60.0,0,0,21478.807878,77.0,2.0
57460.0,60.0,2.0,33.11,118.0,0,60.0,0,0,8780.848777,75.0,1.0
57462.0,36.0,1.0,24.28,115.0,0,60.0,0,0,77850.443105,77.0,2.0
57466.0,61.0,1.0,32.03,124.0,0,60.0,0,0,51609.176198,77.0,1.0
57470.0,44.0,1.0,32.4,109.0,0,60.0,0,0,21459.071325,81.0,1.0
57471.0,57.0,1.0,30.4,116.0,0,60.0,0,0,23031.021983,77.0,1.0
57472.0,57.0,1.0,32.1,110.0,0,60.0,0,0,19200.925759,85.0,1.0
57474.0,80.0,1.0,35.47,88.0,1,60.0,0,0,23506.349258,77.0,2.0
57475.0,52.0,1.0,28.13,118.0,0,60.0,0,0,17971.288694,75.0,1.0
57476.0,80.0,2.0,,127.0,0,60.0,0,0,36736.613855,82.0,1.0
57478.0,68.0,2.0,28.25,124.0,0,60.0,0,0,5184.204509,86.0,3.0
57479.0,45.0,2.0,25.76,118.0,0,60.0,0,0,21052.826838,77.0,2.0
57480.0,41.0,2.0,31.5,127.0,0,60.0,0,0,22758.235199,82.0,2.0
57481.0,34.0,1.0,26.06,122.0,0,60.0,0,0,58510.98972,80.0,1.0
57482.0,53.0,1.0,27.18,121.0,0,60.0,0,0,61026.808084,80.0,1.0
57483.0,54.0,2.0,33.6,113.0,0,60.0,0,0,10054.161288,88.0,1.0
57489.0,58.0,1.0,28.59,121.0,0,60.0,0,0,61026.808084,80.0,1.0
57490.0,33.0,2.0,25.06,114.0,0,60.0,0,0,18850.813917,83.0,2.0
57492.0,61.0,1.0,26.84,122.0,0,60.0,0,0,74313.517349,80.0,2.0
57495.0,23.0,1.0,24.41,114.0,0,60.0,0,0,26290.757348,78.0,1.0
57497.0,21.0,2.0,33.7,109.0,0,60.0,0,0,21617.867621,81.0,1.0
57498.0,31.0,2.0,32.22,121.0,0,60.0,0,0,36084.51781,78.0,2.0
57499.0,80.0,2.0,30.17,129.0,0,60.0,0,0,36552.971278,76.0,2.0
57502.0,39.0,1.0,31.12,128.0,0,60.0,0,0,23339.041345,82.0,1.0
57503.0,44.0,2.0,32.8,118.0,0,60.0,0,0,26829.082247,75.0,1.0
57504.0,53.0,2.0,29.48,75.0,1,60.0,0,0,29415.070778,78.0,2.0
57506.0,63.0,2.0,24.48,127.0,0,60.0,0,0,7692.636623,82.0,2.0
57507.0,25.0,2.0,25.18,123.0,0,60.0,0,0,27781.886926,79.0,1.0
57509.0,26.0,1.0,24.09,124.0,0,60.0,0,0,95188.206445,79.0,1.0
57510.0,37.0,2.0,24.64,111.0,0,60.0,0,0,20293.289262,88.0,2.0
57511.0,22.0,2.0,22.7,114.0,0,60.0,0,0,32155.652999,83.0,2.0
57512.0,55.0,2.0,30.83,115.0,0,60.0,0,0,12542.221496,87.0,2.0
57514.0,24.0,1.0,33.1,110.0,0,60.0,0,0,111083.391508,83.0,1.0
57516.0,57.0,2.0,31.46,115.0,0,60.0,0,0,14714.001115,87.0,1.0
57518.0,50.0,2.0,67.71,118.0,0,60.0,0,0,23936.110452,84.0,2.0
57519.0,19.0,1.0,22.44,115.0,0,60.0,0,0,14998.412569,87.0,2.0
57520.0,46.0,2.0,21.71,109.0,0,60.0,0,0,15979.688031,81.0,1.0
57521.0,46.0,1.0,24.21,109.0,0,60.0,0,0,20754.570941,77.0,1.0
57524.0,42.0,1.0,24.03,110.0,0,60.0,0,0,79039.183921,83.0,1.0
57526.0,56.0,2.0,31.74,116.0,0,60.0,0,0,30421.204657,77.0,2.0
57527.0,26.0,1.0,25.84,121.0,0,60.0,0,0,36397.523919,78.0,2.0
57528.0,77.0,1.0,38.66,47.0,1,47.0,1,1,11112.872016,84.0,1.0
57529.0,23.0,1.0,27.25,113.0,0,60.0,0,0,37701.522974,82.0,2.0
57530.0,56.0,2.0,32.21,111.0,0,60.0,0,0,84218.741868,88.0,2.0
57531.0,62.0,2.0,27.29,119.0,0,60.0,0,0,62173.905587,76.0,1.0
57532.0,71.0,2.0,28.51,119.0,0,60.0,0,0,45492.435433,79.0,2.0
57533.0,73.0,1.0,22.59,126.0,0,60.0,0,0,11046.661885,82.0,1.0
57534.0,47.0,1.0,27.81,107.0,0,60.0,0,0,20708.126413,85.0,2.0
57535.0,62.0,1.0,30.19,29.0,1,29.0,1,1,51609.176198,77.0,1.0
57536.0,72.0,1.0,25.51,116.0,0,60.0,0,0,9751.593752,86.0,2.0
57537.0,40.0,1.0,32.62,121.0,0,60.0,0,0,16822.524734,80.0,1.0
57539.0,29.0,2.0,21.16,114.0,0,60.0,0,0,23353.597051,78.0,1.0
57541.0,50.0,1.0,24.34,119.0,0,60.0,0,0,10676.688351,76.0,1.0
57542.0,47.0,2.0,22.6,110.0,0,60.0,0,0,12812.019149,88.0,2.0
57543.0,28.0,2.0,25.13,112.0,0,60.0,0,0,16323.68729,88.0,1.0
57544.0,19.0,1.0,22.11,122.0,0,60.0,0,0,22278.822353,80.0,2.0
57545.0,53.0,2.0,26.31,124.0,0,60.0,0,0,70447.257704,86.0,3.0
57548.0,19.0,1.0,20.45,124.0,0,60.0,0,0,36059.179621,86.0,3.0
57549.0,43.0,1.0,26.31,117.0,0,60.0,0,0,91799.434449,77.0,2.0
57550.0,45.0,1.0,18.51,121.0,0,60.0,0,0,88104.450949,80.0,2.0
57551.0,23.0,2.0,24.13,126.0,0,60.0,0,0,21359.23225,89.0,2.0
57552.0,25.0,1.0,24.65,111.0,0,60.0,0,0,27432.13415,83.0,1.0
57553.0,47.0,1.0,30.61,116.0,0,60.0,0,0,19335.257103,86.0,2.0
57554.0,60.0,2.0,28.98,130.0,0,60.0,0,0,14321.334085,84.0,1.0
57555.0,71.0,1.0,30.63,131.0,0,60.0,0,0,12378.492771,75.0,2.0
57556.0,43.0,2.0,41.19,122.0,0,60.0,0,0,13939.012804,80.0,1.0
57557.0,56.0,1.0,31.58,95.0,1,60.0,0,0,69149.091341,80.0,1.0
57558.0,80.0,1.0,25.34,14.0,1,14.0,1,1,26828.21212,75.0,2.0
57560.0,61.0,1.0,28.12,120.0,0,60.0,0,0,9590.4584,75.0,1.0
57561.0,43.0,1.0,28.97,121.0,0,60.0,0,0,20547.166359,80.0,1.0
57562.0,45.0,2.0,23.07,78.0,1,60.0,0,0,18377.416844,79.0,1.0
57563.0,41.0,2.0,20.98,110.0,0,60.0,0,0,66895.80466,85.0,1.0
57569.0,60.0,1.0,22.0,112.0,0,60.0,0,0,8365.161334,78.0,1.0
57570.0,67.0,2.0,21.5,130.0,0,60.0,0,0,53528.54999,84.0,1.0
57571.0,70.0,2.0,20.92,130.0,0,60.0,0,0,19554.878853,86.0,1.0
57573.0,74.0,2.0,26.0,109.0,0,60.0,0,0,21141.633727,85.0,2.0
57576.0,19.0,1.0,25.46,130.0,0,60.0,0,0,56902.088259,75.0,2.0
57577.0,52.0,1.0,26.9,128.0,0,60.0,0,0,13047.341046,82.0,1.0
57578.0,28.0,1.0,33.15,120.0,0,60.0,0,0,31812.635595,75.0,1.0
57579.0,48.0,1.0,25.29,78.0,1,60.0,0,0,21720.506558,81.0,1.0
57584.0,59.0,1.0,33.34,92.0,1,60.0,0,0,23355.07934,79.0,2.0
57586.0,37.0,1.0,31.96,117.0,0,60.0,0,0,60123.4098,79.0,2.0
57587.0,47.0,1.0,31.94,119.0,0,60.0,0,0,31289.178968,75.0,1.0
57588.0,67.0,2.0,34.6,121.0,0,60.0,0,0,69714.993936,78.0,2.0
57589.0,49.0,1.0,21.3,123.0,0,60.0,0,0,75533.702614,79.0,1.0
57591.0,78.0,2.0,,110.0,0,60.0,0,0,48322.345424,83.0,1.0
57592.0,48.0,2.0,21.67,130.0,0,60.0,0,0,14931.623428,84.0,1.0
57593.0,41.0,1.0,23.39,118.0,0,60.0,0,0,72089.239678,84.0,2.0
57594.0,36.0,1.0,59.09,120.0,0,60.0,0,0,50388.933244,76.0,1.0
57595.0,42.0,2.0,44.68,119.0,0,60.0,0,0,74567.776013,76.0,1.0
57596.0,77.0,1.0,22.81,98.0,1,60.0,0,0,33244.381206,88.0,2.0
57597.0,80.0,1.0,30.3,12.0,1,12.0,1,1,20401.705235,77.0,1.0
57598.0,42.0,2.0,42.9,108.0,0,60.0,0,0,19775.585933,81.0,1.0
57599.0,80.0,1.0,31.84,91.0,1,60.0,0,0,15798.575963,80.0,2.0
57600.0,33.0,2.0,39.03,114.0,0,60.0,0,0,36330.97264,83.0,2.0
57601.0,41.0,1.0,32.36,127.0,0,60.0,0,0,24485.910944,82.0,1.0
57602.0,21.0,2.0,30.25,123.0,0,60.0,0,0,25616.408741,79.0,1.0
57603.0,31.0,2.0,17.66,111.0,0,60.0,0,0,54262.76634,88.0,1.0
57605.0,80.0,2.0,21.03,128.0,0,60.0,0,0,14642.69089,82.0,2.0
57606.0,54.0,2.0,40.74,122.0,0,60.0,0,0,79719.201422,80.0,1.0
57608.0,56.0,1.0,41.59,83.0,1,60.0,0,0,23031.021983,76.0,2.0
57610.0,22.0,2.0,37.23,120.0,0,60.0,0,0,88409.197285,78.0,2.0
57612.0,52.0,1.0,27.77,114.0,0,60.0,0,0,105788.374004,83.0,2.0
57613.0,36.0,2.0,27.56,114.0,0,60.0,0,0,25575.308112,87.0,1.0
57615.0,23.0,1.0,17.84,130.0,0,60.0,0,0,32522.563547,76.0,2.0
57618.0,60.0,2.0,32.18,112.0,0,60.0,0,0,13875.16562,78.0,1.0
57619.0,18.0,2.0,19.38,116.0,0,60.0,0,0,64377.899827,77.0,2.0
57621.0,28.0,2.0,22.49,109.0,0,60.0,0,0,78477.63486,81.0,1.0
57622.0,49.0,2.0,15.74,114.0,0,60.0,0,0,30375.194429,87.0,2.0
57623.0,60.0,2.0,36.58,122.0,0,60.0,0,0,19747.049961,80.0,1.0
57624.0,63.0,2.0,30.41,122.0,0,60.0,0,0,20803.887002,80.0,2.0
57625.0,73.0,2.0,19.01,30.0,1,30.0,1,1,16124.202669,85.0,2.0
57626.0,54.0,2.0,22.91,131.0,0,60.0,0,0,125317.169771,75.0,2.0
57633.0,27.0,2.0,24.56,121.0,0,60.0,0,0,33861.792106,75.0,1.0
57636.0,80.0,1.0,28.14,28.0,1,28.0,1,1,14599.484138,80.0,2.0
57638.0,57.0,2.0,40.74,111.0,0,60.0,0,0,23973.179657,88.0,2.0
57639.0,44.0,2.0,21.16,114.0,0,60.0,0,0,72667.288792,83.0,2.0
57640.0,72.0,2.0,30.37,118.0,0,60.0,0,0,41085.156853,77.0,2.0
57641.0,40.0,2.0,28.5,124.0,0,60.0,0,0,76603.798386,77.0,1.0
57643.0,45.0,1.0,27.76,118.0,0,60.0,0,0,22936.640314,84.0,2.0
57645.0,28.0,2.0,26.15,115.0,0,60.0,0,0,25018.142429,87.0,1.0
57647.0,34.0,1.0,30.48,117.0,0,60.0,0,0,25958.756366,84.0,2.0
57648.0,65.0,1.0,38.68,117.0,1,60.0,0,0,53739.157834,77.0,1.0
57649.0,30.0,1.0,26.22,129.0,0,60.0,0,0,68573.493519,82.0,1.0
57650.0,26.0,2.0,26.29,110.0,0,60.0,0,0,87821.894308,83.0,2.0
57651.0,53.0,1.0,30.44,114.0,0,60.0,0,0,20628.504499,87.0,2.0
57653.0,77.0,1.0,30.95,109.0,1,60.0,0,0,42591.423746,83.0,1.0
57655.0,63.0,2.0,31.72,128.0,0,60.0,0,0,8066.115416,82.0,2.0
57658.0,68.0,2.0,,10.0,1,10.0,1,1,24124.996937,79.0,1.0
57659.0,54.0,1.0,26.35,125.0,0,60.0,0,0,15865.344137,89.0,2.0
57660.0,19.0,2.0,26.35,120.0,0,60.0,0,0,22168.972888,75.0,1.0
57661.0,41.0,1.0,25.91,123.0,0,60.0,0,0,81895.402401,77.0,1.0
57662.0,39.0,2.0,33.73,117.0,0,60.0,0,0,28232.49081,84.0,2.0
57665.0,47.0,1.0,30.3,114.0,0,60.0,0,0,24255.893217,83.0,1.0
57666.0,30.0,2.0,22.85,109.0,0,60.0,0,0,30285.838991,83.0,1.0
57667.0,53.0,2.0,29.2,113.0,0,60.0,0,0,22972.84107,87.0,2.0
57668.0,31.0,2.0,17.4,131.0,0,60.0,0,0,25879.036132,75.0,2.0
57669.0,77.0,1.0,34.89,110.0,1,60.0,0,0,10958.36008,87.0,2.0
57672.0,80.0,2.0,27.54,43.0,1,43.0,1,1,44526.989321,83.0,1.0
57674.0,44.0,2.0,29.27,122.0,0,60.0,0,0,59173.068083,80.0,1.0
57677.0,42.0,1.0,27.7,127.0,0,60.0,0,0,24119.920015,82.0,2.0
57681.0,51.0,2.0,32.53,112.0,0,60.0,0,0,22940.074853,78.0,1.0
57685.0,54.0,1.0,41.32,11.0,1,11.0,1,1,97006.438984,76.0,2.0
57686.0,69.0,2.0,46.36,122.0,0,60.0,0,0,75906.644182,80.0,2.0
57687.0,50.0,2.0,25.86,115.0,0,60.0,0,0,11653.644872,86.0,2.0
57688.0,79.0,1.0,22.06,90.0,1,60.0,0,0,30233.187542,80.0,1.0
57689.0,54.0,1.0,28.73,124.0,0,60.0,0,0,89543.78448,77.0,1.0
57691.0,55.0,1.0,27.05,124.0,0,60.0,0,0,20473.460219,79.0,1.0
57693.0,63.0,2.0,28.25,112.0,0,60.0,0,0,61093.832879,88.0,1.0
57695.0,22.0,2.0,23.43,115.0,0,60.0,0,0,22309.405483,87.0,2.0
57696.0,23.0,1.0,19.57,122.0,0,60.0,0,0,32842.417168,77.0,1.0
57697.0,80.0,2.0,23.73,119.0,1,60.0,0,0,37848.773882,81.0,1.0
57698.0,59.0,2.0,30.23,45.0,1,45.0,1,1,22816.868232,85.0,2.0
57699.0,80.0,1.0,20.36,15.0,1,15.0,1,1,22538.871952,76.0,2.0
57700.0,23.0,1.0,24.9,117.0,0,60.0,0,0,22547.347513,76.0,1.0
57701.0,25.0,2.0,32.94,113.0,0,60.0,0,0,32155.652999,83.0,2.0
57702.0,51.0,2.0,26.19,122.0,0,60.0,0,0,31446.532741,80.0,2.0
57704.0,72.0,2.0,21.68,121.0,0,60.0,0,0,9993.180213,80.0,1.0
57705.0,51.0,2.0,31.12,125.0,0,60.0,0,0,111325.705053,82.0,2.0
57707.0,33.0,2.0,38.42,117.0,0,60.0,0,0,33362.098901,75.0,1.0
57708.0,30.0,1.0,28.6,121.0,0,60.0,0,0,21023.855466,78.0,2.0
57709.0,53.0,1.0,34.58,16.0,1,16.0,1,1,20488.448405,85.0,2.0
57710.0,37.0,1.0,30.54,114.0,0,60.0,0,0,65657.589992,83.0,2.0
57713.0,74.0,2.0,52.87,33.0,1,33.0,1,1,46488.224683,79.0,2.0
57715.0,48.0,1.0,44.48,112.0,1,60.0,0,0,20450.553653,84.0,1.0
57717.0,74.0,1.0,31.46,120.0,0,60.0,0,0,11820.879903,75.0,1.0
57720.0,60.0,1.0,34.6,109.0,0,60.0,0,0,7399.58979,85.0,2.0
57722.0,36.0,1.0,31.72,113.0,0,60.0,0,0,24614.504514,78.0,1.0
57724.0,27.0,2.0,40.55,120.0,0,60.0,0,0,32831.553836,75.0,1.0
57728.0,36.0,2.0,31.89,126.0,0,60.0,0,0,21073.829739,89.0,2.0
57729.0,58.0,2.0,46.27,130.0,0,60.0,0,0,18836.676039,76.0,2.0
57732.0,48.0,1.0,27.32,120.0,0,60.0,0,0,15900.797021,80.0,1.0
57733.0,54.0,2.0,31.01,113.0,0,60.0,0,0,30561.066068,83.0,2.0
57734.0,69.0,1.0,28.52,112.0,0,60.0,0,0,8365.161334,78.0,1.0
57737.0,68.0,1.0,25.85,111.0,0,60.0,0,0,6223.349472,88.0,1.0
57738.0,29.0,2.0,35.81,119.0,0,60.0,0,0,84790.380109,79.0,2.0
57740.0,63.0,2.0,31.89,123.0,0,60.0,0,0,57324.346253,77.0,1.0
57741.0,29.0,1.0,22.79,121.0,0,60.0,0,0,25672.241981,76.0,1.0
57744.0,55.0,1.0,29.4,118.0,0,60.0,0,0,14426.408699,75.0,1.0
57745.0,80.0,2.0,40.32,50.0,1,50.0,1,1,43508.811276,79.0,2.0
57746.0,62.0,2.0,29.19,109.0,0,60.0,0,0,6912.351852,81.0,1.0
57748.0,58.0,2.0,34.16,126.0,0,60.0,0,0,107546.131922,81.0,2.0
57751.0,36.0,2.0,31.09,118.0,0,60.0,0,0,28232.49081,84.0,2.0
57753.0,74.0,1.0,22.83,127.0,0,60.0,0,0,10249.464781,81.0,2.0
57754.0,44.0,2.0,28.4,128.0,0,60.0,0,0,18387.0062,82.0,2.0
57755.0,36.0,1.0,40.84,119.0,0,60.0,0,0,66657.309609,79.0,2.0
57756.0,65.0,1.0,25.5,127.0,0,60.0,0,0,8809.825372,82.0,2.0
57757.0,62.0,2.0,26.29,129.0,0,60.0,0,0,22057.516367,76.0,2.0
57760.0,28.0,1.0,33.21,115.0,0,60.0,0,0,36453.269559,87.0,1.0
57762.0,67.0,2.0,31.13,123.0,0,60.0,0,0,20167.97853,80.0,1.0
57763.0,31.0,2.0,31.71,132.0,0,60.0,0,0,61739.600243,75.0,2.0
57765.0,43.0,1.0,24.74,116.0,0,60.0,0,0,92556.868952,77.0,2.0
57768.0,80.0,2.0,24.36,42.0,1,42.0,1,1,29582.704227,78.0,1.0
57769.0,26.0,1.0,28.13,74.0,1,60.0,0,0,22633.581873,88.0,1.0
57771.0,21.0,1.0,25.8,116.0,0,60.0,0,0,35773.114303,77.0,2.0
57772.0,65.0,2.0,28.67,112.0,0,60.0,0,0,5697.985261,88.0,1.0
57773.0,30.0,2.0,20.26,118.0,0,60.0,0,0,59587.981851,79.0,2.0
57774.0,45.0,2.0,34.45,122.0,0,60.0,0,0,83446.970885,80.0,2.0
57775.0,80.0,2.0,32.42,60.0,1,60.0,1,1,44570.646952,80.0,2.0
57776.0,27.0,2.0,35.87,108.0,0,60.0,0,0,21397.781891,85.0,2.0
57777.0,80.0,2.0,19.81,128.0,0,60.0,0,0,35095.652565,81.0,2.0
57780.0,65.0,1.0,34.57,99.0,1,60.0,0,0,22253.348328,80.0,2.0
57781.0,61.0,1.0,33.36,126.0,0,60.0,0,0,10283.689262,81.0,2.0
57782.0,28.0,1.0,35.0,115.0,0,60.0,0,0,27126.126649,86.0,2.0
57784.0,57.0,2.0,30.41,113.0,0,60.0,0,0,10778.06461,78.0,1.0
57785.0,48.0,1.0,39.63,111.0,0,60.0,0,0,100092.522328,83.0,1.0
57786.0,42.0,2.0,29.73,130.0,0,60.0,0,0,19980.435015,76.0,2.0
57787.0,54.0,1.0,26.34,131.0,0,60.0,0,0,101172.924903,76.0,2.0
57788.0,35.0,1.0,31.18,116.0,0,60.0,0,0,78224.972418,77.0,2.0
57789.0,61.0,2.0,38.49,120.0,0,60.0,0,0,62173.905587,76.0,1.0
57790.0,36.0,1.0,20.79,130.0,0,60.0,0,0,15307.30365,76.0,2.0
57791.0,42.0,2.0,24.7,121.0,0,60.0,0,0,88087.54939,78.0,2.0
57794.0,32.0,1.0,21.31,130.0,0,60.0,0,0,56035.530926,84.0,1.0
57797.0,64.0,2.0,31.64,37.0,1,37.0,1,1,66402.459548,76.0,2.0
57798.0,53.0,2.0,26.48,114.0,0,60.0,0,0,10930.415019,78.0,1.0
57800.0,62.0,1.0,30.05,129.0,0,60.0,0,0,59782.212249,76.0,2.0
57802.0,76.0,1.0,23.48,122.0,0,60.0,0,0,34061.139515,77.0,1.0
57806.0,50.0,2.0,26.09,128.0,0,60.0,0,0,22320.066258,86.0,1.0
57808.0,50.0,2.0,31.97,120.0,0,60.0,0,0,14748.006458,78.0,2.0
57811.0,31.0,2.0,35.95,116.0,0,60.0,0,0,22335.162336,87.0,2.0
57812.0,31.0,2.0,23.16,129.0,0,60.0,0,0,62857.617176,86.0,1.0
57813.0,45.0,2.0,37.67,114.0,0,60.0,0,0,21347.027696,83.0,2.0
57814.0,56.0,2.0,19.54,110.0,0,60.0,0,0,85173.261497,85.0,1.0
57815.0,53.0,1.0,25.13,123.0,0,60.0,0,0,82587.952309,79.0,1.0
57816.0,30.0,1.0,25.52,130.0,0,60.0,0,0,68055.064666,86.0,1.0
57817.0,80.0,2.0,22.47,85.0,1,60.0,0,0,33807.664252,76.0,1.0
57818.0,44.0,1.0,23.91,129.0,0,60.0,0,0,78911.724158,86.0,1.0
57819.0,56.0,2.0,23.87,114.0,0,60.0,0,0,26047.980138,83.0,2.0
57821.0,37.0,1.0,26.94,123.0,0,60.0,0,0,60025.516642,79.0,1.0
57822.0,63.0,1.0,26.15,117.0,0,60.0,0,0,44635.54969,86.0,2.0
57823.0,20.0,2.0,23.28,120.0,0,60.0,0,0,81166.646864,76.0,1.0
57825.0,41.0,2.0,18.65,113.0,0,60.0,0,0,15963.089497,78.0,1.0
57826.0,76.0,2.0,22.82,118.0,0,60.0,0,0,15940.170425,75.0,1.0
57829.0,48.0,2.0,26.05,128.0,0,60.0,0,0,74543.333554,82.0,1.0
57831.0,70.0,1.0,34.17,69.0,1,60.0,0,0,35466.889558,76.0,2.0
57832.0,49.0,2.0,31.43,108.0,0,60.0,0,0,18820.44423,85.0,2.0
57833.0,42.0,1.0,35.39,119.0,0,60.0,0,0,22235.596677,84.0,2.0
57834.0,18.0,2.0,24.53,114.0,0,60.0,0,0,11711.29414,86.0,2.0
57835.0,18.0,2.0,23.37,125.0,0,60.0,0,0,18521.547485,77.0,1.0
57836.0,29.0,2.0,24.85,111.0,0,60.0,0,0,17467.427992,88.0,2.0
57837.0,57.0,1.0,,123.0,0,60.0,0,0,24180.777895,80.0,2.0
57838.0,61.0,1.0,25.43,110.0,0,60.0,0,0,5696.492836,81.0,1.0
57839.0,39.0,2.0,31.34,118.0,0,60.0,0,0,73247.152332,79.0,2.0
57841.0,31.0,1.0,27.12,117.0,0,60.0,0,0,24272.731935,87.0,2.0
57842.0,73.0,1.0,30.01,118.0,0,60.0,0,0,12082.867988,84.0,2.0
57843.0,43.0,1.0,35.86,117.0,0,60.0,0,0,22432.189735,84.0,2.0
57844.0,57.0,1.0,36.84,124.0,0,60.0,0,0,90382.442658,79.0,1.0
57845.0,46.0,2.0,36.57,114.0,0,60.0,0,0,16221.375547,78.0,1.0
57846.0,80.0,2.0,22.24,109.0,0,60.0,0,0,39334.018504,81.0,1.0
57847.0,59.0,1.0,31.91,109.0,0,60.0,0,0,21126.981723,81.0,1.0
57848.0,65.0,1.0,33.37,111.0,0,60.0,0,0,6487.668059,85.0,1.0
57849.0,31.0,1.0,23.23,109.0,0,60.0,0,0,61262.628714,85.0,1.0
57850.0,80.0,1.0,28.04,120.0,0,60.0,0,0,12155.227733,76.0,1.0
57855.0,77.0,2.0,30.7,106.0,1,60.0,0,0,40300.957709,77.0,2.0
57857.0,21.0,2.0,18.56,118.0,0,60.0,0,0,28478.79532,76.0,1.0
57858.0,62.0,2.0,28.15,125.0,0,60.0,0,0,20212.610371,77.0,1.0
57859.0,52.0,2.0,26.7,118.0,0,60.0,0,0,87899.561678,79.0,2.0
57861.0,25.0,1.0,37.84,122.0,0,60.0,0,0,32520.362145,80.0,2.0
57864.0,25.0,2.0,31.55,119.0,0,60.0,0,0,17482.371397,76.0,1.0
57867.0,32.0,2.0,22.0,118.0,0,60.0,0,0,62125.389482,79.0,2.0
57868.0,23.0,1.0,30.09,118.0,0,60.0,0,0,108051.677139,79.0,2.0
57869.0,73.0,2.0,23.55,113.0,0,60.0,0,0,11591.498545,88.0,1.0
57870.0,38.0,2.0,42.72,109.0,0,60.0,0,0,62691.610913,85.0,2.0
57872.0,25.0,2.0,18.72,109.0,0,60.0,0,0,74717.96323,85.0,2.0
57873.0,60.0,2.0,34.51,128.0,0,60.0,0,0,61772.041071,86.0,1.0
57875.0,55.0,1.0,23.49,111.0,0,60.0,0,0,105475.128046,83.0,1.0
57876.0,45.0,1.0,29.71,116.0,0,60.0,0,0,23386.274409,87.0,1.0
57877.0,43.0,1.0,29.48,131.0,0,60.0,0,0,20754.570941,76.0,2.0
57878.0,49.0,1.0,18.83,117.0,0,60.0,0,0,18379.766094,84.0,2.0
57879.0,80.0,2.0,,1.0,1,1.0,1,1,31886.322225,84.0,1.0
57884.0,48.0,1.0,33.48,123.0,0,60.0,0,0,89211.284608,80.0,2.0
57885.0,47.0,2.0,41.37,123.0,0,60.0,0,0,20013.359204,80.0,2.0
57887.0,44.0,1.0,30.51,113.0,0,60.0,0,0,17624.772,78.0,1.0
57888.0,76.0,2.0,27.19,128.0,0,60.0,0,0,41432.419968,82.0,1.0
57889.0,39.0,2.0,34.76,123.0,0,60.0,0,0,63360.142345,77.0,1.0
57890.0,77.0,1.0,22.77,113.0,0,60.0,0,0,7704.529661,78.0,1.0
57892.0,53.0,1.0,29.59,123.0,0,60.0,0,0,19043.844992,79.0,1.0
57893.0,43.0,1.0,30.81,129.0,0,60.0,0,0,20257.239026,86.0,1.0
57894.0,33.0,1.0,32.93,115.0,0,60.0,0,0,82900.756723,87.0,1.0
57895.0,61.0,2.0,21.4,116.0,0,60.0,0,0,61835.25213,86.0,2.0
57897.0,24.0,2.0,30.37,117.0,0,60.0,0,0,26554.39388,77.0,2.0
57898.0,40.0,1.0,26.66,115.0,0,60.0,0,0,23816.877423,87.0,1.0
57900.0,21.0,2.0,20.52,128.0,0,60.0,0,0,74082.432714,86.0,1.0
57906.0,80.0,2.0,17.23,104.0,1,60.0,0,0,34760.901068,85.0,2.0
57907.0,48.0,1.0,25.57,126.0,0,60.0,0,0,91316.255685,81.0,2.0
57908.0,22.0,1.0,29.4,114.0,0,60.0,0,0,111413.293201,83.0,2.0
57910.0,28.0,1.0,32.71,110.0,0,60.0,0,0,35164.926755,83.0,1.0
57911.0,41.0,1.0,32.83,117.0,0,60.0,0,0,92556.868952,77.0,2.0
57914.0,79.0,2.0,20.92,112.0,0,60.0,0,0,34245.404778,76.0,2.0
57915.0,21.0,2.0,23.79,111.0,0,60.0,0,0,20257.850857,88.0,1.0
57916.0,71.0,1.0,28.82,128.0,0,60.0,0,0,12868.360204,81.0,2.0
57917.0,54.0,1.0,25.57,117.0,0,60.0,0,0,12664.205092,89.0,1.0
57918.0,49.0,2.0,33.49,130.0,0,60.0,0,0,85773.925002,76.0,2.0
57919.0,36.0,1.0,24.47,116.0,0,60.0,0,0,32609.226951,77.0,2.0
57920.0,66.0,2.0,39.12,113.0,0,60.0,0,0,4877.462322,78.0,1.0
57921.0,22.0,1.0,24.71,124.0,0,60.0,0,0,31948.924683,79.0,1.0
57924.0,38.0,2.0,33.95,119.0,0,60.0,0,0,28232.49081,84.0,2.0
57925.0,42.0,2.0,26.51,119.0,0,60.0,0,0,26829.082247,75.0,1.0
57926.0,56.0,1.0,26.82,116.0,0,60.0,0,0,103268.230044,77.0,2.0
57927.0,43.0,2.0,54.41,128.0,0,60.0,0,0,23499.838461,75.0,2.0
57930.0,61.0,2.0,40.34,111.0,0,60.0,0,0,6385.326701,88.0,1.0
57932.0,38.0,1.0,28.77,131.0,0,60.0,0,0,69214.37238,75.0,2.0
57933.0,56.0,2.0,31.75,112.0,0,60.0,0,0,11395.6158,88.0,1.0
57934.0,74.0,2.0,25.83,108.0,0,60.0,0,0,41874.156478,81.0,1.0
57936.0,52.0,2.0,25.17,118.0,0,60.0,0,0,92722.673705,75.0,1.0
57938.0,38.0,2.0,17.23,123.0,0,60.0,0,0,20367.103539,77.0,1.0
57939.0,71.0,2.0,44.95,118.0,0,60.0,0,0,15296.174061,77.0,2.0
57940.0,66.0,2.0,35.02,118.0,0,60.0,0,0,15571.383249,84.0,2.0
57941.0,23.0,1.0,25.72,114.0,0,60.0,0,0,29134.97765,82.0,2.0
57942.0,31.0,2.0,21.28,115.0,0,60.0,0,0,74559.64857,87.0,1.0
57943.0,80.0,2.0,35.42,68.0,1,60.0,0,0,25125.771716,85.0,1.0
57945.0,67.0,2.0,28.97,121.0,0,60.0,0,0,55139.141581,80.0,1.0
57947.0,23.0,1.0,28.46,112.0,0,60.0,0,0,25363.844949,88.0,1.0
57948.0,75.0,2.0,23.1,126.0,0,60.0,0,0,20182.640339,81.0,2.0
57950.0,26.0,2.0,22.27,108.0,0,60.0,0,0,21397.781891,85.0,2.0
57953.0,21.0,1.0,21.1,124.0,0,60.0,0,0,29193.681764,79.0,1.0
57954.0,20.0,1.0,22.25,119.0,0,60.0,0,0,22006.750739,84.0,2.0
57956.0,80.0,1.0,32.72,40.0,1,40.0,1,1,23962.498838,77.0,2.0
57957.0,30.0,2.0,25.95,123.0,0,60.0,0,0,66115.828737,77.0,1.0
57959.0,80.0,1.0,31.7,125.0,0,60.0,0,0,21202.299809,77.0,1.0
57962.0,73.0,2.0,26.79,40.0,1,40.0,1,1,16322.933104,82.0,1.0
57963.0,21.0,1.0,,120.0,0,60.0,0,0,108442.304561,78.0,2.0
57965.0,20.0,2.0,29.87,109.0,0,60.0,0,0,21617.867621,81.0,1.0
57966.0,43.0,1.0,37.03,112.0,0,60.0,0,0,28768.364972,83.0,2.0
57973.0,50.0,2.0,22.74,116.0,0,60.0,0,0,29299.509716,76.0,2.0
57977.0,53.0,1.0,29.81,128.0,0,60.0,0,0,101172.924903,76.0,2.0
57978.0,32.0,1.0,30.07,118.0,0,60.0,0,0,62271.42409,76.0,1.0
57979.0,35.0,1.0,26.95,122.0,0,60.0,0,0,34648.243442,80.0,2.0
57980.0,80.0,2.0,15.86,67.0,1,60.0,0,0,13897.411766,84.0,1.0
57981.0,73.0,1.0,26.13,43.0,1,43.0,1,1,34061.139515,76.0,2.0
57984.0,32.0,1.0,32.59,126.0,0,60.0,0,0,18519.57641,89.0,2.0
57985.0,61.0,2.0,29.42,110.0,0,60.0,0,0,5642.636108,88.0,2.0
57986.0,50.0,1.0,25.74,108.0,0,60.0,0,0,90003.659124,85.0,2.0
57987.0,80.0,1.0,24.38,72.0,1,60.0,0,0,14153.224472,75.0,2.0
57988.0,40.0,2.0,39.55,115.0,0,60.0,0,0,20781.988696,87.0,1.0
57989.0,50.0,1.0,29.05,124.0,0,60.0,0,0,71543.096157,89.0,2.0
57991.0,21.0,1.0,21.57,111.0,0,60.0,0,0,25363.844949,88.0,2.0
57992.0,74.0,2.0,30.45,25.0,1,25.0,1,1,24848.002443,75.0,2.0
57993.0,30.0,1.0,23.25,119.0,0,60.0,0,0,79303.669349,79.0,2.0
57994.0,31.0,2.0,24.14,130.0,0,60.0,0,0,84953.748293,75.0,2.0
57997.0,37.0,2.0,22.77,124.0,0,60.0,0,0,16974.922049,86.0,3.0
57999.0,80.0,1.0,29.72,118.0,0,60.0,0,0,12317.983362,84.0,2.0
58000.0,60.0,2.0,29.58,117.0,0,60.0,0,0,6950.891576,77.0,2.0
58003.0,32.0,2.0,31.8,114.0,0,60.0,0,0,74292.761076,87.0,1.0
58004.0,78.0,1.0,22.62,127.0,0,60.0,0,0,27132.900048,81.0,2.0
58006.0,80.0,2.0,45.23,93.0,1,60.0,0,0,12205.023234,78.0,1.0
58007.0,60.0,2.0,22.67,118.0,0,60.0,0,0,6244.267032,84.0,2.0
58008.0,68.0,1.0,,112.0,0,60.0,0,0,5724.81959,78.0,1.0
58009.0,35.0,1.0,29.54,111.0,0,60.0,0,0,23709.472842,88.0,1.0
58011.0,46.0,2.0,19.02,115.0,0,60.0,0,0,21396.703193,87.0,1.0
58014.0,62.0,2.0,27.7,121.0,0,60.0,0,0,7261.697214,75.0,1.0
58016.0,22.0,2.0,23.88,132.0,0,60.0,0,0,26581.725927,75.0,2.0
58023.0,48.0,2.0,21.89,122.0,0,60.0,0,0,83446.970885,80.0,2.0
58024.0,68.0,1.0,39.28,111.0,0,60.0,0,0,54228.877032,85.0,1.0
58025.0,20.0,1.0,23.38,130.0,0,60.0,0,0,38877.805647,75.0,2.0
58027.0,57.0,2.0,28.46,109.0,0,60.0,0,0,12633.150263,85.0,2.0
58028.0,57.0,1.0,29.85,113.0,0,60.0,0,0,23963.216783,83.0,2.0
58029.0,18.0,1.0,25.34,124.0,0,60.0,0,0,10113.736431,78.0,1.0
58030.0,80.0,2.0,28.89,119.0,0,60.0,0,0,13963.593943,84.0,2.0
58032.0,67.0,2.0,24.56,126.0,0,60.0,0,0,25361.584944,83.0,2.0
58033.0,37.0,1.0,42.37,120.0,0,60.0,0,0,53465.061204,80.0,1.0
58035.0,58.0,2.0,28.37,108.0,0,60.0,0,0,93732.074167,85.0,2.0
58036.0,80.0,2.0,22.84,48.0,1,48.0,1,1,12842.615886,84.0,1.0
58041.0,18.0,2.0,17.39,122.0,0,60.0,0,0,25626.175106,80.0,2.0
58042.0,38.0,2.0,35.08,127.0,0,60.0,0,0,52862.262186,81.0,2.0
58045.0,68.0,1.0,32.62,54.0,1,54.0,1,1,7549.682788,81.0,1.0
58047.0,76.0,2.0,38.66,123.0,0,60.0,0,0,28866.428142,86.0,3.0
58048.0,40.0,1.0,28.42,122.0,0,60.0,0,0,19947.3615,80.0,2.0
58052.0,40.0,2.0,24.0,120.0,0,60.0,0,0,21971.086171,78.0,2.0
58053.0,48.0,1.0,28.67,122.0,0,60.0,0,0,21023.171896,77.0,1.0
58057.0,26.0,1.0,23.15,112.0,0,60.0,0,0,25363.844949,88.0,2.0
58058.0,62.0,1.0,27.35,118.0,0,60.0,0,0,71422.848504,79.0,2.0
58060.0,45.0,1.0,25.69,124.0,0,60.0,0,0,75533.702614,79.0,1.0
58062.0,73.0,2.0,42.22,122.0,0,60.0,0,0,9411.060991,86.0,3.0
58065.0,28.0,1.0,41.8,131.0,0,60.0,0,0,20262.707446,84.0,1.0
58067.0,37.0,1.0,27.44,113.0,0,60.0,0,0,22592.829185,88.0,1.0
58068.0,32.0,1.0,31.99,130.0,0,60.0,0,0,79205.918379,76.0,2.0
58069.0,62.0,1.0,34.58,117.0,0,60.0,0,0,8890.130365,89.0,1.0
58071.0,27.0,1.0,29.14,124.0,0,60.0,0,0,23857.642792,86.0,3.0
58072.0,65.0,1.0,21.48,115.0,0,60.0,0,0,60762.062662,87.0,2.0
58074.0,80.0,2.0,24.79,63.0,1,60.0,0,0,36300.05365,76.0,2.0
58075.0,41.0,2.0,24.81,109.0,0,60.0,0,0,67803.115123,85.0,1.0
58077.0,80.0,2.0,18.91,67.0,1,60.0,0,0,31555.686287,77.0,1.0
58078.0,20.0,1.0,21.02,109.0,0,60.0,0,0,28731.824115,81.0,1.0
58079.0,58.0,1.0,18.28,127.0,0,60.0,0,0,23698.121198,81.0,2.0
58083.0,45.0,1.0,33.33,109.0,0,60.0,0,0,17433.429974,81.0,1.0
58085.0,25.0,2.0,41.5,128.0,0,60.0,0,0,21222.19551,82.0,1.0
58088.0,49.0,2.0,31.19,109.0,0,60.0,0,0,26156.510064,81.0,1.0
58089.0,32.0,2.0,22.97,129.0,0,60.0,0,0,54009.255077,76.0,2.0
58092.0,34.0,1.0,28.77,120.0,0,60.0,0,0,61975.358191,76.0,1.0
58093.0,23.0,1.0,32.9,116.0,0,60.0,0,0,37262.585136,87.0,1.0
58094.0,50.0,1.0,24.17,122.0,0,60.0,0,0,101172.924903,76.0,2.0
58095.0,58.0,1.0,30.07,124.0,0,60.0,0,0,23031.021983,77.0,1.0
58106.0,45.0,2.0,30.21,114.0,0,60.0,0,0,23566.720348,82.0,2.0
58108.0,61.0,1.0,29.51,123.0,0,60.0,0,0,7178.894889,79.0,1.0
58110.0,18.0,1.0,22.96,128.0,0,60.0,0,0,12677.477684,82.0,1.0
58111.0,29.0,2.0,30.64,114.0,0,60.0,0,0,34241.295615,83.0,2.0
58112.0,65.0,1.0,31.35,128.0,0,60.0,0,0,8809.825372,82.0,2.0
58115.0,79.0,2.0,26.91,115.0,0,60.0,0,0,47495.638631,83.0,2.0
58117.0,79.0,1.0,20.5,9.0,1,9.0,1,1,12969.128126,84.0,2.0
58118.0,48.0,1.0,32.08,114.0,0,60.0,0,0,24527.536669,82.0,2.0
58119.0,78.0,1.0,22.19,112.0,0,60.0,0,0,11940.973058,88.0,1.0
58120.0,23.0,2.0,17.56,124.0,0,60.0,0,0,27781.886926,79.0,1.0
58121.0,35.0,1.0,20.92,116.0,0,60.0,0,0,23368.36266,89.0,1.0
58122.0,43.0,1.0,20.38,122.0,0,60.0,0,0,23723.440024,80.0,2.0
58125.0,46.0,2.0,27.93,128.0,0,60.0,0,0,18202.025089,82.0,1.0
58126.0,20.0,2.0,20.45,115.0,0,60.0,0,0,31986.436672,87.0,1.0
58127.0,75.0,1.0,26.89,30.0,1,30.0,1,1,9054.477513,80.0,1.0
58130.0,40.0,1.0,36.39,118.0,0,60.0,0,0,85741.118073,79.0,2.0
58132.0,33.0,2.0,32.54,111.0,0,60.0,0,0,17353.617927,85.0,1.0
58134.0,41.0,2.0,44.73,129.0,0,60.0,0,0,18406.786809,82.0,1.0
58135.0,70.0,2.0,36.35,120.0,0,60.0,0,0,52908.792884,75.0,1.0
58137.0,43.0,2.0,27.98,111.0,1,60.0,0,0,29559.749743,83.0,1.0
58141.0,72.0,2.0,36.23,116.0,0,60.0,0,0,47729.011075,87.0,1.0
58143.0,22.0,1.0,24.07,118.0,0,60.0,0,0,104280.249067,77.0,2.0
58144.0,72.0,2.0,25.96,111.0,0,60.0,0,0,15023.456037,88.0,1.0
58145.0,19.0,1.0,25.96,121.0,0,60.0,0,0,11032.61382,75.0,1.0
58147.0,21.0,2.0,22.86,131.0,0,60.0,0,0,36576.480002,75.0,2.0
58149.0,23.0,1.0,27.33,119.0,0,60.0,0,0,26858.862377,84.0,2.0
58151.0,64.0,1.0,26.65,112.0,0,60.0,0,0,19258.201511,88.0,1.0
58152.0,75.0,1.0,25.1,108.0,0,60.0,0,0,36205.396154,81.0,1.0
58157.0,19.0,2.0,30.26,112.0,0,60.0,0,0,10185.14603,88.0,1.0
58158.0,23.0,1.0,23.91,116.0,0,60.0,0,0,36278.736829,87.0,1.0
58159.0,27.0,1.0,25.16,123.0,0,60.0,0,0,91268.182167,79.0,1.0
58162.0,32.0,2.0,45.47,129.0,0,60.0,0,0,18807.106364,86.0,1.0
58164.0,40.0,2.0,26.49,109.0,0,60.0,0,0,75455.84218,85.0,2.0
58165.0,72.0,2.0,35.92,130.0,0,60.0,0,0,23863.137941,76.0,2.0
58166.0,80.0,1.0,27.46,110.0,0,60.0,0,0,20991.335796,77.0,2.0
58167.0,62.0,1.0,27.12,130.0,0,60.0,0,0,58644.199424,76.0,2.0
58168.0,36.0,1.0,26.15,117.0,0,60.0,0,0,25867.069216,84.0,2.0
58170.0,76.0,2.0,31.87,122.0,0,60.0,0,0,25631.474879,80.0,2.0
58171.0,43.0,1.0,26.43,121.0,0,60.0,0,0,79718.736557,76.0,1.0
58172.0,32.0,1.0,26.77,114.0,0,60.0,0,0,24590.022505,78.0,1.0
58173.0,47.0,1.0,27.52,121.0,0,60.0,0,0,29520.027261,75.0,1.0
58175.0,78.0,2.0,23.78,118.0,1,60.0,0,0,38675.440785,76.0,1.0
58176.0,73.0,1.0,25.56,27.0,1,27.0,1,1,12151.431033,82.0,2.0
58182.0,20.0,2.0,19.18,128.0,0,60.0,0,0,27516.740091,82.0,1.0
58183.0,48.0,1.0,29.4,119.0,0,60.0,0,0,23880.427736,75.0,1.0
58185.0,69.0,1.0,21.87,124.0,0,60.0,0,0,54028.132863,85.0,1.0
58187.0,72.0,2.0,30.12,122.0,0,60.0,0,0,44483.204428,80.0,2.0
58190.0,40.0,2.0,23.31,122.0,0,60.0,0,0,52207.814643,80.0,1.0
58192.0,75.0,2.0,24.13,116.0,0,60.0,0,0,36940.207383,86.0,2.0
58194.0,46.0,1.0,22.22,128.0,0,60.0,0,0,28985.417334,81.0,2.0
58195.0,50.0,1.0,44.42,118.0,0,60.0,0,0,72625.916577,76.0,1.0
58197.0,80.0,1.0,23.67,12.0,1,12.0,1,1,11754.782259,76.0,1.0
58198.0,18.0,2.0,19.96,123.0,0,60.0,0,0,14281.932195,80.0,1.0
58201.0,74.0,2.0,26.94,124.0,0,60.0,0,0,12442.515575,78.0,1.0
58202.0,39.0,1.0,31.84,117.0,0,60.0,0,0,32781.284729,77.0,2.0
58205.0,62.0,1.0,26.73,93.0,1,60.0,0,0,9775.236398,84.0,2.0
58206.0,63.0,2.0,32.38,116.0,0,60.0,0,0,6351.961557,86.0,2.0
58207.0,68.0,1.0,25.45,123.0,0,60.0,0,0,23171.774599,80.0,2.0
58209.0,75.0,1.0,25.47,128.0,0,60.0,0,0,11966.819162,82.0,1.0
58211.0,36.0,1.0,34.46,121.0,0,60.0,0,0,33061.224604,78.0,2.0
58214.0,50.0,1.0,29.34,120.0,0,60.0,0,0,95390.188569,76.0,1.0
58215.0,54.0,2.0,24.15,122.0,0,60.0,0,0,96228.548493,77.0,1.0
58218.0,60.0,1.0,26.31,110.0,0,60.0,0,0,7549.682788,81.0,1.0
58219.0,46.0,1.0,25.12,115.0,0,60.0,0,0,72806.577513,86.0,2.0
58220.0,80.0,1.0,26.11,98.0,1,60.0,0,0,11528.710573,85.0,1.0
58221.0,68.0,1.0,20.69,113.0,0,60.0,0,0,12080.674109,83.0,2.0
58223.0,67.0,2.0,30.2,123.0,0,60.0,0,0,5184.204509,86.0,3.0
58225.0,41.0,1.0,34.04,108.0,0,60.0,0,0,83700.795178,85.0,2.0
58227.0,71.0,2.0,30.08,108.0,0,60.0,0,0,11967.214768,81.0,1.0
58228.0,36.0,1.0,37.56,110.0,0,60.0,0,0,33904.285463,83.0,1.0
58229.0,39.0,1.0,30.19,109.0,0,60.0,0,0,24660.400133,81.0,1.0
58230.0,60.0,1.0,33.81,119.0,0,60.0,0,0,7673.435685,84.0,2.0
58231.0,19.0,1.0,22.54,114.0,0,60.0,0,0,52300.462767,83.0,2.0
58232.0,19.0,2.0,25.89,129.0,0,60.0,0,0,73618.017629,76.0,2.0
58233.0,22.0,2.0,42.48,93.0,1,60.0,0,0,17482.371397,76.0,1.0
58234.0,53.0,1.0,21.55,120.0,0,60.0,0,0,101689.877671,78.0,2.0
58235.0,18.0,1.0,29.58,120.0,0,60.0,0,0,19755.996273,75.0,1.0
58236.0,50.0,2.0,33.67,127.0,0,60.0,0,0,106104.605651,81.0,2.0
58237.0,42.0,2.0,40.35,126.0,0,60.0,0,0,35459.954056,83.0,2.0
58238.0,47.0,2.0,38.09,115.0,0,60.0,0,0,37739.463274,83.0,2.0
58240.0,62.0,1.0,31.2,104.0,1,60.0,0,0,22463.487356,75.0,2.0
58242.0,50.0,2.0,24.21,121.0,0,60.0,0,0,25648.393839,76.0,2.0
58243.0,48.0,1.0,22.24,131.0,0,60.0,0,0,27580.526805,75.0,2.0
58251.0,37.0,1.0,26.73,114.0,0,60.0,0,0,33958.460784,87.0,1.0
58253.0,20.0,2.0,28.39,111.0,0,60.0,0,0,17223.963331,88.0,1.0
58256.0,22.0,2.0,34.51,115.0,0,60.0,0,0,22496.617078,86.0,2.0
58257.0,38.0,1.0,20.19,130.0,0,60.0,0,0,19492.691872,84.0,1.0
58259.0,52.0,2.0,31.01,130.0,0,60.0,0,0,22498.50756,75.0,2.0
58260.0,46.0,2.0,35.01,113.0,0,60.0,0,0,26935.675201,78.0,1.0
58261.0,34.0,1.0,32.76,119.0,0,60.0,0,0,66657.309609,79.0,2.0
58263.0,35.0,1.0,29.49,127.0,0,60.0,0,0,15574.203466,83.0,2.0
58265.0,68.0,2.0,32.88,132.0,0,60.0,0,0,25526.05719,75.0,2.0
58267.0,32.0,1.0,31.34,124.0,0,60.0,0,0,51042.814293,86.0,3.0
58269.0,60.0,1.0,30.28,114.0,0,60.0,0,0,8809.825372,82.0,2.0
58270.0,30.0,2.0,18.02,123.0,0,60.0,0,0,59497.522458,79.0,1.0
58271.0,56.0,2.0,21.15,118.0,0,60.0,0,0,86575.786889,84.0,2.0
58272.0,41.0,1.0,27.92,122.0,0,60.0,0,0,16843.854657,80.0,1.0
58274.0,47.0,2.0,31.51,116.0,0,60.0,0,0,20763.896331,77.0,2.0
58275.0,54.0,1.0,23.51,128.0,0,60.0,0,0,21569.06312,82.0,1.0
58276.0,80.0,2.0,19.87,126.0,0,60.0,0,0,35095.652565,81.0,2.0
58280.0,77.0,2.0,19.38,131.0,0,60.0,0,0,14719.459819,75.0,2.0
58281.0,26.0,1.0,38.58,130.0,0,60.0,0,0,24730.287408,84.0,1.0
58282.0,35.0,1.0,32.43,127.0,0,60.0,0,0,14859.616641,81.0,2.0
58283.0,68.0,1.0,30.2,35.0,1,35.0,1,1,60181.110845,86.0,1.0
58284.0,72.0,2.0,25.19,122.0,0,60.0,0,0,49310.93014,80.0,2.0
58285.0,32.0,2.0,22.87,126.0,0,60.0,0,0,14823.350914,89.0,2.0
58286.0,47.0,1.0,25.92,115.0,0,60.0,0,0,92556.868952,77.0,2.0
58287.0,33.0,2.0,17.48,130.0,0,60.0,0,0,26477.964406,84.0,1.0
58288.0,79.0,2.0,38.09,35.0,1,35.0,1,1,28866.428142,86.0,3.0
58289.0,60.0,2.0,26.32,122.0,0,60.0,0,0,27847.660373,80.0,2.0
58290.0,53.0,1.0,26.63,124.0,0,60.0,0,0,87610.035587,77.0,1.0
58291.0,43.0,1.0,42.97,113.0,0,60.0,0,0,24510.801633,87.0,2.0
58292.0,49.0,1.0,23.17,108.0,0,60.0,0,0,20708.126413,85.0,2.0
58294.0,39.0,2.0,26.95,120.0,0,60.0,0,0,61676.117922,76.0,1.0
58295.0,25.0,2.0,42.39,122.0,0,60.0,0,0,31869.921982,80.0,2.0
58296.0,69.0,2.0,45.12,122.0,0,60.0,0,0,21200.345179,80.0,2.0
58297.0,25.0,1.0,34.8,115.0,0,60.0,0,0,108608.392388,87.0,1.0
58298.0,25.0,2.0,33.22,115.0,0,60.0,0,0,19463.592556,86.0,2.0
58300.0,64.0,1.0,34.34,110.0,0,60.0,0,0,68602.369519,83.0,1.0
58301.0,79.0,2.0,22.49,7.0,1,7.0,1,1,21736.812302,76.0,2.0
58302.0,60.0,2.0,31.49,115.0,0,60.0,0,0,6024.938037,87.0,1.0
58304.0,60.0,2.0,37.77,123.0,0,60.0,0,0,18698.164623,79.0,1.0
58306.0,49.0,1.0,21.86,109.0,0,60.0,0,0,20727.40116,81.0,1.0
58307.0,47.0,2.0,28.72,113.0,0,60.0,0,0,16785.174371,88.0,1.0
58308.0,25.0,2.0,34.45,128.0,0,60.0,0,0,21522.176098,82.0,1.0
58310.0,32.0,2.0,17.59,123.0,0,60.0,0,0,49169.502888,86.0,3.0
58312.0,22.0,1.0,22.89,111.0,0,60.0,0,0,82013.288444,78.0,1.0
58313.0,29.0,1.0,24.01,114.0,0,60.0,0,0,25442.668401,78.0,1.0
58314.0,31.0,2.0,32.79,127.0,0,60.0,0,0,19933.667798,85.0,1.0
58315.0,37.0,2.0,31.91,129.0,0,60.0,0,0,61051.755394,86.0,1.0
58316.0,73.0,1.0,36.45,118.0,1,60.0,0,0,11966.819162,82.0,1.0
58319.0,42.0,1.0,25.43,116.0,0,60.0,0,0,92556.868952,77.0,2.0
58321.0,61.0,2.0,31.22,131.0,0,60.0,0,0,6024.136659,75.0,2.0
58322.0,47.0,1.0,34.33,110.0,0,60.0,0,0,96465.970305,83.0,1.0
58323.0,40.0,1.0,34.26,119.0,0,60.0,0,0,17222.002528,75.0,1.0
58324.0,37.0,2.0,21.6,121.0,0,60.0,0,0,13302.25226,80.0,1.0
58325.0,68.0,2.0,42.08,108.0,0,60.0,0,0,6592.294836,81.0,1.0
58326.0,72.0,2.0,32.83,48.0,1,48.0,1,1,39280.737137,85.0,2.0
58327.0,54.0,1.0,23.33,98.0,1,60.0,0,0,72579.314382,80.0,1.0
58328.0,50.0,1.0,36.78,114.0,0,60.0,0,0,15686.03941,82.0,2.0
58329.0,63.0,2.0,25.1,126.0,0,60.0,0,0,6086.158846,82.0,2.0
58331.0,45.0,2.0,25.61,110.0,0,60.0,0,0,17828.403033,88.0,2.0
58332.0,42.0,2.0,21.79,121.0,0,60.0,0,0,15280.853623,80.0,2.0
58334.0,42.0,1.0,29.46,98.0,1,60.0,0,0,16031.994042,80.0,1.0
58335.0,68.0,2.0,21.43,132.0,0,60.0,0,0,25703.907887,75.0,2.0
58337.0,21.0,2.0,26.5,115.0,0,60.0,0,0,19738.714889,86.0,2.0
58338.0,73.0,1.0,,29.0,1,29.0,1,1,15281.510397,75.0,1.0
58339.0,41.0,2.0,26.72,117.0,0,60.0,0,0,20004.003655,79.0,2.0
58340.0,27.0,1.0,29.55,118.0,0,60.0,0,0,103601.911633,79.0,2.0
58341.0,29.0,2.0,30.14,128.0,0,60.0,0,0,28248.188158,82.0,2.0
58343.0,50.0,1.0,34.01,125.0,0,60.0,0,0,89543.78448,77.0,1.0
58344.0,32.0,1.0,32.82,129.0,0,60.0,0,0,57949.119795,76.0,2.0
58346.0,21.0,1.0,26.82,121.0,0,60.0,0,0,34328.855514,78.0,2.0
58347.0,51.0,1.0,21.87,114.0,0,60.0,0,0,80353.75661,86.0,2.0
58348.0,62.0,2.0,31.21,110.0,0,60.0,0,0,76199.355886,83.0,1.0
58349.0,80.0,2.0,21.41,48.0,1,48.0,1,1,40642.211342,87.0,1.0
58350.0,59.0,2.0,35.73,128.0,0,60.0,0,0,95337.536404,82.0,1.0
58351.0,36.0,2.0,23.25,119.0,0,60.0,0,0,108341.785183,79.0,2.0
58352.0,46.0,1.0,30.31,127.0,0,60.0,0,0,24485.910944,82.0,1.0
58354.0,76.0,2.0,20.27,130.0,0,60.0,0,0,38913.512966,76.0,2.0
58355.0,61.0,2.0,25.81,124.0,0,60.0,0,0,51293.622038,86.0,3.0
58359.0,49.0,1.0,35.47,29.0,1,29.0,1,1,105778.527027,75.0,2.0
58361.0,25.0,2.0,34.68,118.0,0,60.0,0,0,34198.531062,79.0,2.0
58362.0,34.0,2.0,39.86,110.0,0,60.0,0,0,29767.703776,83.0,2.0
58364.0,21.0,1.0,26.93,118.0,0,60.0,0,0,20032.363351,84.0,2.0
58365.0,32.0,1.0,34.87,124.0,0,60.0,0,0,53235.134403,86.0,3.0
58369.0,19.0,2.0,,130.0,0,60.0,0,0,13239.689028,84.0,1.0
58372.0,57.0,1.0,23.96,104.0,1,60.0,0,0,18719.899451,84.0,2.0
58375.0,75.0,2.0,22.81,115.0,0,60.0,0,0,21736.812302,77.0,1.0
58377.0,38.0,2.0,21.95,119.0,0,60.0,0,0,57761.756191,76.0,1.0
58378.0,49.0,2.0,26.59,110.0,0,60.0,0,0,88626.466787,83.0,1.0
58380.0,73.0,1.0,25.15,76.0,1,60.0,0,0,12637.696457,75.0,1.0
58381.0,19.0,1.0,23.9,123.0,0,60.0,0,0,8707.233227,89.0,2.0
58384.0,36.0,1.0,33.1,129.0,0,60.0,0,0,68012.325768,82.0,1.0
58385.0,30.0,1.0,35.18,124.0,0,60.0,0,0,18764.720918,79.0,1.0
58388.0,76.0,2.0,39.16,129.0,0,60.0,0,0,13632.860954,84.0,1.0
58390.0,57.0,1.0,33.49,122.0,0,60.0,0,0,23716.595191,78.0,2.0
58392.0,80.0,2.0,28.48,39.0,1,39.0,1,1,35637.776348,76.0,1.0
58393.0,80.0,2.0,24.01,33.0,1,33.0,1,1,35776.69695,81.0,2.0
58394.0,48.0,1.0,26.51,119.0,0,60.0,0,0,22314.411887,84.0,2.0
58396.0,44.0,1.0,26.6,96.0,1,60.0,0,0,24072.014405,80.0,2.0
58397.0,66.0,1.0,26.6,117.0,0,60.0,0,0,73052.830524,79.0,2.0
58398.0,65.0,1.0,27.02,124.0,0,60.0,0,0,54784.845182,77.0,1.0
58400.0,19.0,2.0,16.04,129.0,0,60.0,0,0,16731.513988,86.0,1.0
58402.0,35.0,1.0,23.49,129.0,0,60.0,0,0,57272.360077,84.0,1.0
58404.0,19.0,1.0,20.93,116.0,0,60.0,0,0,16124.059787,87.0,1.0
58405.0,61.0,1.0,33.98,130.0,0,60.0,0,0,5649.592847,84.0,1.0
58407.0,45.0,1.0,31.35,121.0,0,60.0,0,0,22608.618809,80.0,2.0
58408.0,51.0,2.0,32.49,119.0,0,60.0,0,0,18999.168205,75.0,1.0
58410.0,38.0,2.0,23.97,118.0,0,60.0,0,0,23578.571759,79.0,2.0
58411.0,79.0,1.0,23.89,130.0,0,60.0,0,0,34738.18151,76.0,2.0
58413.0,74.0,1.0,27.66,110.0,0,60.0,0,0,12635.930248,81.0,1.0
58414.0,80.0,1.0,24.37,51.0,1,51.0,1,1,10104.204392,85.0,1.0
58415.0,46.0,1.0,35.43,122.0,0,60.0,0,0,22608.618809,80.0,2.0
58416.0,49.0,2.0,30.65,115.0,0,60.0,0,0,16662.798511,87.0,1.0
58417.0,45.0,2.0,20.27,120.0,0,60.0,0,0,88087.54939,78.0,2.0
58418.0,62.0,1.0,33.0,110.0,0,60.0,0,0,5734.821408,88.0,2.0
58419.0,75.0,2.0,40.74,129.0,0,60.0,0,0,38913.512966,76.0,2.0
58421.0,49.0,2.0,41.43,126.0,0,60.0,0,0,35241.053632,81.0,2.0
58422.0,52.0,1.0,24.72,110.0,0,60.0,0,0,109440.37131,83.0,1.0
58423.0,64.0,2.0,23.39,127.0,0,60.0,0,0,18555.604347,82.0,1.0
58424.0,46.0,1.0,25.85,118.0,0,60.0,0,0,87242.435903,76.0,1.0
58429.0,55.0,1.0,28.66,119.0,0,60.0,0,0,87163.835282,76.0,1.0
58430.0,68.0,1.0,30.37,128.0,0,60.0,0,0,10283.689262,81.0,2.0
58432.0,22.0,1.0,18.89,128.0,0,60.0,0,0,31359.390051,82.0,1.0
58433.0,55.0,1.0,26.29,110.0,0,60.0,0,0,81016.09058,85.0,1.0
58435.0,69.0,2.0,24.49,128.0,0,60.0,0,0,22598.518481,82.0,1.0
58436.0,63.0,1.0,,115.0,0,60.0,0,0,56750.654207,86.0,2.0
58440.0,74.0,2.0,23.38,129.0,0,60.0,0,0,41432.419968,82.0,1.0
58442.0,59.0,2.0,31.34,123.0,0,60.0,0,0,22498.50756,77.0,1.0
58444.0,54.0,2.0,46.11,74.0,1,60.0,0,0,29615.973733,83.0,2.0
58446.0,80.0,2.0,26.13,130.0,0,60.0,0,0,21903.583543,84.0,1.0
58447.0,61.0,2.0,27.5,126.0,0,60.0,0,0,8066.115416,82.0,2.0
58449.0,54.0,1.0,27.77,112.0,0,60.0,0,0,10247.317308,88.0,1.0
58450.0,43.0,2.0,28.98,119.0,0,60.0,0,0,18598.939847,76.0,1.0
58451.0,33.0,2.0,29.81,116.0,0,60.0,0,0,25452.884514,77.0,2.0
58452.0,34.0,2.0,47.94,123.0,0,60.0,0,0,59497.522458,79.0,1.0
58453.0,67.0,1.0,27.18,109.0,0,60.0,0,0,5628.195162,85.0,2.0
58454.0,68.0,2.0,27.84,128.0,0,60.0,0,0,6466.48719,86.0,1.0
58455.0,24.0,1.0,26.46,128.0,0,60.0,0,0,27887.559348,82.0,1.0
58456.0,38.0,1.0,27.28,121.0,0,60.0,0,0,69862.627307,79.0,1.0
58458.0,41.0,1.0,37.72,111.0,0,60.0,0,0,17155.534685,88.0,1.0
58459.0,63.0,1.0,25.64,87.0,1,60.0,0,0,6250.708337,77.0,1.0
58460.0,76.0,2.0,33.6,127.0,0,60.0,0,0,16322.933104,82.0,1.0
58461.0,50.0,1.0,32.78,131.0,0,60.0,0,0,17217.09175,84.0,1.0
58465.0,49.0,1.0,36.49,124.0,0,60.0,0,0,19171.77998,79.0,1.0
58471.0,40.0,1.0,24.73,123.0,0,60.0,0,0,75533.702614,79.0,1.0
58473.0,57.0,2.0,25.28,128.0,0,60.0,0,0,29433.149209,81.0,2.0
58474.0,49.0,1.0,27.8,120.0,0,60.0,0,0,23780.455805,78.0,2.0
58477.0,48.0,2.0,27.18,113.0,0,60.0,0,0,30844.653658,82.0,2.0
58479.0,55.0,1.0,22.84,107.0,0,60.0,0,0,90003.659124,85.0,2.0
58481.0,26.0,1.0,29.72,128.0,0,60.0,0,0,35750.732233,82.0,2.0
58484.0,21.0,1.0,21.36,131.0,0,60.0,0,0,26393.293324,78.0,1.0
58488.0,77.0,1.0,40.17,109.0,1,60.0,0,0,15661.814696,75.0,1.0
58489.0,30.0,2.0,25.23,116.0,0,60.0,0,0,13593.335914,89.0,1.0
58491.0,70.0,1.0,26.34,111.0,0,60.0,0,0,29665.826508,88.0,2.0
58492.0,40.0,1.0,36.32,128.0,0,60.0,0,0,20828.511365,82.0,1.0
58493.0,75.0,1.0,30.67,128.0,0,60.0,0,0,35141.525644,82.0,1.0
58495.0,38.0,2.0,23.87,118.0,0,60.0,0,0,34219.951101,75.0,1.0
58497.0,46.0,2.0,25.44,129.0,0,60.0,0,0,79088.217729,76.0,2.0
58498.0,45.0,2.0,24.24,121.0,0,60.0,0,0,88087.54939,78.0,2.0
58501.0,60.0,1.0,29.2,114.0,0,60.0,0,0,12579.260134,83.0,2.0
58504.0,40.0,2.0,33.9,124.0,0,60.0,0,0,14401.4831,86.0,3.0
58505.0,48.0,2.0,18.88,114.0,0,60.0,0,0,87550.314744,77.0,2.0
58507.0,42.0,2.0,21.84,112.0,0,60.0,0,0,13037.179493,88.0,1.0
58514.0,34.0,1.0,27.44,128.0,0,60.0,0,0,66692.699479,86.0,1.0
58515.0,48.0,1.0,25.67,109.0,0,60.0,0,0,21459.071325,81.0,1.0
58517.0,32.0,1.0,20.11,128.0,0,60.0,0,0,17616.92681,86.0,1.0
58519.0,50.0,2.0,21.98,113.0,0,60.0,0,0,10778.06461,78.0,1.0
58520.0,56.0,1.0,23.72,114.0,0,60.0,0,0,17577.44201,78.0,1.0
58521.0,80.0,1.0,20.69,8.0,1,8.0,1,1,9083.491845,84.0,1.0
58522.0,75.0,1.0,25.06,121.0,0,60.0,0,0,30819.873958,80.0,1.0
58525.0,41.0,1.0,30.78,112.0,0,60.0,0,0,18943.613035,88.0,1.0
58527.0,80.0,2.0,18.65,57.0,1,57.0,1,1,37798.206757,76.0,2.0
58530.0,36.0,2.0,33.81,118.0,0,60.0,0,0,16637.651093,79.0,2.0
58532.0,37.0,2.0,24.71,127.0,0,60.0,0,0,56333.431437,85.0,1.0
58537.0,32.0,2.0,23.99,121.0,0,60.0,0,0,49830.060206,80.0,1.0
58539.0,80.0,2.0,29.54,113.0,0,60.0,0,0,9625.266661,88.0,2.0
58540.0,59.0,1.0,,98.0,1,60.0,0,0,23192.901232,81.0,2.0
58542.0,40.0,2.0,37.79,126.0,0,60.0,0,0,37645.371526,82.0,2.0
58543.0,39.0,2.0,33.74,128.0,0,60.0,0,0,15915.452447,82.0,1.0
58545.0,68.0,1.0,30.88,110.0,0,60.0,0,0,8308.859677,83.0,1.0
58548.0,19.0,2.0,23.95,118.0,0,60.0,0,0,14356.02381,76.0,1.0
58550.0,23.0,2.0,29.78,129.0,0,60.0,0,0,74915.815058,86.0,1.0
58552.0,41.0,2.0,32.52,126.0,0,60.0,0,0,18179.455559,82.0,2.0
58555.0,47.0,2.0,29.68,120.0,0,60.0,0,0,15376.640325,76.0,1.0
58557.0,31.0,2.0,23.7,121.0,0,60.0,0,0,25897.157431,78.0,2.0
58558.0,34.0,1.0,24.15,121.0,0,60.0,0,0,12460.439152,80.0,1.0
58559.0,53.0,2.0,25.36,111.0,0,60.0,0,0,10312.68772,88.0,1.0
58560.0,51.0,1.0,26.48,117.0,0,60.0,0,0,14704.563313,77.0,2.0
58561.0,66.0,1.0,22.26,131.0,0,60.0,0,0,6797.608313,75.0,2.0
58562.0,74.0,1.0,27.11,117.0,0,60.0,0,0,33464.063035,77.0,2.0
58563.0,74.0,2.0,26.66,120.0,0,60.0,0,0,37142.518016,76.0,1.0
58564.0,40.0,2.0,31.25,113.0,0,60.0,0,0,17216.777874,88.0,1.0
58565.0,59.0,2.0,19.78,121.0,0,60.0,0,0,109191.710721,80.0,2.0
58566.0,19.0,1.0,28.15,127.0,0,60.0,0,0,11217.531862,82.0,1.0
58567.0,67.0,1.0,28.98,61.0,1,60.0,0,0,19098.949511,82.0,1.0
58568.0,20.0,2.0,20.98,116.0,0,60.0,0,0,23935.874806,77.0,2.0
58570.0,50.0,2.0,21.14,129.0,0,60.0,0,0,92722.673705,86.0,1.0
58571.0,54.0,2.0,32.64,122.0,0,60.0,0,0,18638.575391,80.0,1.0
58572.0,50.0,2.0,33.82,116.0,0,60.0,0,0,20535.113756,86.0,2.0
58573.0,43.0,1.0,33.61,112.0,0,60.0,0,0,61758.398834,88.0,1.0
58574.0,67.0,1.0,27.87,58.0,1,58.0,1,1,8990.493906,84.0,1.0
58576.0,33.0,2.0,30.78,122.0,0,60.0,0,0,23477.141681,80.0,2.0
58577.0,46.0,1.0,30.18,119.0,0,60.0,0,0,24174.776339,78.0,2.0
58580.0,28.0,1.0,30.03,118.0,0,60.0,0,0,22006.750739,84.0,2.0
58581.0,47.0,2.0,23.4,110.0,0,60.0,0,0,91247.966335,83.0,1.0
58583.0,74.0,2.0,33.37,112.0,0,60.0,0,0,25117.615493,83.0,1.0
58584.0,35.0,1.0,30.53,114.0,0,60.0,0,0,21066.100457,83.0,2.0
58586.0,35.0,1.0,23.19,115.0,0,60.0,0,0,33958.460784,87.0,1.0
58587.0,18.0,1.0,28.9,130.0,0,60.0,0,0,17946.088057,75.0,2.0
58588.0,45.0,1.0,31.19,114.0,0,60.0,0,0,17685.112496,78.0,1.0
58590.0,71.0,1.0,29.03,129.0,0,60.0,0,0,10272.513252,76.0,2.0
58591.0,53.0,1.0,32.65,122.0,0,60.0,0,0,70704.283055,80.0,1.0
58592.0,71.0,1.0,30.52,84.0,1,60.0,0,0,12676.17086,87.0,2.0
58593.0,77.0,1.0,32.87,2.0,1,2.0,1,1,11389.081637,88.0,1.0
58596.0,33.0,1.0,29.63,115.0,0,60.0,0,0,30963.06541,87.0,2.0
58598.0,33.0,1.0,38.74,120.0,0,60.0,0,0,57886.498141,75.0,1.0
58600.0,20.0,2.0,19.93,124.0,0,60.0,0,0,28631.063733,79.0,1.0
58601.0,45.0,1.0,34.72,128.0,0,60.0,0,0,20257.239026,86.0,1.0
58602.0,19.0,1.0,27.05,123.0,0,60.0,0,0,51374.306802,79.0,1.0
58603.0,64.0,1.0,39.58,76.0,1,60.0,0,0,6223.349472,88.0,1.0
58605.0,38.0,1.0,23.99,123.0,0,60.0,0,0,68882.984455,77.0,1.0
58606.0,28.0,2.0,21.59,129.0,0,60.0,0,0,28194.724715,76.0,2.0
58607.0,63.0,2.0,27.01,132.0,0,60.0,0,0,20167.97853,75.0,2.0
58610.0,53.0,1.0,27.46,132.0,0,60.0,0,0,27459.086612,75.0,2.0
58611.0,48.0,1.0,41.54,124.0,0,60.0,0,0,81895.402401,77.0,1.0
58612.0,19.0,2.0,46.45,123.0,0,60.0,0,0,21662.979587,80.0,2.0
58613.0,45.0,1.0,36.44,129.0,0,60.0,0,0,85635.432201,76.0,2.0
58614.0,56.0,1.0,21.4,14.0,1,14.0,1,1,27004.324803,75.0,2.0
58615.0,48.0,1.0,24.79,122.0,0,60.0,0,0,24742.376291,80.0,2.0
58617.0,21.0,1.0,26.85,116.0,0,60.0,0,0,32417.490155,87.0,1.0
58618.0,80.0,2.0,28.8,115.0,0,60.0,0,0,33389.127663,86.0,2.0
58619.0,49.0,1.0,30.79,116.0,0,60.0,0,0,23715.458562,87.0,1.0
58622.0,52.0,1.0,38.84,118.0,0,60.0,0,0,23507.997605,77.0,2.0
58624.0,75.0,2.0,35.42,121.0,0,60.0,0,0,18831.994429,80.0,1.0
58625.0,29.0,1.0,48.68,122.0,0,60.0,0,0,32520.362145,80.0,2.0
58626.0,66.0,2.0,27.27,125.0,0,60.0,0,0,6443.674009,81.0,2.0
58627.0,74.0,1.0,28.85,124.0,0,60.0,0,0,31431.350966,77.0,1.0
58629.0,40.0,2.0,23.08,123.0,0,60.0,0,0,76603.798386,77.0,1.0
58630.0,69.0,1.0,33.92,33.0,1,33.0,1,1,10840.376763,81.0,2.0
58631.0,33.0,1.0,29.52,122.0,0,60.0,0,0,18283.028607,77.0,1.0
58633.0,61.0,2.0,29.03,125.0,0,60.0,0,0,5308.299831,89.0,2.0
58635.0,21.0,2.0,24.71,115.0,0,60.0,0,0,19738.714889,86.0,2.0
58637.0,80.0,2.0,31.71,96.0,1,60.0,0,0,41945.929204,83.0,1.0
58638.0,60.0,1.0,30.75,111.0,0,60.0,0,0,72823.681176,83.0,1.0
58639.0,60.0,2.0,38.25,121.0,0,60.0,0,0,5379.192772,78.0,2.0
58640.0,65.0,1.0,35.68,114.0,0,60.0,0,0,22668.81211,83.0,2.0
58642.0,57.0,1.0,30.21,9.0,1,9.0,1,1,20995.496487,77.0,1.0
58643.0,19.0,1.0,26.1,123.0,0,60.0,0,0,51374.306802,79.0,1.0
58645.0,52.0,1.0,26.95,130.0,0,60.0,0,0,11079.129744,84.0,1.0
58646.0,28.0,1.0,20.82,125.0,0,60.0,0,0,19229.652573,89.0,2.0
58647.0,51.0,1.0,25.53,130.0,0,60.0,0,0,17126.695224,84.0,1.0
58648.0,29.0,1.0,29.83,118.0,0,60.0,0,0,26858.862377,84.0,2.0
58649.0,74.0,2.0,28.37,122.0,0,60.0,0,0,46452.563179,80.0,2.0
58650.0,65.0,2.0,24.55,119.0,0,60.0,0,0,21718.587077,79.0,2.0
58651.0,80.0,1.0,26.39,33.0,1,33.0,1,1,14386.992439,82.0,2.0
58653.0,55.0,1.0,23.23,131.0,0,60.0,0,0,27004.324803,75.0,2.0
58656.0,68.0,1.0,26.35,119.0,0,60.0,0,0,5470.463343,76.0,1.0
58659.0,30.0,1.0,28.57,110.0,0,60.0,0,0,83194.20108,83.0,1.0
58660.0,80.0,2.0,19.88,32.0,1,32.0,1,1,33389.127663,86.0,2.0
58661.0,78.0,2.0,35.48,87.0,1,60.0,0,0,36689.33505,76.0,1.0
58664.0,47.0,2.0,40.04,121.0,0,60.0,0,0,62331.535368,80.0,1.0
58665.0,35.0,1.0,21.08,116.0,0,60.0,0,0,22579.355998,87.0,2.0
58668.0,65.0,2.0,20.58,86.0,1,60.0,0,0,82457.797888,83.0,1.0
58669.0,19.0,1.0,18.45,118.0,0,60.0,0,0,15457.30538,84.0,2.0
58670.0,54.0,1.0,25.71,121.0,0,60.0,0,0,105070.747861,78.0,2.0
58671.0,61.0,2.0,28.47,122.0,0,60.0,0,0,65917.895564,78.0,2.0
58672.0,80.0,1.0,25.77,78.0,1,60.0,0,0,16158.995601,83.0,2.0
58673.0,75.0,1.0,27.63,111.0,0,60.0,0,0,10064.393928,88.0,2.0
58677.0,75.0,1.0,29.5,98.0,1,60.0,0,0,42248.55886,82.0,2.0
58678.0,23.0,1.0,30.22,122.0,0,60.0,0,0,30275.755234,80.0,2.0
58679.0,21.0,1.0,25.6,119.0,0,60.0,0,0,23098.516334,76.0,1.0
58680.0,25.0,2.0,40.81,121.0,0,60.0,0,0,19734.796348,80.0,1.0
58681.0,46.0,1.0,25.39,108.0,0,60.0,0,0,20708.126413,85.0,2.0
58682.0,26.0,1.0,34.32,123.0,0,60.0,0,0,31948.924683,79.0,1.0
58683.0,46.0,1.0,25.87,124.0,0,60.0,0,0,15643.490933,86.0,3.0
58684.0,46.0,2.0,29.93,123.0,0,60.0,0,0,77465.544561,77.0,1.0
58686.0,38.0,1.0,29.43,112.0,0,60.0,0,0,24503.169767,78.0,1.0
58688.0,73.0,2.0,24.56,121.0,0,60.0,0,0,12008.781111,78.0,2.0
58689.0,52.0,2.0,25.04,118.0,0,60.0,0,0,23748.745332,84.0,2.0
58690.0,66.0,1.0,36.22,99.0,1,60.0,0,0,59368.56666,76.0,2.0
58692.0,45.0,2.0,27.28,121.0,0,60.0,0,0,14191.669922,80.0,1.0
58693.0,68.0,2.0,29.08,127.0,0,60.0,0,0,63755.08114,81.0,2.0
58694.0,60.0,1.0,28.08,30.0,1,30.0,1,1,10375.04582,86.0,1.0
58696.0,44.0,2.0,24.7,112.0,0,60.0,0,0,20891.930664,83.0,2.0
58699.0,53.0,1.0,25.95,74.0,1,60.0,0,0,14961.227317,78.0,2.0
58700.0,54.0,2.0,26.53,121.0,0,60.0,0,0,26340.221216,78.0,2.0
58701.0,19.0,1.0,22.76,131.0,0,60.0,0,0,18775.786844,75.0,2.0
58702.0,76.0,2.0,23.07,127.0,0,60.0,0,0,35645.410956,81.0,2.0
58703.0,78.0,2.0,25.59,89.0,1,60.0,0,0,34604.223199,84.0,1.0
58704.0,47.0,2.0,35.91,110.0,0,60.0,0,0,22004.736599,87.0,1.0
58706.0,34.0,1.0,25.82,109.0,0,60.0,0,0,30097.596014,81.0,1.0
58708.0,72.0,1.0,24.91,112.0,1,60.0,0,0,15281.510397,75.0,1.0
58709.0,80.0,1.0,25.27,13.0,1,13.0,1,1,19623.992021,80.0,1.0
58710.0,43.0,2.0,28.36,121.0,0,60.0,0,0,15756.9598,75.0,1.0
58711.0,56.0,2.0,36.91,120.0,0,60.0,0,0,109191.710721,76.0,1.0
58712.0,80.0,2.0,26.85,51.0,1,51.0,1,1,33389.127663,86.0,2.0
58714.0,77.0,1.0,26.43,21.0,1,21.0,1,1,40543.265781,75.0,2.0
58715.0,34.0,2.0,46.42,123.0,0,60.0,0,0,43181.860913,80.0,1.0
58716.0,23.0,1.0,38.95,129.0,0,60.0,0,0,28765.843451,86.0,1.0
58717.0,35.0,1.0,30.06,122.0,0,60.0,0,0,33906.530295,78.0,2.0
58718.0,58.0,2.0,34.83,57.0,1,57.0,1,1,13583.550738,81.0,1.0
58719.0,75.0,1.0,28.2,104.0,1,60.0,0,0,31431.350966,77.0,1.0
58723.0,80.0,1.0,17.34,54.0,1,54.0,1,1,13305.69329,82.0,1.0
58724.0,65.0,2.0,26.58,82.0,1,60.0,0,0,20568.410764,87.0,1.0
58725.0,49.0,1.0,40.08,122.0,0,60.0,0,0,16027.463325,80.0,1.0
58726.0,23.0,1.0,25.07,122.0,0,60.0,0,0,31409.390635,78.0,2.0
58728.0,66.0,1.0,28.77,112.0,0,60.0,0,0,5791.074815,88.0,2.0
58730.0,38.0,1.0,25.47,113.0,0,60.0,0,0,61239.793623,78.0,1.0
58734.0,67.0,2.0,27.44,109.0,0,60.0,0,0,6626.565555,81.0,1.0
58735.0,59.0,1.0,23.27,116.0,0,60.0,0,0,10483.516539,89.0,1.0
58736.0,19.0,1.0,26.96,118.0,0,60.0,0,0,14195.229189,84.0,2.0
58738.0,53.0,2.0,32.84,115.0,0,60.0,0,0,24174.291319,86.0,2.0
58739.0,19.0,2.0,15.97,118.0,0,60.0,0,0,74653.857906,79.0,2.0
58740.0,55.0,1.0,26.03,116.0,0,60.0,0,0,99945.359619,77.0,2.0
58741.0,60.0,1.0,30.26,117.0,0,60.0,0,0,6614.887669,84.0,2.0
58742.0,18.0,1.0,31.71,116.0,0,60.0,0,0,12704.785835,87.0,2.0
58743.0,40.0,2.0,43.01,110.0,0,60.0,0,0,27130.100002,83.0,1.0
58744.0,76.0,1.0,33.71,55.0,1,55.0,1,1,9499.095622,85.0,1.0
58748.0,42.0,2.0,23.29,117.0,0,60.0,0,0,85035.046516,77.0,2.0
58749.0,63.0,1.0,29.24,130.0,0,60.0,0,0,9131.507529,84.0,1.0
58750.0,45.0,1.0,26.56,116.0,0,60.0,0,0,23760.051347,77.0,2.0
58751.0,61.0,1.0,27.26,108.0,0,60.0,0,0,7549.682788,81.0,1.0
58752.0,80.0,2.0,24.61,130.0,0,60.0,0,0,26983.510017,76.0,2.0
58753.0,73.0,2.0,33.09,128.0,0,60.0,0,0,15593.002092,81.0,2.0
58754.0,35.0,2.0,22.16,119.0,0,60.0,0,0,68102.336097,76.0,1.0
58756.0,64.0,2.0,35.45,130.0,0,60.0,0,0,75906.644182,75.0,2.0
58758.0,24.0,2.0,17.13,119.0,0,60.0,0,0,27402.180454,84.0,2.0
58759.0,64.0,2.0,28.74,116.0,1,60.0,0,0,8499.199919,75.0,1.0
58760.0,41.0,2.0,32.18,116.0,0,60.0,0,0,19622.263832,87.0,2.0
58763.0,44.0,2.0,29.64,114.0,0,60.0,0,0,18684.981597,87.0,2.0
58764.0,67.0,1.0,32.92,125.0,0,60.0,0,0,54784.845182,77.0,1.0
58765.0,70.0,1.0,31.66,130.0,0,60.0,0,0,33645.553037,76.0,2.0
58767.0,59.0,2.0,28.27,131.0,0,60.0,0,0,94880.080398,76.0,2.0
58769.0,32.0,1.0,34.24,125.0,0,60.0,0,0,18056.193274,77.0,1.0
58770.0,23.0,2.0,23.51,119.0,0,60.0,0,0,29078.1393,79.0,2.0
58772.0,74.0,1.0,23.81,73.0,1,60.0,0,0,33570.062401,81.0,2.0
58773.0,29.0,2.0,40.2,117.0,0,60.0,0,0,19138.287015,84.0,2.0
58775.0,69.0,2.0,33.57,123.0,0,60.0,0,0,20803.887002,80.0,2.0
58776.0,18.0,2.0,29.62,122.0,0,60.0,0,0,16174.074758,78.0,2.0
58777.0,55.0,2.0,29.56,115.0,0,60.0,0,0,13946.154951,87.0,2.0
58779.0,69.0,2.0,42.17,112.0,0,60.0,0,0,10683.933636,78.0,1.0
58780.0,37.0,1.0,36.77,126.0,0,60.0,0,0,25541.745017,82.0,2.0
58781.0,23.0,2.0,23.03,130.0,0,60.0,0,0,101250.724758,75.0,2.0
58783.0,22.0,2.0,23.65,111.0,0,60.0,0,0,25619.482456,85.0,1.0
58784.0,61.0,2.0,35.05,115.0,0,60.0,0,0,7921.201859,87.0,1.0
58785.0,38.0,2.0,34.43,119.0,0,60.0,0,0,52320.731799,76.0,1.0
58787.0,28.0,2.0,28.82,126.0,0,60.0,0,0,25874.827771,82.0,2.0
58789.0,74.0,1.0,27.49,60.0,1,60.0,1,1,13305.69329,82.0,1.0
58790.0,39.0,1.0,28.97,130.0,0,60.0,0,0,38622.676973,75.0,2.0
58791.0,49.0,2.0,34.33,36.0,1,36.0,1,1,11532.553544,89.0,2.0
58792.0,27.0,1.0,32.08,123.0,0,60.0,0,0,22909.326133,88.0,2.0
58794.0,58.0,1.0,27.34,50.0,1,50.0,1,1,17146.827518,80.0,1.0
58795.0,19.0,2.0,22.93,112.0,0,60.0,0,0,12078.33778,88.0,2.0
58797.0,41.0,2.0,20.58,111.0,0,60.0,0,0,14575.106081,88.0,2.0
58798.0,69.0,2.0,25.62,113.0,0,60.0,0,0,13070.875072,78.0,1.0
58799.0,26.0,1.0,28.78,107.0,0,60.0,0,0,27726.374401,85.0,2.0
58800.0,62.0,2.0,38.69,112.0,0,60.0,0,0,6385.326701,88.0,1.0
58801.0,71.0,2.0,30.23,117.0,0,60.0,0,0,44645.637846,79.0,2.0
58802.0,62.0,1.0,22.39,112.0,0,60.0,0,0,5791.074815,88.0,1.0
58803.0,41.0,2.0,25.47,115.0,0,60.0,0,0,19622.263832,87.0,2.0
58806.0,52.0,1.0,25.54,129.0,0,60.0,0,0,12332.261331,86.0,1.0
58809.0,57.0,1.0,26.49,117.0,0,60.0,0,0,19517.435829,84.0,2.0
58810.0,38.0,1.0,24.53,122.0,0,60.0,0,0,70628.249043,77.0,1.0
58811.0,18.0,2.0,37.75,119.0,0,60.0,0,0,67059.978068,79.0,2.0
58812.0,32.0,2.0,23.95,123.0,0,60.0,0,0,54729.408706,79.0,1.0
58816.0,80.0,1.0,28.67,113.0,0,60.0,0,0,25598.849966,83.0,2.0
58817.0,45.0,2.0,65.62,116.0,0,60.0,0,0,30375.194429,87.0,2.0
58818.0,39.0,1.0,,83.0,1,60.0,0,0,21066.100457,83.0,2.0
58819.0,79.0,2.0,32.15,130.0,0,60.0,0,0,12842.615886,84.0,1.0
58820.0,80.0,2.0,17.73,115.0,0,60.0,0,0,13975.605667,86.0,2.0
58821.0,51.0,2.0,18.62,76.0,1,60.0,0,0,29299.509716,75.0,2.0
58822.0,61.0,2.0,28.95,118.0,0,60.0,0,0,8780.848777,75.0,1.0
58824.0,59.0,2.0,41.03,113.0,0,60.0,0,0,26047.980138,83.0,2.0
58826.0,60.0,2.0,24.42,122.0,0,60.0,0,0,55139.141581,80.0,1.0
58827.0,31.0,2.0,26.92,122.0,0,60.0,0,0,19557.895251,80.0,2.0
58828.0,19.0,1.0,23.86,117.0,0,60.0,0,0,51984.928883,77.0,2.0
58830.0,46.0,1.0,32.47,122.0,0,60.0,0,0,22500.372169,80.0,2.0
58831.0,21.0,2.0,24.55,115.0,0,60.0,0,0,25150.49472,83.0,2.0
58834.0,80.0,2.0,20.37,97.0,1,60.0,0,0,36300.05365,76.0,2.0
58836.0,19.0,1.0,30.61,107.0,0,60.0,0,0,11177.816759,85.0,2.0
58838.0,62.0,1.0,29.59,121.0,0,60.0,0,0,49641.833867,80.0,1.0
58839.0,37.0,2.0,40.87,112.0,0,60.0,0,0,20293.289262,88.0,1.0
58840.0,34.0,2.0,24.36,130.0,0,60.0,0,0,18635.311995,84.0,1.0
58841.0,63.0,1.0,36.4,123.0,0,60.0,0,0,5662.197237,86.0,3.0
58842.0,60.0,1.0,25.21,127.0,0,60.0,0,0,6675.344268,83.0,2.0
58843.0,22.0,1.0,23.52,109.0,0,60.0,0,0,28731.824115,81.0,1.0
58845.0,63.0,1.0,37.68,61.0,1,60.0,0,0,53719.040748,80.0,1.0
58847.0,70.0,2.0,24.28,121.0,0,60.0,0,0,41802.286673,78.0,2.0
58850.0,18.0,2.0,37.44,127.0,0,60.0,0,0,12217.136249,82.0,1.0
58852.0,48.0,1.0,24.32,109.0,0,60.0,0,0,96465.970305,83.0,1.0
58853.0,35.0,2.0,32.32,132.0,0,60.0,0,0,64639.765926,75.0,2.0
58854.0,44.0,1.0,19.25,117.0,0,60.0,0,0,15175.607764,89.0,1.0
58855.0,37.0,1.0,27.21,121.0,0,60.0,0,0,33324.854365,76.0,1.0
58856.0,40.0,1.0,33.85,118.0,0,60.0,0,0,87242.435903,77.0,2.0
58857.0,59.0,1.0,34.69,110.0,0,60.0,0,0,103197.332739,83.0,1.0
58859.0,28.0,1.0,28.21,128.0,0,60.0,0,0,22381.193031,82.0,1.0
58860.0,53.0,2.0,33.13,114.0,0,60.0,0,0,108209.282855,83.0,2.0
58861.0,45.0,2.0,24.34,121.0,0,60.0,0,0,88087.54939,78.0,2.0
58862.0,31.0,2.0,24.14,118.0,0,60.0,0,0,25452.884514,75.0,1.0
58864.0,39.0,2.0,33.42,113.0,0,60.0,0,0,18108.840553,88.0,2.0
58865.0,66.0,1.0,21.6,109.0,1,60.0,0,0,18407.921663,86.0,1.0
58866.0,26.0,2.0,26.14,118.0,0,60.0,0,0,26872.372162,84.0,2.0
58867.0,47.0,1.0,28.71,112.0,0,60.0,0,0,72878.957161,88.0,1.0
58868.0,68.0,1.0,28.68,117.0,0,60.0,0,0,58327.862347,77.0,2.0
58869.0,51.0,1.0,25.79,119.0,0,60.0,0,0,11662.920771,76.0,1.0
58870.0,55.0,1.0,28.32,111.0,0,60.0,0,0,77544.892734,85.0,1.0
58871.0,80.0,2.0,26.42,81.0,1,60.0,0,0,36300.05365,76.0,2.0
58872.0,31.0,1.0,41.46,122.0,0,60.0,0,0,12460.439152,80.0,1.0
58873.0,41.0,2.0,36.5,115.0,0,60.0,0,0,17896.144335,87.0,2.0
58876.0,64.0,1.0,31.86,117.0,0,60.0,0,0,61916.952446,77.0,2.0
58877.0,70.0,1.0,31.29,120.0,0,60.0,0,0,34048.168813,78.0,2.0
58879.0,58.0,2.0,41.5,133.0,0,60.0,0,0,125317.169771,75.0,2.0
58880.0,23.0,2.0,56.09,117.0,0,60.0,0,0,24199.736346,75.0,1.0
58884.0,59.0,2.0,23.18,131.0,0,60.0,0,0,97686.556803,76.0,2.0
58887.0,60.0,2.0,34.66,129.0,0,60.0,0,0,74461.687039,75.0,2.0
58889.0,57.0,1.0,17.93,116.0,0,60.0,0,0,16016.361825,89.0,1.0
58890.0,32.0,2.0,26.78,107.0,0,60.0,0,0,22065.012384,85.0,2.0
58892.0,36.0,2.0,33.2,113.0,0,60.0,0,0,31121.313806,87.0,2.0
58894.0,63.0,1.0,24.48,126.0,0,60.0,0,0,9365.664257,89.0,2.0
58895.0,80.0,2.0,27.92,87.0,1,60.0,0,0,27352.818144,86.0,1.0
58897.0,46.0,2.0,27.35,106.0,0,60.0,0,0,18820.44423,85.0,2.0
58898.0,66.0,2.0,33.33,124.0,0,60.0,0,0,60851.686967,77.0,1.0
58902.0,23.0,1.0,19.61,122.0,0,60.0,0,0,29914.189996,80.0,2.0
58905.0,57.0,2.0,23.32,111.0,0,60.0,0,0,75491.432648,88.0,2.0
58907.0,29.0,1.0,33.43,122.0,0,60.0,0,0,26757.699728,80.0,1.0
58908.0,80.0,2.0,31.63,22.0,1,22.0,1,1,36995.487401,81.0,2.0
58909.0,75.0,2.0,30.8,121.0,0,60.0,0,0,41004.399554,78.0,2.0
58913.0,79.0,2.0,29.14,117.0,0,60.0,0,0,11582.619109,87.0,2.0
58914.0,20.0,2.0,32.8,118.0,0,60.0,0,0,22017.819952,84.0,2.0
58915.0,59.0,1.0,33.7,132.0,0,60.0,0,0,17100.53921,75.0,2.0
58916.0,54.0,1.0,37.97,124.0,0,60.0,0,0,56484.240674,86.0,3.0
58920.0,25.0,2.0,26.03,130.0,0,60.0,0,0,36576.480002,75.0,2.0
58922.0,56.0,1.0,23.04,117.0,0,60.0,0,0,100716.412783,77.0,2.0
58924.0,21.0,2.0,17.28,110.0,0,60.0,0,0,32715.352742,83.0,1.0
58926.0,57.0,2.0,29.47,108.0,0,60.0,0,0,94786.503036,85.0,2.0
58927.0,74.0,2.0,27.3,109.0,0,60.0,0,0,12029.427559,81.0,1.0
58928.0,35.0,1.0,23.91,111.0,0,60.0,0,0,26416.635007,85.0,1.0
58929.0,78.0,1.0,20.08,98.0,1,60.0,0,0,13399.455117,77.0,2.0
58933.0,62.0,2.0,29.48,112.0,0,60.0,0,0,6323.300843,88.0,1.0
58935.0,61.0,2.0,35.06,127.0,0,60.0,0,0,21589.08157,81.0,2.0
58936.0,19.0,1.0,21.27,116.0,0,60.0,0,0,45454.944166,86.0,2.0
58937.0,22.0,1.0,25.98,115.0,0,60.0,0,0,25576.622941,86.0,2.0
58938.0,52.0,1.0,28.45,115.0,0,60.0,0,0,15166.692956,87.0,1.0
58942.0,39.0,2.0,24.29,129.0,0,60.0,0,0,62158.373253,86.0,1.0
58943.0,65.0,2.0,25.67,108.0,0,60.0,0,0,6102.127949,85.0,2.0
58944.0,59.0,1.0,22.36,122.0,0,60.0,0,0,23800.659876,78.0,2.0
58945.0,79.0,2.0,28.56,96.0,1,60.0,0,0,7791.122094,88.0,1.0
58946.0,77.0,2.0,38.32,91.0,1,60.0,0,0,12548.225046,81.0,1.0
58947.0,57.0,1.0,30.93,109.0,0,60.0,0,0,11656.317466,85.0,1.0
58952.0,18.0,2.0,19.93,114.0,0,60.0,0,0,44677.084114,78.0,1.0
58954.0,61.0,1.0,43.44,50.0,1,50.0,1,1,18527.676335,76.0,1.0
58955.0,41.0,2.0,20.87,124.0,0,60.0,0,0,14200.752219,86.0,3.0
58959.0,34.0,2.0,24.36,123.0,0,60.0,0,0,64527.134074,79.0,1.0
58960.0,50.0,1.0,25.97,115.0,0,60.0,0,0,12741.448063,87.0,1.0
58961.0,48.0,1.0,32.95,115.0,0,60.0,0,0,24510.801633,87.0,2.0
58962.0,74.0,2.0,27.33,113.0,0,60.0,0,0,21020.708228,77.0,1.0
58963.0,51.0,1.0,23.2,100.0,1,60.0,0,0,12664.205092,89.0,1.0
58965.0,48.0,2.0,16.38,111.0,0,60.0,0,0,88626.466787,83.0,1.0
58967.0,72.0,1.0,26.35,119.0,0,60.0,0,0,31722.475671,76.0,1.0
58971.0,49.0,1.0,33.18,117.0,0,60.0,0,0,67328.829565,89.0,1.0
58972.0,42.0,1.0,20.33,130.0,0,60.0,0,0,17607.839151,84.0,1.0
58974.0,74.0,2.0,41.89,128.0,0,60.0,0,0,38425.45991,86.0,1.0
58975.0,41.0,2.0,25.7,116.0,0,60.0,0,0,67692.621429,84.0,2.0
58977.0,28.0,2.0,23.1,119.0,0,60.0,0,0,19451.314265,76.0,1.0
58978.0,41.0,2.0,39.06,122.0,0,60.0,0,0,18409.494551,80.0,2.0
58979.0,64.0,2.0,28.78,117.0,0,60.0,0,0,68773.599629,77.0,2.0
58980.0,54.0,2.0,22.13,119.0,0,60.0,0,0,11550.549181,76.0,1.0
58981.0,44.0,2.0,34.29,110.0,0,60.0,0,0,15363.496835,88.0,2.0
58986.0,48.0,1.0,27.29,117.0,0,60.0,0,0,23620.047773,77.0,2.0
58987.0,60.0,2.0,39.49,107.0,1,60.0,0,0,6380.844626,81.0,1.0
58988.0,77.0,2.0,28.51,112.0,1,60.0,0,0,11583.362083,81.0,1.0
58989.0,45.0,2.0,27.69,125.0,0,60.0,0,0,66895.80466,85.0,1.0
58990.0,43.0,2.0,31.55,130.0,0,60.0,0,0,20765.143267,84.0,1.0
58993.0,38.0,1.0,25.94,127.0,0,60.0,0,0,25659.213614,82.0,2.0
58996.0,70.0,1.0,20.79,9.0,1,9.0,1,1,28480.684717,80.0,1.0
58998.0,80.0,2.0,27.09,99.0,1,60.0,0,0,34965.735665,81.0,2.0
58999.0,44.0,2.0,31.88,124.0,0,60.0,0,0,58388.657969,86.0,3.0
59000.0,53.0,1.0,26.91,110.0,0,60.0,0,0,15512.315894,83.0,1.0
59001.0,19.0,2.0,23.34,127.0,0,60.0,0,0,69704.868768,81.0,2.0
59002.0,54.0,1.0,25.16,111.0,0,60.0,0,0,80686.340356,88.0,1.0
59004.0,74.0,2.0,18.94,113.0,0,60.0,0,0,17969.04683,83.0,2.0
59005.0,20.0,2.0,24.63,124.0,0,60.0,0,0,26983.729916,79.0,1.0
59006.0,58.0,2.0,27.86,122.0,0,60.0,0,0,79719.201422,80.0,1.0
59007.0,40.0,1.0,38.64,82.0,1,60.0,0,0,16822.524734,80.0,1.0
59009.0,55.0,1.0,28.48,116.0,0,60.0,0,0,19745.915356,86.0,2.0
59010.0,24.0,1.0,20.98,123.0,0,60.0,0,0,37734.210216,80.0,2.0
59014.0,31.0,2.0,40.18,115.0,0,60.0,0,0,18926.031583,78.0,1.0
59016.0,80.0,1.0,29.1,110.0,1,60.0,0,0,22127.660898,76.0,1.0
59017.0,80.0,2.0,23.81,130.0,0,60.0,0,0,30845.660049,76.0,2.0
59018.0,51.0,1.0,29.9,116.0,0,60.0,0,0,14269.110522,77.0,2.0
59019.0,54.0,2.0,48.09,113.0,0,60.0,0,0,22496.539278,78.0,1.0
59023.0,80.0,2.0,37.77,123.0,0,60.0,0,0,33776.115082,80.0,2.0
59024.0,44.0,2.0,47.85,111.0,0,60.0,0,0,29559.749743,83.0,1.0
59026.0,73.0,2.0,24.99,123.0,0,60.0,0,0,41750.739821,79.0,1.0
59028.0,47.0,1.0,35.67,122.0,0,60.0,0,0,15587.478458,86.0,3.0
59030.0,52.0,1.0,33.16,128.0,0,60.0,0,0,101172.924903,76.0,2.0
59032.0,67.0,1.0,23.52,111.0,1,60.0,0,0,9590.4584,75.0,1.0
59035.0,52.0,2.0,29.25,111.0,0,60.0,0,0,10679.045427,88.0,1.0
59036.0,38.0,1.0,31.21,111.0,0,60.0,0,0,24825.853087,88.0,1.0
59038.0,62.0,2.0,30.54,120.0,0,60.0,0,0,8780.848777,75.0,1.0
59039.0,74.0,1.0,23.78,129.0,0,60.0,0,0,9741.625189,86.0,1.0
59043.0,31.0,2.0,21.71,113.0,0,60.0,0,0,30625.012229,82.0,2.0
59046.0,35.0,2.0,26.96,112.0,0,60.0,0,0,16923.101128,88.0,1.0
59049.0,39.0,2.0,44.98,122.0,0,60.0,0,0,16169.588736,80.0,1.0
59052.0,38.0,2.0,27.42,111.0,0,60.0,0,0,75985.765771,83.0,1.0
59053.0,50.0,1.0,27.2,129.0,0,60.0,0,0,86281.454316,86.0,1.0
59055.0,80.0,1.0,31.28,24.0,1,24.0,1,1,21202.299809,77.0,1.0
59056.0,42.0,2.0,33.81,124.0,0,60.0,0,0,14040.455584,86.0,3.0
59059.0,58.0,1.0,29.79,121.0,0,60.0,0,0,105070.747861,78.0,2.0
59060.0,40.0,1.0,25.41,123.0,0,60.0,0,0,68566.199782,77.0,1.0
59064.0,77.0,1.0,27.77,119.0,0,60.0,0,0,14301.239911,79.0,2.0
59065.0,60.0,1.0,32.15,121.0,0,60.0,0,0,8893.938931,80.0,1.0
59066.0,18.0,1.0,22.65,114.0,0,60.0,0,0,57558.765744,87.0,2.0
59072.0,68.0,1.0,29.94,123.0,0,60.0,0,0,59272.778583,79.0,1.0
59075.0,76.0,2.0,23.56,73.0,1,60.0,0,0,39412.404158,76.0,2.0
59076.0,70.0,1.0,30.52,111.0,0,60.0,0,0,29665.826508,88.0,2.0
59077.0,58.0,2.0,33.58,126.0,0,60.0,0,0,30468.912368,82.0,2.0
59078.0,61.0,1.0,28.21,119.0,0,60.0,0,0,74502.064579,79.0,2.0
59079.0,42.0,1.0,25.44,122.0,0,60.0,0,0,75533.702614,79.0,1.0
59081.0,34.0,2.0,29.2,127.0,0,60.0,0,0,25473.286702,82.0,1.0
59082.0,33.0,2.0,25.07,118.0,0,60.0,0,0,73247.152332,79.0,2.0
59083.0,28.0,1.0,26.33,127.0,0,60.0,0,0,105153.344223,81.0,2.0
59087.0,55.0,2.0,42.71,116.0,0,60.0,0,0,26385.316467,87.0,2.0
59089.0,39.0,1.0,33.92,128.0,0,60.0,0,0,78203.311818,76.0,2.0
59090.0,38.0,2.0,26.36,113.0,0,60.0,0,0,52454.007462,88.0,1.0
59091.0,76.0,2.0,29.48,122.0,0,60.0,0,0,11931.943523,79.0,1.0
59092.0,24.0,2.0,23.42,123.0,0,60.0,0,0,76883.513859,77.0,1.0
59095.0,68.0,1.0,22.32,112.0,0,60.0,0,0,9660.441095,88.0,1.0
59098.0,47.0,2.0,23.26,110.0,0,60.0,0,0,91247.966335,83.0,1.0
59099.0,20.0,2.0,18.84,116.0,0,60.0,0,0,19738.714889,86.0,2.0
59101.0,20.0,2.0,21.66,115.0,0,60.0,0,0,23935.874806,77.0,2.0
59102.0,72.0,2.0,25.05,1.0,1,1.0,1,1,12759.573149,75.0,1.0
59103.0,28.0,2.0,36.84,120.0,0,60.0,0,0,24426.332653,76.0,1.0
59105.0,50.0,1.0,43.84,26.0,1,26.0,1,1,17577.44201,78.0,1.0
59106.0,72.0,1.0,24.25,116.0,0,60.0,0,0,10026.5297,87.0,2.0
59107.0,20.0,1.0,28.02,124.0,0,60.0,0,0,27534.446723,79.0,1.0
59108.0,26.0,2.0,35.24,119.0,0,60.0,0,0,26041.351644,84.0,2.0
59109.0,68.0,1.0,26.97,115.0,0,60.0,0,0,8651.550531,87.0,1.0
59110.0,51.0,1.0,26.75,113.0,0,60.0,0,0,10291.139832,88.0,1.0
59111.0,80.0,2.0,26.01,34.0,1,34.0,1,1,31842.669007,79.0,2.0
59113.0,46.0,1.0,29.52,127.0,0,60.0,0,0,25345.948319,82.0,2.0
59116.0,60.0,2.0,56.65,81.0,1,60.0,0,0,20205.043843,80.0,1.0
59117.0,56.0,1.0,54.93,121.0,0,60.0,0,0,18035.587579,80.0,1.0
59118.0,21.0,2.0,37.51,122.0,0,60.0,0,0,83751.673909,80.0,2.0
59120.0,80.0,2.0,29.76,130.0,0,60.0,0,0,26983.510017,76.0,2.0
59122.0,63.0,1.0,34.43,62.0,1,60.0,0,0,51690.620582,81.0,2.0
59123.0,24.0,2.0,32.23,120.0,0,60.0,0,0,30503.150896,75.0,1.0
59124.0,54.0,1.0,23.25,124.0,0,60.0,0,0,67492.475976,86.0,3.0
59125.0,73.0,1.0,26.98,78.0,1,60.0,0,0,12635.930248,81.0,1.0
59128.0,70.0,1.0,26.72,110.0,1,60.0,0,0,9246.720042,86.0,3.0
59130.0,43.0,1.0,26.73,131.0,0,60.0,0,0,17524.4626,84.0,1.0
59133.0,60.0,1.0,23.62,114.0,0,60.0,0,0,8651.550531,87.0,1.0
59134.0,61.0,1.0,20.87,112.0,0,60.0,0,0,15366.301788,78.0,1.0
59135.0,80.0,2.0,31.53,54.0,1,54.0,1,1,23115.75832,89.0,2.0
59137.0,35.0,1.0,42.86,110.0,0,60.0,0,0,33986.464261,83.0,1.0
59138.0,28.0,1.0,27.02,121.0,0,60.0,0,0,25511.448751,80.0,1.0
59140.0,58.0,1.0,27.87,119.0,0,60.0,0,0,87163.835282,76.0,1.0
59141.0,65.0,1.0,27.45,115.0,0,60.0,0,0,6825.86606,86.0,2.0
59143.0,80.0,2.0,27.59,35.0,1,35.0,1,1,37135.621166,77.0,2.0
59146.0,51.0,2.0,32.05,120.0,0,60.0,0,0,100459.275616,76.0,1.0
59148.0,64.0,1.0,26.39,125.0,0,60.0,0,0,54228.877032,85.0,1.0
59149.0,61.0,2.0,33.07,118.0,0,60.0,0,0,62607.097144,76.0,1.0
59150.0,21.0,2.0,20.7,131.0,0,60.0,0,0,26581.725927,75.0,2.0
59151.0,80.0,1.0,29.87,74.0,1,60.0,0,0,20394.067921,80.0,1.0
59152.0,57.0,1.0,28.12,120.0,0,60.0,0,0,14873.069878,78.0,2.0
59153.0,35.0,2.0,40.85,128.0,0,60.0,0,0,25473.286702,82.0,1.0
59156.0,40.0,1.0,24.67,121.0,0,60.0,0,0,24174.776339,78.0,2.0
59157.0,75.0,1.0,17.64,119.0,0,60.0,0,0,32114.30849,76.0,1.0
59159.0,20.0,2.0,26.08,120.0,0,60.0,0,0,17482.371397,76.0,1.0
59160.0,25.0,1.0,29.7,126.0,0,60.0,0,0,27470.723977,82.0,2.0
59161.0,33.0,2.0,23.58,122.0,0,60.0,0,0,74179.149936,78.0,2.0
59162.0,61.0,2.0,32.93,110.0,0,60.0,0,0,70094.328293,81.0,1.0
59164.0,18.0,2.0,29.05,116.0,0,60.0,0,0,15331.662629,87.0,2.0
59165.0,43.0,2.0,22.12,116.0,0,60.0,0,0,13949.293547,89.0,1.0
59167.0,45.0,1.0,33.27,125.0,0,60.0,0,0,98436.529013,83.0,1.0
59168.0,21.0,2.0,21.68,123.0,0,60.0,0,0,27781.886926,79.0,1.0
59171.0,74.0,2.0,32.03,131.0,0,60.0,0,0,49310.93014,75.0,2.0
59172.0,22.0,2.0,28.12,133.0,0,60.0,0,0,83613.893143,75.0,2.0
59174.0,35.0,2.0,24.92,110.0,0,60.0,0,0,19398.782268,88.0,1.0
59175.0,57.0,2.0,36.66,127.0,0,60.0,0,0,30013.445076,81.0,2.0
59178.0,31.0,2.0,30.29,108.0,0,60.0,0,0,22183.518983,85.0,2.0
59179.0,66.0,1.0,29.62,116.0,0,60.0,0,0,7110.277146,86.0,2.0
59181.0,80.0,2.0,28.93,8.0,1,8.0,1,1,28097.156563,76.0,2.0
59184.0,19.0,1.0,22.25,114.0,0,60.0,0,0,11707.747946,86.0,2.0
59185.0,78.0,1.0,26.73,108.0,0,60.0,0,0,34623.9366,85.0,2.0
59186.0,45.0,2.0,23.53,129.0,0,60.0,0,0,73812.908056,86.0,1.0
59190.0,54.0,2.0,,125.0,0,60.0,0,0,22498.50756,77.0,1.0
59196.0,65.0,2.0,26.25,121.0,0,60.0,0,0,65917.895564,78.0,2.0
59197.0,60.0,2.0,31.24,118.0,0,60.0,0,0,8780.848777,75.0,1.0
59198.0,34.0,2.0,24.23,111.0,0,60.0,0,0,25916.822583,78.0,1.0
59199.0,80.0,1.0,22.94,30.0,1,30.0,1,1,9121.971698,78.0,1.0
59200.0,54.0,1.0,26.49,124.0,0,60.0,0,0,80686.340356,88.0,2.0
59201.0,33.0,1.0,,75.0,1,60.0,0,0,20494.089252,77.0,2.0
59203.0,53.0,2.0,27.8,119.0,0,60.0,0,0,22377.596244,76.0,1.0
59204.0,72.0,2.0,25.06,108.0,0,60.0,0,0,11444.484233,85.0,2.0
59205.0,69.0,2.0,15.22,118.0,0,60.0,0,0,74733.588906,79.0,2.0
59206.0,58.0,1.0,38.41,101.0,1,60.0,0,0,103598.034594,81.0,2.0
59210.0,53.0,2.0,20.12,128.0,0,60.0,0,0,21678.824091,86.0,1.0
59211.0,63.0,2.0,29.72,115.0,0,60.0,0,0,15329.331216,87.0,2.0
59213.0,62.0,1.0,31.72,112.0,0,60.0,0,0,5734.821408,88.0,1.0
59214.0,73.0,1.0,21.37,127.0,0,60.0,0,0,32931.023461,81.0,2.0
59215.0,20.0,2.0,23.87,122.0,0,60.0,0,0,64409.585182,80.0,1.0
59216.0,41.0,1.0,26.31,112.0,0,60.0,0,0,24255.893217,83.0,1.0
59217.0,73.0,2.0,19.6,117.0,0,60.0,0,0,11802.767141,77.0,2.0
59218.0,31.0,2.0,26.0,114.0,0,60.0,0,0,19833.340548,78.0,1.0
59219.0,32.0,1.0,21.3,119.0,0,60.0,0,0,25958.756366,84.0,2.0
59222.0,19.0,1.0,21.33,131.0,0,60.0,0,0,41769.952728,84.0,1.0
59223.0,71.0,1.0,23.96,65.0,1,60.0,0,0,13399.455117,81.0,2.0
59224.0,39.0,1.0,25.21,123.0,0,60.0,0,0,58721.807158,79.0,1.0
59226.0,64.0,1.0,29.25,121.0,0,60.0,0,0,22253.348328,80.0,2.0
59229.0,51.0,1.0,24.37,130.0,0,60.0,0,0,12664.205092,89.0,1.0
59230.0,67.0,2.0,24.22,129.0,0,60.0,0,0,65138.423846,76.0,2.0
59232.0,70.0,1.0,26.6,130.0,0,60.0,0,0,33645.553037,76.0,2.0
59235.0,18.0,2.0,21.87,110.0,0,60.0,0,0,11701.905963,85.0,1.0
59236.0,64.0,1.0,29.1,127.0,0,60.0,0,0,60349.521987,81.0,2.0
59237.0,55.0,1.0,37.59,119.0,0,60.0,0,0,98371.365395,79.0,2.0
59238.0,21.0,1.0,23.61,130.0,0,60.0,0,0,24702.669961,84.0,1.0
59239.0,78.0,1.0,23.31,128.0,0,60.0,0,0,35823.460214,82.0,1.0
59240.0,80.0,2.0,19.25,12.0,1,12.0,1,1,26983.510017,76.0,2.0
59241.0,30.0,1.0,27.19,110.0,0,60.0,0,0,35155.458684,83.0,1.0
59245.0,40.0,2.0,29.77,120.0,0,60.0,0,0,21284.906566,75.0,1.0
59246.0,47.0,1.0,26.22,117.0,0,60.0,0,0,22829.548546,79.0,2.0
59247.0,48.0,2.0,40.18,110.0,0,60.0,0,0,36077.168304,83.0,1.0
59248.0,50.0,1.0,28.13,130.0,0,60.0,0,0,17066.203194,84.0,1.0
59249.0,71.0,1.0,25.77,113.0,0,60.0,0,0,10540.567732,78.0,1.0
59250.0,66.0,2.0,31.29,121.0,0,60.0,0,0,19084.542922,78.0,2.0
59251.0,43.0,2.0,21.31,122.0,0,60.0,0,0,20085.254705,80.0,2.0
59253.0,37.0,2.0,34.9,132.0,0,60.0,0,0,40866.112466,75.0,2.0
59256.0,36.0,2.0,24.28,119.0,0,60.0,0,0,31623.241623,75.0,1.0
59257.0,47.0,2.0,35.79,123.0,0,60.0,0,0,27004.390656,80.0,1.0
59258.0,28.0,1.0,24.6,119.0,0,60.0,0,0,23541.357885,75.0,1.0
59260.0,60.0,1.0,33.94,116.0,0,60.0,0,0,7504.778242,87.0,2.0
59263.0,29.0,1.0,29.86,111.0,0,60.0,0,0,21567.60939,88.0,1.0
59264.0,35.0,2.0,28.38,117.0,0,60.0,0,0,71608.615622,77.0,2.0
59268.0,80.0,2.0,,109.0,0,60.0,0,0,9054.496185,85.0,2.0
59271.0,43.0,2.0,32.42,126.0,0,60.0,0,0,14787.213711,81.0,2.0
59273.0,48.0,2.0,28.97,118.0,0,60.0,0,0,78547.963093,76.0,1.0
59274.0,68.0,2.0,26.56,110.0,0,60.0,0,0,7084.376544,81.0,1.0
59279.0,26.0,1.0,19.23,124.0,0,60.0,0,0,23743.416014,86.0,3.0
59280.0,25.0,2.0,22.17,121.0,0,60.0,0,0,24979.883793,78.0,2.0
59282.0,42.0,2.0,32.76,122.0,0,60.0,0,0,13939.012804,80.0,1.0
59284.0,51.0,1.0,28.05,124.0,0,60.0,0,0,89543.78448,77.0,1.0
59288.0,19.0,1.0,20.96,111.0,0,60.0,0,0,9589.493663,88.0,1.0
59289.0,30.0,1.0,18.36,121.0,0,60.0,0,0,33061.224604,78.0,2.0
59290.0,45.0,2.0,29.57,115.0,0,60.0,0,0,21698.029982,87.0,1.0
59291.0,30.0,2.0,27.79,119.0,0,60.0,0,0,16117.498368,76.0,1.0
59293.0,35.0,1.0,34.25,109.0,0,60.0,0,0,30097.596014,81.0,1.0
59294.0,43.0,1.0,24.12,131.0,0,60.0,0,0,23449.987728,76.0,2.0
59295.0,45.0,1.0,26.63,126.0,0,60.0,0,0,18719.828589,82.0,2.0
59296.0,72.0,2.0,26.45,128.0,0,60.0,0,0,38557.556002,81.0,2.0
59298.0,18.0,1.0,32.53,110.0,0,60.0,0,0,16851.6516,83.0,1.0
59299.0,39.0,2.0,32.7,109.0,0,60.0,0,0,18572.612451,81.0,1.0
59300.0,22.0,1.0,25.22,111.0,0,60.0,0,0,33156.229195,83.0,1.0
59304.0,42.0,1.0,44.81,128.0,0,60.0,0,0,27655.499497,81.0,2.0
59306.0,70.0,1.0,29.3,113.0,0,60.0,0,0,29609.395167,77.0,1.0
59308.0,33.0,1.0,29.11,117.0,0,60.0,0,0,33324.854365,77.0,2.0
59310.0,30.0,1.0,22.78,113.0,0,60.0,0,0,21167.446985,83.0,2.0
59312.0,67.0,2.0,41.26,70.0,1,60.0,0,0,27444.594788,83.0,2.0
59314.0,47.0,2.0,38.31,114.0,0,60.0,0,0,21698.029982,87.0,1.0
59316.0,54.0,1.0,18.29,10.0,1,10.0,1,1,24300.320276,80.0,2.0
59317.0,21.0,1.0,16.51,123.0,0,60.0,0,0,31652.47079,77.0,1.0
59320.0,72.0,1.0,28.47,130.0,0,60.0,0,0,34497.820791,76.0,2.0
59321.0,74.0,1.0,32.31,127.0,0,60.0,0,0,32931.023461,81.0,2.0
59324.0,65.0,1.0,33.99,121.0,0,60.0,0,0,59368.56666,76.0,2.0
59325.0,33.0,2.0,25.21,122.0,0,60.0,0,0,65234.284354,77.0,1.0
59326.0,66.0,2.0,30.39,106.0,0,60.0,0,0,6337.115735,85.0,2.0
59327.0,44.0,2.0,18.64,119.0,0,60.0,0,0,89003.614046,79.0,2.0
59328.0,31.0,1.0,25.38,124.0,0,60.0,0,0,56323.413154,79.0,1.0
59329.0,62.0,1.0,24.61,53.0,1,53.0,1,1,7407.430444,77.0,2.0
59331.0,33.0,1.0,31.98,117.0,0,60.0,0,0,18045.339151,87.0,2.0
59332.0,80.0,2.0,27.99,126.0,0,60.0,0,0,15007.097166,82.0,2.0
59333.0,72.0,2.0,35.1,116.0,0,60.0,0,0,11802.767141,77.0,2.0
59334.0,52.0,1.0,32.9,131.0,0,60.0,0,0,116611.689747,75.0,2.0
59337.0,42.0,1.0,31.05,132.0,0,60.0,0,0,27580.526805,75.0,2.0
59340.0,64.0,2.0,34.24,114.0,0,60.0,0,0,7728.857154,87.0,1.0
59342.0,46.0,2.0,39.1,115.0,0,60.0,0,0,22758.235199,82.0,2.0
59345.0,76.0,1.0,29.78,107.0,1,60.0,0,0,10395.438142,78.0,2.0
59346.0,60.0,1.0,25.09,117.0,0,60.0,0,0,21387.731102,79.0,2.0
59347.0,35.0,1.0,32.01,113.0,0,60.0,0,0,58705.597373,78.0,1.0
59348.0,79.0,1.0,32.16,108.0,1,60.0,0,0,11603.956744,84.0,2.0
59349.0,63.0,2.0,45.39,118.0,0,60.0,0,0,67460.906625,77.0,2.0
59350.0,21.0,2.0,22.83,115.0,0,60.0,0,0,75228.724507,87.0,2.0
59352.0,61.0,1.0,46.87,109.0,0,60.0,0,0,7549.682788,81.0,1.0
59356.0,32.0,1.0,32.13,112.0,0,60.0,0,0,24399.209353,88.0,2.0
59357.0,25.0,1.0,23.56,120.0,0,60.0,0,0,34328.855514,78.0,2.0
59358.0,49.0,2.0,32.72,108.0,0,60.0,0,0,14251.534831,85.0,2.0
59360.0,48.0,2.0,20.09,120.0,0,60.0,0,0,117706.403288,75.0,1.0
59364.0,25.0,2.0,31.96,119.0,0,60.0,0,0,21675.482237,75.0,1.0
59367.0,40.0,1.0,39.1,118.0,0,60.0,0,0,75648.543242,79.0,2.0
59368.0,22.0,1.0,27.26,115.0,0,60.0,0,0,32588.986864,83.0,2.0
59370.0,49.0,2.0,20.07,117.0,0,60.0,0,0,21594.166094,77.0,2.0
59371.0,80.0,2.0,26.57,84.0,1,60.0,0,0,31555.686287,77.0,1.0
59372.0,40.0,2.0,26.82,111.0,0,60.0,0,0,76603.798386,77.0,1.0
59377.0,29.0,2.0,25.59,123.0,0,60.0,0,0,22601.104906,79.0,1.0
59378.0,57.0,1.0,27.28,130.0,0,60.0,0,0,13983.156639,84.0,1.0
59379.0,53.0,1.0,20.93,117.0,0,60.0,0,0,81363.220281,86.0,2.0
59384.0,42.0,1.0,30.06,120.0,0,60.0,0,0,69231.012046,80.0,1.0
59385.0,43.0,2.0,27.33,128.0,0,60.0,0,0,24862.576212,82.0,1.0
59386.0,61.0,2.0,26.38,19.0,1,19.0,1,1,13610.328052,78.0,1.0
59388.0,61.0,2.0,31.64,107.0,0,60.0,0,0,7084.376544,81.0,1.0
59390.0,64.0,1.0,29.51,133.0,0,60.0,0,0,67037.944217,75.0,2.0
59391.0,60.0,1.0,28.82,117.0,0,60.0,0,0,61916.952446,77.0,2.0
59392.0,68.0,1.0,43.99,120.0,0,60.0,0,0,9357.580369,75.0,1.0
59393.0,80.0,2.0,27.61,119.0,0,60.0,0,0,42836.924943,79.0,2.0
59397.0,65.0,1.0,37.32,109.0,0,60.0,0,0,60126.120447,85.0,2.0
59398.0,45.0,1.0,28.55,122.0,0,60.0,0,0,14077.146805,80.0,1.0
59399.0,55.0,1.0,22.92,110.0,0,60.0,0,0,17597.093492,78.0,1.0
59403.0,48.0,1.0,27.71,107.0,0,60.0,0,0,80668.148173,85.0,2.0
59404.0,31.0,1.0,35.06,122.0,0,60.0,0,0,12991.036303,80.0,1.0
59405.0,62.0,1.0,32.84,123.0,0,60.0,0,0,62687.095274,79.0,1.0
59406.0,77.0,2.0,,61.0,1,60.0,0,0,16447.481776,79.0,1.0
59407.0,19.0,1.0,21.07,116.0,0,60.0,0,0,14422.716921,87.0,1.0
59408.0,48.0,1.0,36.81,122.0,0,60.0,0,0,29998.785485,78.0,2.0
59411.0,23.0,2.0,23.88,119.0,0,60.0,0,0,19583.146558,84.0,2.0
59412.0,71.0,1.0,38.99,105.0,1,60.0,0,0,12599.656557,87.0,1.0
59413.0,64.0,2.0,34.23,119.0,0,60.0,0,0,21922.568874,76.0,1.0
59415.0,80.0,1.0,22.41,48.0,1,48.0,1,1,22538.871952,76.0,2.0
59417.0,44.0,2.0,35.09,110.0,0,60.0,0,0,17795.082178,83.0,1.0
59418.0,48.0,1.0,26.33,128.0,0,60.0,0,0,80126.824664,76.0,2.0
59419.0,71.0,1.0,46.02,112.0,0,60.0,0,0,12484.718098,88.0,2.0
59420.0,76.0,1.0,25.8,49.0,1,49.0,1,1,34845.170911,77.0,2.0
59425.0,61.0,1.0,29.25,115.0,0,60.0,0,0,12579.260134,83.0,2.0
59426.0,45.0,1.0,25.2,124.0,0,60.0,0,0,17836.160373,79.0,1.0
59427.0,54.0,1.0,21.47,9.0,1,9.0,1,1,24606.264266,83.0,2.0
59428.0,48.0,1.0,25.47,123.0,0,60.0,0,0,66642.641207,79.0,1.0
59432.0,44.0,1.0,26.44,121.0,0,60.0,0,0,23458.877905,78.0,2.0
59433.0,63.0,1.0,24.15,129.0,0,60.0,0,0,59035.504595,86.0,1.0
59434.0,80.0,1.0,30.67,93.0,1,60.0,0,0,16698.216807,78.0,1.0
59435.0,20.0,2.0,20.79,115.0,0,60.0,0,0,31986.436672,87.0,1.0
59437.0,60.0,1.0,26.19,111.0,0,60.0,0,0,4687.555424,88.0,2.0
59439.0,42.0,2.0,24.98,126.0,0,60.0,0,0,27433.931898,82.0,2.0
59440.0,48.0,1.0,26.51,128.0,0,60.0,0,0,78911.724158,86.0,1.0
59441.0,62.0,1.0,30.04,109.0,0,60.0,0,0,7399.58979,85.0,2.0
59442.0,40.0,1.0,27.47,108.0,0,60.0,0,0,20708.126413,85.0,2.0
59443.0,30.0,1.0,29.52,125.0,0,60.0,0,0,19308.187017,89.0,2.0
59444.0,71.0,2.0,37.39,62.0,1,60.0,0,0,14092.57024,80.0,2.0
59446.0,43.0,2.0,32.43,122.0,0,60.0,0,0,73624.439794,80.0,2.0
59447.0,37.0,1.0,30.07,110.0,0,60.0,0,0,24660.400133,81.0,1.0
59448.0,46.0,1.0,23.13,120.0,0,60.0,0,0,31289.178968,75.0,1.0
59451.0,63.0,1.0,32.17,95.0,1,60.0,0,0,6487.668059,85.0,1.0
59453.0,26.0,1.0,22.28,123.0,0,60.0,0,0,91268.182167,79.0,1.0
59454.0,22.0,2.0,21.84,124.0,0,60.0,0,0,16373.672721,86.0,3.0
59457.0,26.0,1.0,31.28,124.0,0,60.0,0,0,97850.266216,77.0,1.0
59460.0,46.0,1.0,18.19,128.0,0,60.0,0,0,90183.305903,81.0,2.0
59461.0,59.0,1.0,26.75,123.0,0,60.0,0,0,8139.940051,86.0,3.0
59462.0,39.0,2.0,28.05,109.0,0,60.0,0,0,64256.707482,85.0,2.0
59463.0,54.0,2.0,38.4,131.0,0,60.0,0,0,91073.461981,75.0,2.0
59464.0,36.0,2.0,35.07,116.0,0,60.0,0,0,24814.811919,77.0,2.0
59467.0,22.0,1.0,35.18,130.0,0,60.0,0,0,39015.610018,75.0,2.0
59468.0,72.0,2.0,26.06,120.0,0,60.0,0,0,36689.33505,76.0,1.0
59469.0,66.0,1.0,23.29,110.0,0,60.0,0,0,53193.80154,85.0,1.0
59470.0,19.0,1.0,66.32,112.0,0,60.0,0,0,13242.409558,78.0,1.0
59471.0,52.0,2.0,28.2,114.0,1,60.0,0,0,26284.468736,76.0,1.0
59473.0,27.0,2.0,20.58,124.0,0,60.0,0,0,23248.201087,79.0,1.0
59475.0,19.0,2.0,34.33,118.0,0,60.0,0,0,14884.311276,79.0,2.0
59478.0,32.0,2.0,59.2,114.0,0,60.0,0,0,35207.447574,83.0,2.0
59480.0,67.0,2.0,26.83,111.0,0,60.0,0,0,5302.202469,88.0,2.0
59482.0,80.0,2.0,25.56,82.0,1,60.0,0,0,28379.634718,82.0,1.0
59483.0,22.0,2.0,27.22,118.0,0,60.0,0,0,17482.371397,76.0,1.0
59484.0,37.0,1.0,33.28,115.0,0,60.0,0,0,33958.460784,87.0,1.0
59485.0,25.0,2.0,22.0,115.0,0,60.0,0,0,75228.724507,87.0,2.0
59486.0,79.0,1.0,23.19,128.0,0,60.0,0,0,11046.661885,82.0,1.0
59487.0,36.0,1.0,24.31,9.0,1,9.0,1,1,45217.94292,81.0,1.0
59489.0,33.0,1.0,19.52,115.0,0,60.0,0,0,29513.487399,87.0,2.0
59490.0,23.0,2.0,30.81,124.0,0,60.0,0,0,22956.862052,86.0,3.0
59493.0,52.0,2.0,25.26,21.0,1,21.0,1,1,14224.31646,81.0,2.0
59495.0,79.0,1.0,21.95,123.0,0,60.0,0,0,29609.395167,77.0,1.0
59497.0,46.0,1.0,43.17,115.0,0,60.0,0,0,77051.220886,83.0,2.0
59498.0,36.0,2.0,28.43,123.0,0,60.0,0,0,54729.408706,79.0,1.0
59499.0,67.0,1.0,24.73,128.0,0,60.0,0,0,55613.441061,86.0,1.0
59501.0,30.0,2.0,31.63,126.0,0,60.0,0,0,17191.429295,89.0,2.0
59502.0,69.0,2.0,32.14,121.0,0,60.0,0,0,7072.217427,78.0,2.0
59506.0,28.0,2.0,40.98,124.0,0,60.0,0,0,16373.672721,86.0,3.0
59508.0,34.0,2.0,23.75,130.0,0,60.0,0,0,52664.220216,84.0,1.0
59509.0,67.0,2.0,23.09,127.0,0,60.0,0,0,8266.853321,82.0,2.0
59510.0,32.0,2.0,25.69,123.0,0,60.0,0,0,54729.408706,79.0,1.0
59514.0,41.0,2.0,51.3,127.0,0,60.0,0,0,15109.329324,81.0,2.0
59515.0,69.0,1.0,27.39,127.0,0,60.0,0,0,58107.758234,81.0,2.0
59516.0,62.0,2.0,32.35,129.0,0,60.0,0,0,17208.930385,86.0,1.0
59518.0,18.0,1.0,30.81,127.0,0,60.0,0,0,13819.810934,82.0,2.0
59521.0,53.0,1.0,24.19,107.0,0,60.0,0,0,13280.538343,81.0,1.0
59522.0,37.0,1.0,63.91,132.0,0,60.0,0,0,37644.36001,75.0,2.0
59524.0,35.0,1.0,36.9,128.0,0,60.0,0,0,34548.413897,82.0,2.0
59526.0,31.0,2.0,23.64,114.0,0,60.0,0,0,20463.530223,86.0,2.0
59527.0,74.0,2.0,20.74,116.0,0,60.0,0,0,47729.011075,87.0,1.0
59528.0,76.0,2.0,32.87,121.0,0,60.0,0,0,22581.196207,78.0,2.0
59529.0,20.0,1.0,20.71,114.0,0,60.0,0,0,36646.11656,83.0,2.0
59530.0,42.0,2.0,22.62,110.0,0,60.0,0,0,73932.132112,83.0,1.0
59531.0,37.0,2.0,24.19,127.0,0,60.0,0,0,43181.860913,81.0,2.0
59533.0,42.0,2.0,30.4,113.0,0,60.0,0,0,26935.675201,78.0,1.0
59534.0,39.0,2.0,26.98,132.0,0,60.0,0,0,19018.998244,75.0,2.0
59536.0,51.0,2.0,33.56,124.0,0,60.0,0,0,72531.030881,86.0,3.0
59537.0,58.0,1.0,30.52,120.0,0,60.0,0,0,87163.835282,76.0,1.0
59539.0,42.0,1.0,27.18,128.0,0,60.0,0,0,25225.930312,82.0,2.0
59541.0,49.0,1.0,34.6,109.0,0,60.0,0,0,80281.921306,85.0,2.0
59542.0,58.0,1.0,32.46,128.0,0,60.0,0,0,20010.297039,86.0,1.0
59545.0,28.0,2.0,29.2,130.0,0,60.0,0,0,24715.095199,84.0,1.0
59546.0,49.0,1.0,34.23,121.0,0,60.0,0,0,19305.950807,76.0,1.0
59547.0,51.0,2.0,19.15,79.0,1,60.0,0,0,26284.468736,80.0,2.0
59552.0,19.0,1.0,23.6,116.0,0,60.0,0,0,11092.534726,77.0,2.0
59553.0,32.0,2.0,22.61,123.0,0,60.0,0,0,16637.651093,77.0,1.0
59555.0,75.0,2.0,39.08,120.0,0,60.0,0,0,16390.355921,76.0,1.0
59556.0,45.0,1.0,31.19,118.0,0,60.0,0,0,23760.051347,77.0,2.0
59558.0,47.0,2.0,21.96,132.0,0,60.0,0,0,23925.794123,75.0,2.0
59559.0,23.0,2.0,30.06,130.0,0,60.0,0,0,63618.29398,84.0,1.0
59560.0,66.0,1.0,24.46,123.0,0,60.0,0,0,62920.012242,79.0,1.0
59561.0,67.0,1.0,28.04,107.0,0,60.0,0,0,7237.546495,81.0,1.0
59562.0,45.0,2.0,26.11,120.0,0,60.0,0,0,29032.124332,75.0,1.0
59563.0,27.0,1.0,29.68,119.0,0,60.0,0,0,84441.759742,76.0,1.0
59564.0,23.0,1.0,26.85,116.0,0,60.0,0,0,25576.622941,86.0,2.0
59565.0,42.0,2.0,34.72,132.0,0,60.0,0,0,23499.838461,75.0,2.0
59566.0,55.0,1.0,18.11,49.0,1,49.0,1,1,68871.178599,86.0,3.0
59567.0,33.0,2.0,36.86,110.0,0,60.0,0,0,17856.435749,88.0,2.0
59568.0,21.0,1.0,19.98,124.0,0,60.0,0,0,21216.338334,86.0,3.0
59571.0,35.0,1.0,29.39,116.0,0,60.0,0,0,56137.422196,77.0,2.0
59572.0,74.0,1.0,28.8,115.0,0,60.0,0,0,8206.604965,86.0,2.0
59574.0,19.0,1.0,23.5,129.0,0,60.0,0,0,15772.301017,86.0,1.0
59578.0,80.0,2.0,22.42,41.0,1,41.0,1,1,28097.156563,76.0,2.0
59579.0,18.0,1.0,24.47,109.0,0,60.0,0,0,51370.001164,85.0,1.0
59580.0,63.0,1.0,29.95,108.0,0,60.0,0,0,6921.408895,85.0,2.0
59582.0,71.0,1.0,35.33,80.0,1,60.0,0,0,15281.510397,75.0,1.0
59584.0,21.0,1.0,25.88,119.0,0,60.0,0,0,76487.540467,76.0,1.0
59586.0,60.0,2.0,29.97,118.0,0,60.0,0,0,6782.108201,75.0,1.0
59587.0,25.0,1.0,34.81,110.0,0,60.0,0,0,27166.484608,83.0,1.0
59588.0,53.0,2.0,35.51,120.0,0,60.0,0,0,20180.00055,75.0,1.0
59589.0,19.0,2.0,24.57,112.0,0,60.0,0,0,10437.122065,88.0,1.0
59591.0,76.0,2.0,39.53,131.0,0,60.0,0,0,17864.912183,75.0,2.0
59593.0,31.0,2.0,25.16,130.0,0,60.0,0,0,18922.649546,84.0,1.0
59594.0,42.0,1.0,27.37,115.0,0,60.0,0,0,98380.122663,83.0,2.0
59598.0,43.0,1.0,23.78,111.0,0,60.0,0,0,16904.448733,88.0,2.0
59600.0,52.0,1.0,29.85,129.0,0,60.0,0,0,92447.874289,76.0,2.0
59601.0,20.0,1.0,32.73,118.0,0,60.0,0,0,31255.375625,79.0,2.0
59603.0,54.0,2.0,27.08,121.0,0,60.0,0,0,14378.292026,78.0,2.0
59604.0,78.0,1.0,26.18,130.0,0,60.0,0,0,27648.775659,84.0,1.0
59605.0,47.0,1.0,26.32,121.0,0,60.0,0,0,82662.426594,79.0,1.0
59606.0,30.0,2.0,28.12,117.0,0,60.0,0,0,24814.811919,77.0,2.0
59607.0,71.0,2.0,34.38,118.0,0,60.0,0,0,36689.33505,76.0,1.0
59608.0,36.0,2.0,24.64,113.0,0,60.0,0,0,18108.840553,88.0,1.0
59609.0,18.0,2.0,20.18,116.0,0,60.0,0,0,16227.645256,87.0,1.0
59610.0,39.0,2.0,37.98,129.0,0,60.0,0,0,13232.962282,84.0,1.0
59611.0,45.0,2.0,49.21,122.0,0,60.0,0,0,12298.253587,80.0,1.0
59612.0,69.0,1.0,31.62,117.0,0,60.0,0,0,7591.775942,77.0,2.0
59615.0,70.0,1.0,29.24,84.0,1,60.0,0,0,8695.598223,80.0,1.0
59616.0,43.0,1.0,23.96,130.0,0,60.0,0,0,92531.23983,76.0,2.0
59618.0,71.0,2.0,30.43,116.0,0,60.0,0,0,38703.606665,77.0,2.0
59620.0,23.0,1.0,24.64,112.0,0,60.0,0,0,28264.124192,78.0,1.0
59622.0,60.0,2.0,26.65,121.0,0,60.0,0,0,8342.548871,76.0,1.0
59623.0,24.0,2.0,25.13,128.0,0,60.0,0,0,21522.176098,82.0,1.0
59626.0,80.0,1.0,23.41,71.0,1,60.0,0,0,20470.395938,88.0,1.0
59627.0,71.0,2.0,39.82,122.0,0,60.0,0,0,15815.078363,78.0,2.0
59631.0,64.0,1.0,20.77,118.0,0,60.0,0,0,67282.737786,79.0,2.0
59632.0,54.0,1.0,27.34,126.0,0,60.0,0,0,22997.291583,81.0,2.0
59636.0,47.0,2.0,31.33,115.0,0,60.0,0,0,21698.029982,87.0,1.0
59637.0,40.0,2.0,45.66,93.0,1,60.0,0,0,20085.254705,80.0,2.0
59638.0,40.0,1.0,27.22,121.0,0,60.0,0,0,31944.033487,75.0,1.0
59639.0,71.0,2.0,20.18,47.0,1,47.0,1,1,31237.299447,86.0,3.0
59640.0,54.0,1.0,41.79,129.0,0,60.0,0,0,21948.739149,76.0,2.0
59642.0,49.0,1.0,24.17,126.0,0,60.0,0,0,99538.926616,82.0,2.0
59643.0,54.0,2.0,40.29,119.0,1,60.0,0,0,21083.427191,86.0,1.0
59644.0,64.0,2.0,32.59,118.0,0,60.0,0,0,8780.848777,75.0,1.0
59648.0,54.0,1.0,23.04,121.0,0,60.0,0,0,17146.827518,80.0,1.0
59649.0,19.0,1.0,32.54,118.0,0,60.0,0,0,14860.461693,84.0,2.0
59651.0,67.0,2.0,22.65,121.0,0,60.0,0,0,71331.895741,78.0,2.0
59655.0,23.0,2.0,47.09,129.0,0,60.0,0,0,24715.095199,84.0,1.0
59659.0,80.0,1.0,30.63,91.0,1,60.0,0,0,19593.072215,75.0,2.0
59662.0,28.0,2.0,24.12,124.0,0,60.0,0,0,76883.513859,77.0,1.0
59663.0,20.0,2.0,25.87,116.0,0,60.0,0,0,22526.471624,77.0,2.0
59664.0,25.0,1.0,21.43,119.0,0,60.0,0,0,22006.750739,84.0,2.0
59665.0,42.0,2.0,28.93,129.0,0,60.0,0,0,17387.624199,86.0,1.0
59666.0,66.0,1.0,27.62,112.0,0,60.0,0,0,7880.264766,78.0,1.0
59667.0,75.0,2.0,25.74,77.0,1,60.0,0,0,15940.170425,75.0,1.0
59668.0,63.0,2.0,29.03,119.0,0,60.0,0,0,79332.173069,79.0,2.0
59669.0,22.0,1.0,31.27,124.0,0,60.0,0,0,27534.446723,79.0,1.0
59671.0,18.0,1.0,20.44,113.0,0,60.0,0,0,9668.040625,78.0,1.0
59673.0,80.0,1.0,34.81,88.0,1,60.0,0,0,21202.299809,77.0,1.0
59674.0,61.0,2.0,35.34,123.0,0,60.0,0,0,77758.252044,80.0,2.0
59675.0,80.0,2.0,21.5,87.0,1,60.0,0,0,36195.531232,85.0,2.0
59676.0,18.0,2.0,27.52,122.0,0,60.0,0,0,23221.1237,80.0,2.0
59678.0,51.0,1.0,30.89,119.0,0,60.0,0,0,13839.65312,84.0,2.0
59685.0,19.0,2.0,20.0,116.0,0,60.0,0,0,56731.244384,77.0,2.0
59688.0,39.0,2.0,67.83,121.0,0,60.0,0,0,13592.020382,80.0,1.0
59689.0,44.0,1.0,35.93,122.0,0,60.0,0,0,78710.236967,80.0,2.0
59692.0,65.0,1.0,26.44,43.0,1,43.0,1,1,58285.415253,77.0,2.0
59693.0,59.0,2.0,30.55,113.0,0,60.0,0,0,108048.508847,76.0,2.0
59694.0,42.0,1.0,41.04,114.0,0,60.0,0,0,15714.553251,87.0,2.0
59697.0,49.0,1.0,29.58,118.0,0,60.0,0,0,20362.063056,84.0,2.0
59698.0,19.0,1.0,20.28,130.0,0,60.0,0,0,58930.443411,76.0,2.0
59699.0,43.0,2.0,23.35,124.0,0,60.0,0,0,76603.798386,77.0,1.0
59704.0,80.0,1.0,28.57,129.0,0,60.0,0,0,13057.384317,76.0,2.0
59705.0,80.0,2.0,,16.0,1,16.0,1,1,19730.466943,80.0,2.0
59707.0,72.0,1.0,32.14,99.0,1,60.0,0,0,11021.493446,79.0,1.0
59708.0,80.0,2.0,23.76,124.0,0,60.0,0,0,26599.187733,86.0,3.0
59710.0,44.0,1.0,24.23,131.0,0,60.0,0,0,67765.448326,84.0,1.0
59711.0,27.0,2.0,54.31,110.0,0,60.0,0,0,18168.002572,81.0,1.0
59712.0,32.0,1.0,20.58,128.0,0,60.0,0,0,17976.796601,86.0,1.0
59713.0,65.0,2.0,25.7,114.0,0,60.0,0,0,20038.030035,83.0,2.0
59715.0,41.0,1.0,21.0,130.0,0,60.0,0,0,26693.065901,75.0,2.0
59716.0,41.0,1.0,24.85,127.0,0,60.0,0,0,66788.7487,81.0,2.0
59717.0,24.0,2.0,38.95,119.0,0,60.0,0,0,30503.150896,75.0,1.0
59718.0,26.0,2.0,35.53,120.0,0,60.0,0,0,33007.885293,75.0,1.0
59721.0,37.0,1.0,35.47,118.0,0,60.0,0,0,66657.309609,79.0,2.0
59722.0,28.0,2.0,27.59,126.0,0,60.0,0,0,32492.773592,82.0,2.0
59725.0,72.0,1.0,29.6,120.0,1,60.0,0,0,30819.873958,80.0,1.0
59728.0,72.0,1.0,30.35,123.0,0,60.0,0,0,15503.272961,80.0,2.0
59730.0,28.0,1.0,25.94,116.0,0,60.0,0,0,22307.950624,89.0,1.0
59731.0,60.0,2.0,31.28,112.0,0,60.0,0,0,6323.300843,88.0,1.0
59733.0,65.0,1.0,36.36,26.0,1,26.0,1,1,13264.885078,80.0,2.0
59735.0,26.0,2.0,28.89,129.0,0,60.0,0,0,24715.095199,84.0,1.0
59736.0,52.0,2.0,26.98,131.0,0,60.0,0,0,95158.077948,75.0,2.0
59737.0,19.0,1.0,26.88,129.0,0,60.0,0,0,12379.442908,82.0,1.0
59739.0,76.0,2.0,23.98,112.0,0,60.0,0,0,10681.574979,88.0,1.0
59740.0,80.0,1.0,30.81,114.0,1,60.0,0,0,28183.515283,83.0,1.0
59741.0,60.0,1.0,31.63,113.0,0,60.0,0,0,12579.260134,83.0,2.0
59742.0,55.0,1.0,44.13,129.0,0,60.0,0,0,24020.218472,76.0,2.0
59744.0,25.0,1.0,23.33,123.0,0,60.0,0,0,95188.206445,79.0,1.0
59746.0,46.0,2.0,28.9,123.0,0,60.0,0,0,12009.770903,86.0,3.0
59747.0,28.0,1.0,25.53,111.0,0,60.0,0,0,77512.863422,88.0,2.0
59748.0,48.0,2.0,23.11,128.0,0,60.0,0,0,83895.254212,81.0,2.0
59749.0,52.0,1.0,20.76,127.0,0,60.0,0,0,99844.470859,81.0,2.0
59751.0,51.0,1.0,21.72,118.0,0,60.0,0,0,12018.327827,79.0,2.0
59752.0,46.0,1.0,22.98,118.0,0,60.0,0,0,23760.051347,77.0,2.0
59753.0,47.0,1.0,28.38,124.0,0,60.0,0,0,21279.296579,77.0,1.0
59754.0,50.0,1.0,33.43,119.0,0,60.0,0,0,102124.753156,78.0,2.0
59755.0,49.0,2.0,18.43,109.0,0,60.0,0,0,88626.466787,83.0,1.0
59758.0,54.0,2.0,26.56,117.0,0,60.0,0,0,87437.275895,86.0,2.0
59759.0,32.0,2.0,31.82,115.0,0,60.0,0,0,32951.979324,87.0,2.0
59760.0,67.0,2.0,40.76,97.0,1,60.0,0,0,22843.967725,77.0,2.0
59762.0,43.0,1.0,28.21,112.0,0,60.0,0,0,21765.280618,78.0,1.0
59763.0,31.0,1.0,19.77,123.0,0,60.0,0,0,63837.745058,79.0,1.0
59765.0,51.0,1.0,27.46,110.0,0,60.0,0,0,10461.78449,88.0,2.0
59766.0,23.0,1.0,26.24,123.0,0,60.0,0,0,25757.29763,79.0,1.0
59767.0,31.0,1.0,34.13,111.0,0,60.0,0,0,16541.846096,85.0,1.0
59768.0,64.0,1.0,18.46,116.0,0,60.0,0,0,7064.450206,77.0,2.0
59771.0,70.0,1.0,28.57,56.0,1,56.0,1,1,40543.265781,76.0,2.0
59772.0,21.0,1.0,22.76,115.0,0,60.0,0,0,25888.222184,86.0,2.0
59773.0,26.0,1.0,31.83,115.0,0,60.0,0,0,25532.851241,78.0,1.0
59774.0,38.0,1.0,36.34,129.0,0,60.0,0,0,78203.311818,76.0,2.0
59775.0,18.0,1.0,24.86,129.0,0,60.0,0,0,15707.404962,86.0,1.0
59777.0,29.0,1.0,27.79,120.0,0,60.0,0,0,30499.282874,75.0,1.0
59779.0,47.0,1.0,25.51,131.0,0,60.0,0,0,76687.41821,75.0,2.0
59780.0,54.0,1.0,43.9,114.0,0,60.0,0,0,24089.697199,83.0,2.0
59782.0,71.0,1.0,25.81,111.0,0,60.0,0,0,32041.288195,77.0,1.0
59783.0,32.0,2.0,25.76,121.0,0,60.0,0,0,25247.94746,78.0,2.0
59785.0,23.0,1.0,24.13,115.0,0,60.0,0,0,27915.907918,87.0,2.0
59786.0,26.0,1.0,28.89,114.0,0,60.0,0,0,35684.781017,82.0,2.0
59788.0,80.0,1.0,34.52,73.0,1,60.0,0,0,19909.76127,86.0,2.0
59789.0,23.0,2.0,20.96,114.0,0,60.0,0,0,21544.054058,87.0,2.0
59791.0,21.0,1.0,31.88,120.0,0,60.0,0,0,39524.740763,75.0,1.0
59792.0,77.0,1.0,28.35,131.0,0,60.0,0,0,42635.408342,75.0,2.0
59794.0,36.0,1.0,24.88,110.0,0,60.0,0,0,81528.772006,83.0,1.0
59795.0,62.0,2.0,30.55,112.0,0,60.0,0,0,5250.697876,88.0,2.0
59796.0,40.0,1.0,44.96,121.0,0,60.0,0,0,14077.146805,80.0,1.0
59800.0,45.0,1.0,27.23,123.0,0,60.0,0,0,81895.402401,77.0,1.0
59801.0,65.0,1.0,37.98,118.0,0,60.0,0,0,70059.588852,79.0,2.0
59802.0,44.0,1.0,30.42,126.0,0,60.0,0,0,95439.731732,82.0,2.0
59803.0,77.0,2.0,34.65,84.0,1,60.0,0,0,38557.556002,81.0,2.0
59804.0,37.0,2.0,28.65,125.0,0,60.0,0,0,63360.142345,77.0,1.0
59805.0,26.0,2.0,29.68,107.0,0,60.0,0,0,79360.460557,81.0,1.0
59806.0,53.0,2.0,33.64,119.0,0,60.0,0,0,23748.745332,84.0,2.0
59808.0,62.0,1.0,28.44,128.0,0,60.0,0,0,19233.534936,81.0,2.0
59809.0,57.0,1.0,24.36,121.0,0,60.0,0,0,14873.069878,78.0,2.0
59810.0,52.0,2.0,25.56,123.0,0,60.0,0,0,87766.123009,79.0,1.0
59812.0,61.0,1.0,20.8,113.0,1,60.0,0,0,5156.301912,78.0,1.0
59813.0,43.0,1.0,32.38,122.0,0,60.0,0,0,23865.90915,78.0,2.0
59814.0,28.0,1.0,25.53,117.0,0,60.0,0,0,96231.37019,77.0,1.0
59815.0,28.0,1.0,25.28,34.0,1,34.0,1,1,108051.677139,79.0,2.0
59816.0,52.0,2.0,31.68,123.0,0,60.0,0,0,31805.975379,80.0,2.0
59818.0,51.0,2.0,30.82,118.0,0,60.0,0,0,19216.077316,75.0,1.0
59819.0,29.0,2.0,24.18,127.0,0,60.0,0,0,29591.943098,82.0,1.0
59821.0,20.0,2.0,26.94,115.0,0,60.0,0,0,19738.714889,86.0,2.0
59822.0,21.0,1.0,26.12,120.0,0,60.0,0,0,22830.041358,76.0,1.0
59825.0,36.0,2.0,38.75,117.0,0,60.0,0,0,72906.586048,77.0,2.0
59826.0,67.0,2.0,20.5,117.0,0,60.0,0,0,50601.994384,76.0,1.0
59827.0,77.0,2.0,26.58,110.0,0,60.0,0,0,12442.515575,78.0,1.0
59828.0,80.0,2.0,23.84,130.0,0,60.0,0,0,9701.283539,84.0,1.0
59829.0,53.0,2.0,34.53,127.0,0,60.0,0,0,25086.627681,81.0,2.0
59830.0,58.0,1.0,25.39,118.0,0,60.0,0,0,104982.440291,79.0,2.0
59831.0,71.0,1.0,31.81,108.0,0,60.0,0,0,11758.236903,81.0,1.0
59832.0,23.0,2.0,27.24,111.0,0,60.0,0,0,14566.542001,88.0,2.0
59833.0,62.0,2.0,36.45,131.0,0,60.0,0,0,75381.430287,75.0,2.0
59835.0,69.0,1.0,29.98,122.0,0,60.0,0,0,74313.517349,80.0,2.0
59836.0,39.0,2.0,22.48,123.0,0,60.0,0,0,59587.981851,76.0,2.0
59837.0,31.0,1.0,31.15,123.0,0,60.0,0,0,57993.252772,79.0,1.0
59838.0,37.0,2.0,31.72,112.0,0,60.0,0,0,18926.031583,78.0,1.0
59840.0,30.0,2.0,36.29,114.0,0,60.0,0,0,22597.495646,83.0,2.0
59841.0,29.0,2.0,27.06,115.0,0,60.0,0,0,17613.144101,89.0,1.0
59842.0,23.0,1.0,,116.0,0,60.0,0,0,32417.490155,87.0,1.0
59843.0,24.0,2.0,31.33,119.0,0,60.0,0,0,23267.743613,80.0,1.0
59844.0,79.0,2.0,42.14,122.0,0,60.0,0,0,16726.08148,78.0,2.0
59852.0,46.0,2.0,30.36,108.0,0,60.0,0,0,18558.120945,85.0,2.0
59853.0,29.0,2.0,23.38,115.0,0,60.0,0,0,17966.146386,87.0,2.0
59855.0,56.0,2.0,34.83,108.0,0,60.0,0,0,12633.150263,85.0,2.0
59856.0,28.0,1.0,20.91,121.0,0,60.0,0,0,63474.279657,80.0,1.0
59857.0,54.0,2.0,24.0,130.0,0,60.0,0,0,96228.548493,76.0,2.0
59859.0,35.0,1.0,22.77,127.0,0,60.0,0,0,84125.898782,82.0,2.0
59861.0,20.0,2.0,29.28,115.0,0,60.0,0,0,14946.883258,86.0,2.0
59862.0,76.0,2.0,25.53,111.0,0,60.0,0,0,10283.785318,85.0,1.0
59863.0,73.0,2.0,29.29,130.0,0,60.0,0,0,39668.644373,76.0,2.0
59864.0,50.0,1.0,24.96,113.0,0,60.0,0,0,18584.577393,88.0,1.0
59865.0,78.0,1.0,27.99,117.0,0,60.0,0,0,35523.208227,77.0,2.0
59867.0,39.0,2.0,35.03,111.0,0,60.0,0,0,20293.289262,88.0,2.0
59869.0,62.0,1.0,29.89,121.0,0,60.0,0,0,9282.841024,75.0,1.0
59870.0,35.0,1.0,29.76,118.0,0,60.0,0,0,41403.555697,75.0,1.0
59873.0,55.0,2.0,44.51,125.0,0,60.0,0,0,21316.375215,89.0,2.0
59874.0,32.0,2.0,29.62,114.0,0,60.0,0,0,23648.995414,87.0,2.0
59876.0,55.0,2.0,22.21,125.0,0,60.0,0,0,22498.50756,77.0,1.0
59877.0,22.0,2.0,23.2,124.0,0,60.0,0,0,25273.621605,79.0,1.0
59878.0,51.0,1.0,27.5,121.0,0,60.0,0,0,26889.332908,80.0,1.0
59879.0,75.0,1.0,19.56,26.0,1,26.0,1,1,10540.567732,78.0,1.0
59880.0,45.0,2.0,36.91,130.0,0,60.0,0,0,15725.694504,84.0,1.0
59881.0,63.0,1.0,30.37,114.0,0,60.0,0,0,12579.260134,83.0,2.0
59882.0,49.0,2.0,27.32,128.0,0,60.0,0,0,31930.036639,82.0,1.0
59883.0,18.0,2.0,55.07,108.0,0,60.0,0,0,24496.662675,83.0,2.0
59888.0,65.0,2.0,26.65,126.0,0,60.0,0,0,8266.853321,82.0,2.0
59890.0,48.0,2.0,25.42,122.0,0,60.0,0,0,83446.970885,80.0,2.0
59892.0,45.0,2.0,29.78,117.0,0,60.0,0,0,69605.408779,86.0,2.0
59893.0,46.0,1.0,26.75,110.0,0,60.0,0,0,18778.011327,85.0,1.0
59894.0,18.0,2.0,19.97,122.0,0,60.0,0,0,22294.30989,80.0,2.0
59895.0,47.0,2.0,28.55,115.0,0,60.0,0,0,17119.225725,86.0,2.0
59897.0,37.0,1.0,21.85,131.0,0,60.0,0,0,17498.238159,75.0,2.0
59906.0,24.0,1.0,20.4,109.0,0,60.0,0,0,27726.374401,85.0,2.0
59908.0,71.0,1.0,25.59,92.0,1,60.0,0,0,11112.872016,84.0,1.0
59909.0,60.0,2.0,45.76,90.0,1,60.0,0,0,22002.262721,80.0,2.0
59910.0,67.0,2.0,33.6,115.0,0,60.0,0,0,61835.25213,86.0,2.0
59911.0,66.0,2.0,27.28,131.0,0,60.0,0,0,56822.323859,84.0,1.0
59913.0,28.0,2.0,21.67,111.0,0,60.0,0,0,65524.057138,78.0,1.0
59914.0,63.0,1.0,27.21,123.0,0,60.0,0,0,16689.054661,80.0,1.0
59915.0,18.0,1.0,27.05,123.0,0,60.0,0,0,56695.653361,79.0,1.0
59916.0,47.0,1.0,35.66,121.0,0,60.0,0,0,29038.519065,75.0,1.0
59918.0,30.0,2.0,22.27,122.0,0,60.0,0,0,25897.157431,78.0,2.0
59919.0,22.0,1.0,22.74,127.0,0,60.0,0,0,104649.885947,81.0,2.0
59920.0,19.0,1.0,23.9,114.0,0,60.0,0,0,15241.374765,82.0,2.0
59921.0,70.0,2.0,30.27,117.0,0,60.0,0,0,10457.218908,89.0,1.0
59922.0,64.0,2.0,23.84,124.0,0,60.0,0,0,60851.686967,77.0,1.0
59924.0,68.0,1.0,,118.0,0,60.0,0,0,9387.789425,84.0,2.0
59925.0,80.0,2.0,23.15,123.0,0,60.0,0,0,45269.726276,80.0,2.0
59927.0,26.0,2.0,25.15,121.0,0,60.0,0,0,24353.668747,78.0,2.0
59928.0,80.0,2.0,30.77,130.0,0,60.0,0,0,36765.438953,76.0,2.0
59931.0,78.0,2.0,31.6,123.0,0,60.0,0,0,34245.404778,77.0,1.0
59932.0,80.0,2.0,24.86,55.0,1,55.0,1,1,32858.032832,77.0,1.0
59934.0,64.0,2.0,39.84,128.0,0,60.0,0,0,7732.627581,82.0,2.0
59935.0,55.0,1.0,51.85,128.0,0,60.0,0,0,20607.556278,82.0,1.0
59937.0,49.0,1.0,30.88,123.0,0,60.0,0,0,75533.702614,79.0,1.0
59938.0,50.0,1.0,28.69,115.0,0,60.0,0,0,14984.141601,87.0,1.0
59940.0,39.0,1.0,35.25,113.0,0,60.0,0,0,24981.590198,78.0,1.0
59943.0,73.0,2.0,26.86,39.0,1,39.0,1,1,34708.180518,77.0,1.0
59944.0,47.0,2.0,45.67,121.0,0,60.0,0,0,28155.884625,84.0,2.0
59945.0,48.0,1.0,23.95,130.0,0,60.0,0,0,19992.772305,86.0,1.0
59950.0,80.0,1.0,32.79,126.0,0,60.0,0,0,22970.669999,81.0,2.0
59951.0,62.0,2.0,34.1,130.0,0,60.0,0,0,15202.569164,84.0,1.0
59952.0,73.0,1.0,36.28,15.0,1,15.0,1,1,10054.356204,85.0,2.0
59953.0,42.0,1.0,35.53,124.0,0,60.0,0,0,21301.379538,79.0,1.0
59956.0,54.0,1.0,26.36,118.0,0,60.0,0,0,82713.518143,79.0,2.0
59957.0,43.0,1.0,26.7,114.0,0,60.0,0,0,21040.278969,87.0,2.0
59958.0,33.0,1.0,19.49,120.0,0,60.0,0,0,33239.730849,78.0,2.0
59959.0,43.0,2.0,33.01,132.0,0,60.0,0,0,100882.357172,75.0,2.0
59962.0,44.0,1.0,21.92,124.0,0,60.0,0,0,13474.264747,86.0,3.0
59964.0,42.0,1.0,27.15,114.0,0,60.0,0,0,19102.531525,86.0,2.0
59965.0,30.0,2.0,28.41,127.0,0,60.0,0,0,26824.964193,82.0,2.0
59966.0,58.0,1.0,27.34,109.0,0,60.0,0,0,9691.241194,81.0,1.0
59967.0,29.0,1.0,31.81,106.0,0,60.0,0,0,92891.736406,85.0,2.0
59968.0,72.0,2.0,23.12,44.0,1,44.0,1,1,36689.33505,76.0,1.0
59969.0,30.0,2.0,25.29,119.0,0,60.0,0,0,31623.241623,75.0,1.0
59971.0,36.0,2.0,37.54,121.0,0,60.0,0,0,15350.24237,80.0,1.0
59972.0,55.0,1.0,24.83,65.0,1,60.0,0,0,25770.395449,80.0,2.0
59973.0,58.0,1.0,30.28,123.0,0,60.0,0,0,20473.460219,79.0,1.0
59976.0,31.0,2.0,32.38,124.0,0,60.0,0,0,14155.8285,86.0,3.0
59977.0,44.0,1.0,30.72,131.0,0,60.0,0,0,108829.922217,75.0,2.0
59978.0,20.0,2.0,19.5,115.0,0,60.0,0,0,19738.714889,86.0,2.0
59979.0,49.0,1.0,27.44,106.0,0,60.0,0,0,20443.550612,85.0,2.0
59980.0,50.0,1.0,29.43,130.0,0,60.0,0,0,19873.306414,86.0,1.0
59982.0,57.0,1.0,28.28,129.0,0,60.0,0,0,88714.668842,82.0,1.0
59984.0,48.0,2.0,21.58,114.0,0,60.0,0,0,21270.615657,83.0,2.0
59985.0,67.0,1.0,29.14,130.0,0,60.0,0,0,8634.150642,84.0,1.0
59988.0,24.0,2.0,46.45,122.0,0,60.0,0,0,26693.694768,80.0,2.0
59989.0,68.0,2.0,,51.0,1,51.0,1,1,75906.644182,75.0,2.0
59990.0,38.0,2.0,39.72,112.0,0,60.0,0,0,25710.607951,83.0,2.0
59992.0,56.0,1.0,37.14,109.0,0,60.0,0,0,13666.884857,81.0,1.0
59996.0,80.0,2.0,25.16,127.0,0,60.0,0,0,45899.389939,82.0,2.0
59999.0,75.0,2.0,23.25,132.0,0,60.0,0,0,24029.402386,75.0,2.0
60000.0,42.0,2.0,31.31,113.0,0,60.0,0,0,76603.798386,77.0,1.0
60002.0,42.0,1.0,22.15,118.0,0,60.0,0,0,22314.411887,84.0,2.0
60004.0,62.0,2.0,28.85,120.0,0,60.0,0,0,23694.972574,78.0,2.0
60009.0,21.0,2.0,20.89,123.0,0,60.0,0,0,22198.732949,79.0,1.0
60011.0,67.0,1.0,26.18,114.0,0,60.0,0,0,8651.550531,87.0,1.0
60013.0,36.0,1.0,28.33,127.0,0,60.0,0,0,23935.771342,82.0,1.0
60014.0,80.0,1.0,24.79,31.0,1,31.0,1,1,27956.635388,82.0,2.0
60015.0,60.0,1.0,26.7,120.0,0,60.0,0,0,9590.4584,75.0,1.0
60016.0,20.0,2.0,22.83,124.0,0,60.0,0,0,70911.141547,79.0,1.0
60017.0,28.0,2.0,28.26,129.0,0,60.0,0,0,73015.755387,76.0,2.0
60018.0,35.0,2.0,20.69,113.0,0,60.0,0,0,35207.447574,83.0,2.0
60020.0,35.0,1.0,33.16,117.0,0,60.0,0,0,23915.271061,76.0,1.0
60023.0,34.0,2.0,22.42,130.0,0,60.0,0,0,16637.651093,76.0,2.0
60024.0,41.0,2.0,27.2,124.0,0,60.0,0,0,78512.376245,77.0,1.0
60030.0,71.0,2.0,29.08,120.0,0,60.0,0,0,32939.969593,80.0,1.0
60032.0,30.0,1.0,28.47,122.0,0,60.0,0,0,14122.836195,80.0,1.0
60033.0,53.0,1.0,24.51,113.0,0,60.0,0,0,7885.120366,88.0,2.0
60034.0,56.0,1.0,27.27,121.0,0,60.0,0,0,19364.17167,75.0,1.0
60036.0,65.0,1.0,28.02,108.0,0,60.0,0,0,59197.620739,85.0,2.0
60037.0,70.0,2.0,20.81,128.0,0,60.0,0,0,16011.374596,82.0,1.0
60039.0,72.0,1.0,25.26,120.0,0,60.0,0,0,31722.475671,76.0,1.0
60042.0,41.0,1.0,23.58,128.0,0,60.0,0,0,16640.26685,81.0,2.0
60043.0,38.0,1.0,25.02,128.0,0,60.0,0,0,27703.632907,86.0,1.0
60044.0,64.0,2.0,36.31,112.0,0,60.0,0,0,13070.875072,78.0,1.0
60045.0,46.0,1.0,27.0,114.0,0,60.0,0,0,24211.80189,87.0,1.0
60046.0,34.0,2.0,28.57,112.0,0,60.0,0,0,21283.182024,88.0,1.0
60047.0,41.0,1.0,37.58,118.0,0,60.0,0,0,65879.008324,76.0,1.0
60049.0,49.0,1.0,24.51,117.0,0,60.0,0,0,22949.926788,77.0,2.0
60053.0,20.0,1.0,27.2,119.0,0,60.0,0,0,24843.502316,79.0,2.0
60057.0,61.0,2.0,39.37,128.0,0,60.0,0,0,22952.970528,82.0,1.0
60058.0,56.0,1.0,27.3,128.0,0,60.0,0,0,101884.043891,81.0,2.0
60060.0,51.0,1.0,25.05,120.0,0,60.0,0,0,14961.227317,78.0,2.0
60061.0,50.0,1.0,33.93,130.0,0,60.0,0,0,97075.891472,80.0,2.0
60062.0,53.0,2.0,36.04,121.0,0,60.0,0,0,33312.890502,80.0,1.0
60063.0,71.0,1.0,27.59,12.0,1,12.0,1,1,9805.000357,76.0,1.0
60065.0,20.0,1.0,24.61,124.0,0,60.0,0,0,28148.192813,77.0,1.0
60066.0,37.0,1.0,27.07,115.0,0,60.0,0,0,71223.780444,87.0,2.0
60069.0,49.0,2.0,28.28,117.0,0,60.0,0,0,21052.826838,77.0,2.0
60072.0,74.0,2.0,34.12,118.0,0,60.0,0,0,37142.518016,84.0,2.0
60073.0,51.0,2.0,21.49,129.0,0,60.0,0,0,77338.006191,84.0,1.0
60077.0,32.0,1.0,36.55,127.0,0,60.0,0,0,35121.28555,82.0,2.0
60079.0,60.0,2.0,24.71,128.0,0,60.0,0,0,6876.207042,82.0,1.0
60082.0,18.0,2.0,21.77,119.0,0,60.0,0,0,55643.229448,76.0,1.0
60085.0,29.0,2.0,16.03,121.0,0,60.0,0,0,26218.46162,80.0,2.0
60086.0,67.0,1.0,24.48,111.0,0,60.0,0,0,6974.064996,88.0,2.0
60088.0,61.0,2.0,26.74,41.0,1,41.0,1,1,4877.462322,78.0,1.0
60090.0,51.0,1.0,25.78,112.0,0,60.0,0,0,10461.78449,88.0,1.0
60091.0,69.0,2.0,46.01,118.0,0,60.0,0,0,6950.891576,77.0,2.0
60094.0,78.0,2.0,31.05,78.0,1,60.0,0,0,24810.499095,87.0,1.0
60095.0,69.0,1.0,31.03,117.0,0,60.0,0,0,55292.275546,76.0,1.0
60098.0,42.0,1.0,29.82,113.0,0,60.0,0,0,23423.703168,88.0,1.0
60101.0,63.0,2.0,30.9,123.0,0,60.0,0,0,7072.217427,78.0,2.0
60102.0,46.0,2.0,22.01,107.0,0,60.0,0,0,19502.935565,81.0,1.0
60103.0,62.0,2.0,38.62,127.0,0,60.0,0,0,6086.158846,82.0,2.0
60104.0,74.0,2.0,36.22,115.0,0,60.0,0,0,14030.454612,87.0,1.0
60105.0,58.0,2.0,40.23,119.0,0,60.0,0,0,23515.651999,84.0,2.0
60106.0,44.0,2.0,47.96,64.0,1,60.0,0,0,16785.174371,88.0,1.0
60108.0,61.0,2.0,27.14,108.0,0,60.0,0,0,67032.592835,85.0,2.0
60109.0,49.0,1.0,24.92,115.0,0,60.0,0,0,19102.531525,86.0,2.0
60110.0,44.0,2.0,35.67,119.0,0,60.0,0,0,62130.73418,76.0,1.0
60111.0,60.0,1.0,27.98,20.0,1,20.0,1,1,9590.4584,81.0,1.0
60112.0,48.0,2.0,44.27,125.0,0,60.0,0,0,77465.544561,77.0,1.0
60116.0,69.0,2.0,29.48,110.0,0,60.0,0,0,7084.376544,81.0,1.0
60118.0,41.0,2.0,39.25,131.0,0,60.0,0,0,25343.501721,84.0,1.0
60119.0,66.0,1.0,24.67,131.0,0,60.0,0,0,21309.916507,76.0,2.0
60122.0,37.0,2.0,35.95,129.0,0,60.0,0,0,54009.255077,76.0,2.0
60124.0,54.0,1.0,26.79,115.0,0,60.0,0,0,20527.025155,87.0,2.0
60125.0,72.0,1.0,26.68,126.0,0,60.0,0,0,33337.784141,81.0,2.0
60131.0,75.0,2.0,31.16,112.0,0,60.0,0,0,10343.744487,88.0,1.0
60133.0,39.0,2.0,33.28,112.0,0,60.0,0,0,26743.869183,78.0,1.0
60134.0,21.0,1.0,18.59,122.0,0,60.0,0,0,31564.973798,80.0,2.0
60135.0,69.0,1.0,30.56,110.0,0,60.0,0,0,6649.123831,85.0,1.0
60136.0,26.0,2.0,26.26,114.0,0,60.0,0,0,74891.577635,87.0,2.0
60138.0,66.0,1.0,31.7,121.0,0,60.0,0,0,52501.374891,80.0,1.0
60141.0,39.0,2.0,36.75,110.0,0,60.0,0,0,22990.826564,83.0,1.0
60142.0,49.0,2.0,29.59,127.0,0,60.0,0,0,20891.930664,83.0,2.0
60143.0,32.0,1.0,31.6,119.0,0,60.0,0,0,43884.893895,75.0,1.0
60144.0,57.0,1.0,28.25,118.0,0,60.0,0,0,102596.475739,79.0,2.0
60145.0,67.0,2.0,25.15,132.0,0,60.0,0,0,74461.687039,75.0,2.0
60146.0,70.0,2.0,33.93,122.0,0,60.0,0,0,32939.969593,80.0,1.0
60148.0,49.0,1.0,30.99,108.0,0,60.0,0,0,20708.126413,85.0,2.0
60150.0,19.0,1.0,21.97,106.0,0,60.0,0,0,11945.275438,85.0,2.0
60151.0,71.0,1.0,39.44,126.0,0,60.0,0,0,27570.101749,81.0,2.0
60152.0,42.0,1.0,25.95,121.0,0,60.0,0,0,94172.422984,78.0,2.0
60154.0,74.0,2.0,19.79,104.0,1,60.0,0,0,48322.345424,83.0,1.0
60155.0,61.0,1.0,26.31,126.0,0,60.0,0,0,12080.674109,83.0,2.0
60156.0,47.0,2.0,22.2,110.0,0,60.0,0,0,16911.675887,85.0,1.0
60157.0,29.0,1.0,27.72,124.0,0,60.0,0,0,24344.994815,86.0,3.0
60158.0,59.0,2.0,28.55,33.0,1,33.0,1,1,15318.38871,83.0,1.0
60159.0,69.0,1.0,32.08,120.0,0,60.0,0,0,55292.275546,76.0,1.0
60160.0,63.0,2.0,33.43,128.0,0,60.0,0,0,63755.08114,81.0,2.0
60161.0,38.0,2.0,28.29,127.0,0,60.0,0,0,18281.683005,82.0,1.0
60162.0,45.0,2.0,21.34,113.0,0,60.0,0,0,16056.799743,78.0,1.0
60163.0,73.0,2.0,34.13,127.0,0,60.0,0,0,19249.520038,82.0,2.0
60164.0,30.0,2.0,21.42,121.0,0,60.0,0,0,25247.94746,78.0,2.0
60165.0,49.0,2.0,24.38,117.0,0,60.0,0,0,22577.645498,84.0,2.0
60166.0,63.0,2.0,17.91,108.0,0,60.0,0,0,67032.592835,85.0,2.0
60167.0,42.0,1.0,24.8,115.0,0,60.0,0,0,23386.274409,87.0,1.0
60169.0,32.0,2.0,28.35,111.0,0,60.0,0,0,21854.311513,88.0,2.0
60170.0,65.0,1.0,24.42,124.0,0,60.0,0,0,54784.845182,77.0,1.0
60171.0,45.0,2.0,26.52,112.0,0,60.0,0,0,68102.66571,88.0,1.0
60173.0,67.0,1.0,26.12,121.0,0,60.0,0,0,9590.4584,75.0,1.0
60174.0,19.0,1.0,36.06,127.0,0,60.0,0,0,19950.712796,82.0,2.0
60175.0,41.0,2.0,29.16,120.0,0,60.0,0,0,36343.314607,78.0,2.0
60176.0,58.0,2.0,31.88,112.0,0,60.0,0,0,9637.428563,88.0,2.0
60179.0,68.0,2.0,38.4,131.0,0,60.0,0,0,15497.580757,84.0,1.0
60181.0,59.0,1.0,39.14,115.0,0,60.0,0,0,18761.435679,86.0,2.0
60183.0,65.0,1.0,37.38,124.0,0,60.0,0,0,55847.965781,77.0,1.0
60184.0,60.0,2.0,22.28,108.0,0,60.0,0,0,67032.592835,85.0,2.0
60186.0,34.0,1.0,25.37,124.0,0,60.0,0,0,28540.254672,79.0,1.0
60187.0,64.0,1.0,32.86,131.0,0,60.0,0,0,9343.294839,84.0,1.0
60190.0,21.0,1.0,23.69,112.0,0,60.0,0,0,80601.727149,78.0,1.0
60192.0,59.0,2.0,29.02,100.0,1,60.0,0,0,107298.217979,81.0,2.0
60194.0,55.0,1.0,25.78,127.0,0,60.0,0,0,24566.27985,82.0,2.0
60195.0,65.0,1.0,23.39,123.0,0,60.0,0,0,8219.67219,77.0,1.0
60198.0,61.0,2.0,38.81,121.0,0,60.0,0,0,8780.848777,75.0,1.0
60200.0,38.0,1.0,54.94,114.0,0,60.0,0,0,27273.656411,83.0,2.0
60201.0,80.0,1.0,26.63,91.0,1,60.0,0,0,23957.765346,81.0,1.0
60206.0,29.0,1.0,30.23,113.0,0,60.0,0,0,82013.288444,78.0,1.0
60210.0,20.0,2.0,22.91,110.0,0,60.0,0,0,22961.456827,81.0,1.0
60213.0,28.0,1.0,28.01,117.0,0,60.0,0,0,31812.635595,77.0,2.0
60214.0,32.0,1.0,24.52,110.0,0,60.0,0,0,33986.464261,83.0,1.0
60215.0,80.0,1.0,22.33,92.0,1,60.0,0,0,12164.079932,76.0,1.0
60216.0,35.0,2.0,35.93,129.0,0,60.0,0,0,25966.025398,84.0,1.0
60217.0,32.0,1.0,57.94,123.0,0,60.0,0,0,69862.627307,79.0,1.0
60218.0,70.0,2.0,41.07,128.0,0,60.0,0,0,31381.159247,81.0,2.0
60219.0,57.0,1.0,19.42,116.0,0,60.0,0,0,102596.475739,79.0,2.0
60220.0,53.0,1.0,38.31,125.0,0,60.0,0,0,16985.579902,89.0,2.0
60221.0,38.0,1.0,24.61,127.0,0,60.0,0,0,68012.325768,82.0,1.0
60223.0,63.0,2.0,31.29,124.0,0,60.0,0,0,20605.918934,77.0,1.0
60226.0,59.0,1.0,18.21,33.0,1,33.0,1,1,23918.32307,78.0,2.0
60229.0,50.0,1.0,31.85,120.0,0,60.0,0,0,18114.448606,75.0,1.0
60230.0,31.0,2.0,50.1,127.0,0,60.0,0,0,26824.964193,82.0,2.0
60231.0,62.0,2.0,33.66,124.0,0,60.0,0,0,58063.664648,89.0,2.0
60232.0,80.0,1.0,,11.0,1,11.0,1,1,23705.031427,82.0,1.0
60233.0,24.0,1.0,20.65,119.0,0,60.0,0,0,86578.325539,84.0,2.0
60235.0,41.0,2.0,19.87,118.0,0,60.0,0,0,69500.810327,79.0,2.0
60236.0,42.0,2.0,31.09,120.0,0,60.0,0,0,36343.314607,78.0,2.0
60238.0,80.0,1.0,31.05,85.0,1,60.0,0,0,21730.744656,87.0,2.0
60241.0,64.0,2.0,29.97,17.0,1,17.0,1,1,15361.086222,80.0,1.0
60242.0,77.0,1.0,29.65,112.0,0,60.0,0,0,29665.826508,88.0,1.0
60243.0,36.0,2.0,26.26,109.0,0,60.0,0,0,19114.88725,88.0,2.0
60247.0,52.0,2.0,18.29,121.0,0,60.0,0,0,79719.201422,80.0,1.0
60248.0,26.0,1.0,20.32,132.0,0,60.0,0,0,26939.944808,75.0,2.0
60249.0,80.0,2.0,21.19,130.0,0,60.0,0,0,36300.05365,76.0,2.0
60250.0,53.0,2.0,26.76,122.0,0,60.0,0,0,29415.070778,78.0,2.0
60251.0,28.0,1.0,32.72,120.0,1,60.0,0,0,33360.553153,87.0,1.0
60252.0,39.0,1.0,29.44,114.0,0,60.0,0,0,26792.411843,86.0,2.0
60253.0,25.0,2.0,38.17,120.0,0,60.0,0,0,27402.180454,84.0,2.0
60254.0,31.0,2.0,21.16,111.0,0,60.0,0,0,28322.731949,85.0,1.0
60255.0,41.0,2.0,30.76,127.0,0,60.0,0,0,18646.910739,82.0,2.0
60256.0,45.0,1.0,29.14,115.0,0,60.0,0,0,27932.217099,77.0,2.0
60259.0,55.0,2.0,41.71,118.0,0,60.0,0,0,97852.921866,79.0,2.0
60264.0,73.0,1.0,25.17,122.0,0,60.0,0,0,42635.408342,80.0,2.0
60265.0,80.0,1.0,21.03,11.0,1,11.0,1,1,20005.84691,80.0,1.0
60269.0,62.0,1.0,35.19,30.0,1,30.0,1,1,21723.44348,76.0,2.0
60273.0,39.0,1.0,37.52,110.0,0,60.0,0,0,25258.869167,83.0,1.0
60274.0,62.0,2.0,35.55,102.0,1,60.0,0,0,71331.895741,78.0,2.0
60279.0,48.0,2.0,27.94,130.0,0,60.0,0,0,76603.798386,75.0,2.0
60281.0,24.0,1.0,31.13,121.0,0,60.0,0,0,108442.304561,78.0,2.0
60283.0,80.0,2.0,23.06,54.0,1,54.0,1,1,35776.69695,81.0,2.0
60286.0,18.0,2.0,18.29,124.0,0,60.0,0,0,11417.000385,77.0,1.0
60290.0,44.0,2.0,19.99,118.0,0,60.0,0,0,86980.804636,79.0,2.0
60291.0,35.0,1.0,25.63,127.0,0,60.0,0,0,33730.850082,81.0,2.0
60292.0,24.0,2.0,35.36,131.0,0,60.0,0,0,21454.123417,75.0,2.0
60293.0,80.0,2.0,24.06,130.0,0,60.0,0,0,36300.05365,76.0,2.0
60294.0,29.0,1.0,18.55,129.0,0,60.0,0,0,92725.3926,86.0,1.0
60296.0,47.0,2.0,32.54,110.0,0,60.0,0,0,88626.466787,83.0,1.0
60297.0,39.0,2.0,29.93,117.0,0,60.0,0,0,22023.850176,87.0,2.0
60299.0,59.0,2.0,43.44,114.0,0,60.0,0,0,23985.061787,86.0,2.0
60300.0,51.0,1.0,33.62,126.0,0,60.0,0,0,99027.398631,81.0,2.0
60301.0,61.0,1.0,31.49,120.0,0,60.0,0,0,55975.240157,76.0,1.0
60302.0,23.0,2.0,20.59,124.0,0,60.0,0,0,60875.372074,89.0,2.0
60304.0,19.0,1.0,24.91,124.0,0,60.0,0,0,8989.029803,86.0,3.0
60305.0,43.0,2.0,22.48,128.0,0,60.0,0,0,17901.936127,86.0,1.0
60306.0,50.0,1.0,25.88,108.0,0,60.0,0,0,79256.481474,85.0,1.0
60308.0,73.0,1.0,41.2,67.0,1,60.0,0,0,36212.549491,77.0,2.0
60309.0,25.0,1.0,24.71,129.0,0,60.0,0,0,31978.210278,76.0,2.0
60312.0,50.0,1.0,30.24,122.0,0,60.0,0,0,97542.912152,80.0,2.0
60314.0,24.0,2.0,24.4,131.0,0,60.0,0,0,24715.095199,84.0,1.0
60315.0,41.0,2.0,44.05,117.0,0,60.0,0,0,76826.282354,87.0,2.0
60316.0,80.0,1.0,28.38,6.0,1,6.0,1,1,10883.958899,85.0,2.0
60318.0,39.0,2.0,25.2,118.0,0,60.0,0,0,31623.241623,75.0,1.0
60320.0,31.0,1.0,25.15,110.0,0,60.0,0,0,62514.071126,85.0,1.0
60321.0,38.0,2.0,36.02,119.0,0,60.0,0,0,112955.253604,79.0,2.0
60323.0,57.0,1.0,31.2,111.0,0,60.0,0,0,11723.777579,88.0,1.0
60324.0,61.0,1.0,27.11,122.0,0,60.0,0,0,12542.399559,80.0,2.0
60326.0,80.0,2.0,28.26,47.0,1,47.0,1,1,12205.023234,78.0,1.0
60328.0,39.0,2.0,44.66,114.0,0,60.0,0,0,25936.820943,87.0,1.0
60330.0,61.0,2.0,26.05,128.0,0,60.0,0,0,8266.853321,82.0,2.0
60331.0,76.0,1.0,23.27,120.0,0,60.0,0,0,36143.255804,78.0,2.0
60332.0,52.0,1.0,39.28,123.0,0,60.0,0,0,24300.320276,80.0,2.0
60334.0,40.0,1.0,31.78,110.0,0,60.0,0,0,96465.970305,83.0,1.0
60335.0,36.0,2.0,22.76,129.0,0,60.0,0,0,64508.601789,76.0,2.0
60337.0,52.0,2.0,19.16,121.0,0,60.0,0,0,95185.415335,79.0,1.0
60342.0,35.0,2.0,21.5,129.0,0,60.0,0,0,61263.384725,76.0,2.0
60343.0,20.0,2.0,50.86,111.0,0,60.0,0,0,19574.503839,88.0,2.0
60344.0,53.0,2.0,35.96,115.0,0,60.0,0,0,12067.640013,86.0,2.0
60345.0,62.0,1.0,23.07,124.0,0,60.0,0,0,11491.640862,79.0,1.0
60347.0,45.0,1.0,29.17,121.0,0,60.0,0,0,79337.055328,76.0,1.0
60348.0,49.0,2.0,31.45,115.0,0,60.0,0,0,16925.98566,86.0,2.0
60349.0,19.0,1.0,27.82,127.0,0,60.0,0,0,11223.943274,85.0,1.0
60351.0,80.0,1.0,26.74,110.0,0,60.0,0,0,28183.515283,83.0,1.0
60353.0,24.0,1.0,25.94,113.0,0,60.0,0,0,28493.91382,78.0,1.0
60355.0,27.0,2.0,37.2,110.0,0,60.0,0,0,90562.382593,83.0,1.0
60356.0,24.0,2.0,35.66,128.0,0,60.0,0,0,86892.512988,81.0,2.0
60357.0,76.0,2.0,30.11,111.0,0,60.0,0,0,18281.815192,83.0,1.0
60358.0,27.0,2.0,31.89,116.0,0,60.0,0,0,19239.324928,89.0,1.0
60359.0,57.0,2.0,30.12,130.0,0,60.0,0,0,22527.449241,84.0,1.0
60360.0,53.0,1.0,23.04,131.0,0,60.0,0,0,17971.39667,75.0,2.0
60361.0,74.0,2.0,27.04,70.0,1,60.0,0,0,37401.305445,84.0,2.0
60364.0,67.0,1.0,33.12,112.0,0,60.0,0,0,8527.490447,78.0,1.0
60366.0,25.0,2.0,20.09,115.0,0,60.0,0,0,68924.740929,86.0,2.0
60367.0,53.0,2.0,21.99,124.0,0,60.0,0,0,125317.169771,77.0,1.0
60368.0,44.0,1.0,22.56,112.0,0,60.0,0,0,17058.978632,88.0,2.0
60369.0,38.0,2.0,29.32,113.0,0,60.0,0,0,27271.143945,78.0,1.0
60370.0,56.0,1.0,35.44,93.0,1,60.0,0,0,15244.457904,82.0,2.0
60371.0,80.0,2.0,38.46,41.0,1,41.0,1,1,32524.582593,85.0,1.0
60372.0,28.0,1.0,35.17,110.0,0,60.0,0,0,35164.926755,83.0,1.0
60373.0,40.0,1.0,29.52,117.0,0,60.0,0,0,16098.694746,87.0,2.0
60374.0,75.0,2.0,24.84,115.0,0,60.0,0,0,38703.606665,77.0,2.0
60375.0,21.0,2.0,17.27,116.0,0,60.0,0,0,15859.558744,89.0,1.0
60376.0,69.0,1.0,33.02,25.0,1,25.0,1,1,56750.654207,86.0,2.0
60377.0,60.0,1.0,30.01,113.0,0,60.0,0,0,10255.228054,87.0,2.0
60379.0,66.0,2.0,24.83,128.0,0,60.0,0,0,22635.586307,86.0,1.0
60380.0,22.0,1.0,27.25,115.0,0,60.0,0,0,25576.622941,86.0,2.0
60382.0,39.0,1.0,39.13,115.0,0,60.0,0,0,13734.798944,89.0,1.0
60383.0,22.0,1.0,25.08,124.0,0,60.0,0,0,29193.681764,79.0,1.0
60384.0,75.0,2.0,27.11,81.0,1,60.0,0,0,20574.292093,80.0,1.0
60385.0,69.0,2.0,26.75,114.0,0,60.0,0,0,4721.015977,78.0,1.0
60387.0,50.0,2.0,21.64,120.0,0,60.0,0,0,14287.411057,75.0,1.0
60388.0,51.0,2.0,29.49,117.0,0,60.0,0,0,14495.000318,77.0,2.0
60389.0,25.0,2.0,27.59,129.0,0,60.0,0,0,31098.681082,76.0,2.0
60390.0,53.0,1.0,35.66,115.0,0,60.0,0,0,18906.175409,86.0,2.0
60394.0,31.0,2.0,47.13,115.0,0,60.0,0,0,22597.495646,83.0,2.0
60397.0,45.0,2.0,26.95,116.0,0,60.0,0,0,21478.807878,77.0,2.0
60400.0,80.0,1.0,23.86,125.0,0,60.0,0,0,11576.608507,89.0,2.0
60404.0,31.0,2.0,38.83,120.0,0,60.0,0,0,18124.332687,76.0,1.0
60406.0,37.0,2.0,38.12,129.0,0,60.0,0,0,67454.60469,76.0,2.0
60407.0,78.0,2.0,20.03,130.0,0,60.0,0,0,20875.261565,76.0,2.0
60408.0,67.0,1.0,23.79,118.0,0,60.0,0,0,9775.236398,84.0,2.0
60410.0,80.0,1.0,28.83,43.0,1,43.0,1,1,24380.757494,78.0,2.0
60411.0,39.0,2.0,26.92,120.0,0,60.0,0,0,34037.144666,75.0,1.0
60412.0,22.0,1.0,26.84,118.0,0,60.0,0,0,35000.573578,76.0,1.0
60414.0,45.0,2.0,24.48,123.0,0,60.0,0,0,37651.728634,80.0,2.0
60417.0,43.0,2.0,23.96,112.0,0,60.0,0,0,15875.552233,78.0,1.0
60418.0,24.0,2.0,21.28,129.0,0,60.0,0,0,21675.482237,86.0,1.0
60421.0,75.0,2.0,27.62,122.0,0,60.0,0,0,24615.557009,80.0,2.0
60426.0,80.0,2.0,27.51,129.0,0,60.0,0,0,28097.156563,76.0,2.0
60427.0,51.0,2.0,38.9,121.0,0,60.0,0,0,72196.801892,80.0,1.0
60429.0,40.0,1.0,36.75,118.0,0,60.0,0,0,24451.259246,77.0,2.0
60431.0,33.0,2.0,24.07,111.0,0,60.0,0,0,18108.840553,88.0,1.0
60432.0,80.0,2.0,22.39,4.0,1,4.0,1,1,13582.394901,84.0,1.0
60436.0,24.0,2.0,22.17,117.0,0,60.0,0,0,24420.191184,77.0,2.0
60439.0,37.0,2.0,27.21,132.0,0,60.0,0,0,20095.542159,75.0,2.0
60440.0,45.0,2.0,20.01,124.0,0,60.0,0,0,76603.798386,77.0,1.0
60442.0,35.0,2.0,37.34,129.0,0,60.0,0,0,18807.106364,86.0,1.0
60444.0,80.0,2.0,22.15,61.0,1,60.0,0,0,12482.610156,82.0,1.0
60447.0,18.0,2.0,25.46,110.0,0,60.0,0,0,14513.296273,81.0,1.0
60449.0,73.0,2.0,26.04,114.0,0,60.0,0,0,19074.736727,83.0,2.0
60450.0,22.0,2.0,27.07,113.0,0,60.0,0,0,25957.338809,78.0,1.0
60452.0,20.0,1.0,33.89,129.0,0,60.0,0,0,27122.675531,86.0,1.0
60453.0,19.0,1.0,24.43,122.0,0,60.0,0,0,12362.877383,77.0,1.0
60454.0,65.0,1.0,27.53,51.0,1,51.0,1,1,60181.110845,86.0,1.0
60456.0,52.0,1.0,36.03,40.0,1,40.0,1,1,74094.204586,84.0,1.0
60457.0,55.0,1.0,24.5,125.0,0,60.0,0,0,15686.03941,82.0,2.0
60459.0,60.0,2.0,25.95,117.0,0,60.0,0,0,6950.891576,77.0,2.0
60460.0,24.0,1.0,20.75,108.0,0,60.0,0,0,27726.374401,85.0,2.0
60461.0,67.0,1.0,29.43,78.0,1,60.0,0,0,56750.654207,86.0,2.0
60465.0,39.0,2.0,23.15,121.0,0,60.0,0,0,43964.570897,80.0,1.0
60468.0,33.0,1.0,28.72,119.0,0,60.0,0,0,19141.578997,79.0,2.0
60469.0,43.0,2.0,31.63,108.0,0,60.0,0,0,14298.580307,81.0,1.0
60470.0,30.0,2.0,40.14,120.0,0,60.0,0,0,28789.114826,84.0,2.0
60471.0,61.0,2.0,27.29,125.0,0,60.0,0,0,14415.438206,78.0,2.0
60472.0,26.0,1.0,23.8,123.0,0,60.0,0,0,31948.924683,79.0,1.0
60475.0,74.0,2.0,29.7,130.0,0,60.0,0,0,33945.497998,84.0,1.0
60477.0,69.0,1.0,35.81,119.0,0,60.0,0,0,9282.841024,75.0,1.0
60478.0,80.0,2.0,,111.0,0,60.0,0,0,16144.881595,88.0,1.0
60479.0,65.0,1.0,21.88,115.0,0,60.0,0,0,70560.254529,87.0,1.0
60480.0,25.0,2.0,20.81,122.0,0,60.0,0,0,88409.197285,78.0,2.0
60483.0,24.0,1.0,25.5,119.0,0,60.0,0,0,86578.325539,84.0,2.0
60485.0,53.0,2.0,25.37,109.0,0,60.0,0,0,13091.269928,81.0,1.0
60486.0,49.0,2.0,21.47,123.0,0,60.0,0,0,62336.581801,79.0,1.0
60487.0,18.0,2.0,33.07,111.0,0,60.0,0,0,16018.467646,88.0,1.0
60489.0,67.0,1.0,29.94,104.0,1,60.0,0,0,62997.695381,78.0,2.0
60490.0,36.0,2.0,41.57,115.0,0,60.0,0,0,31623.241623,77.0,2.0
60491.0,23.0,2.0,21.39,110.0,0,60.0,0,0,91581.154358,83.0,1.0
60493.0,33.0,2.0,29.33,124.0,0,60.0,0,0,47756.89245,86.0,3.0
60494.0,36.0,1.0,27.03,121.0,0,60.0,0,0,32902.441091,78.0,2.0
60498.0,34.0,1.0,23.72,114.0,0,60.0,0,0,25129.664069,78.0,1.0
60499.0,51.0,2.0,22.55,109.0,0,60.0,0,0,92063.343443,85.0,2.0
60500.0,37.0,2.0,34.94,131.0,0,60.0,0,0,25966.025398,84.0,1.0
60501.0,60.0,1.0,27.36,129.0,0,60.0,0,0,55613.441061,86.0,1.0
60502.0,55.0,1.0,24.75,124.0,0,60.0,0,0,9605.662605,86.0,3.0
60503.0,21.0,1.0,27.57,123.0,0,60.0,0,0,25757.29763,79.0,1.0
60506.0,62.0,2.0,47.22,123.0,0,60.0,0,0,15361.086222,80.0,1.0
60507.0,80.0,1.0,22.4,112.0,0,60.0,0,0,10540.567732,78.0,1.0
60508.0,30.0,2.0,30.02,110.0,0,60.0,0,0,15101.432598,88.0,2.0
60513.0,62.0,1.0,24.73,13.0,1,13.0,1,1,61916.952446,75.0,1.0
60516.0,66.0,1.0,25.26,78.0,1,60.0,0,0,21723.44348,75.0,2.0
60517.0,50.0,1.0,27.76,131.0,0,60.0,0,0,13621.741028,76.0,2.0
60519.0,50.0,1.0,26.77,132.0,0,60.0,0,0,20180.207538,75.0,2.0
60520.0,53.0,1.0,20.17,24.0,1,24.0,1,1,16657.862185,89.0,1.0
60521.0,22.0,1.0,21.15,112.0,0,60.0,0,0,24843.884673,88.0,1.0
60524.0,19.0,1.0,23.56,108.0,0,60.0,0,0,11656.889125,85.0,2.0
60525.0,70.0,1.0,19.14,129.0,0,60.0,0,0,9741.625189,86.0,1.0
60526.0,32.0,1.0,26.4,114.0,0,60.0,0,0,25435.818025,78.0,1.0
60528.0,78.0,2.0,26.39,115.0,0,60.0,0,0,37981.69775,87.0,2.0
60529.0,28.0,1.0,26.77,124.0,0,60.0,0,0,96231.37019,77.0,1.0
60531.0,43.0,1.0,26.26,117.0,0,60.0,0,0,27932.217099,77.0,2.0
60533.0,60.0,2.0,22.92,117.0,0,60.0,0,0,67490.818023,87.0,2.0
60535.0,71.0,1.0,26.22,115.0,0,60.0,0,0,15851.39333,83.0,2.0
60536.0,28.0,2.0,28.88,127.0,0,60.0,0,0,35576.626992,82.0,2.0
60537.0,57.0,2.0,41.05,109.0,0,60.0,0,0,24823.037882,88.0,2.0
60540.0,34.0,2.0,28.47,115.0,0,60.0,0,0,75888.916793,87.0,1.0
60542.0,25.0,1.0,27.23,128.0,0,60.0,0,0,20942.267999,86.0,1.0
60543.0,20.0,1.0,41.63,122.0,0,60.0,0,0,90637.144281,80.0,2.0
60544.0,33.0,2.0,19.55,129.0,0,60.0,0,0,22312.481006,82.0,1.0
60545.0,53.0,1.0,25.73,115.0,0,60.0,0,0,101200.947582,77.0,2.0
60546.0,32.0,1.0,25.16,123.0,0,60.0,0,0,90136.964446,77.0,1.0
60549.0,34.0,1.0,23.81,117.0,0,60.0,0,0,33128.491208,77.0,2.0
60550.0,31.0,1.0,26.52,52.0,1,52.0,1,1,68573.493519,82.0,1.0
60551.0,68.0,2.0,41.27,120.0,0,60.0,0,0,58315.346509,80.0,1.0
60553.0,75.0,1.0,24.7,88.0,1,60.0,0,0,10143.67545,86.0,1.0
60555.0,51.0,2.0,23.95,123.0,0,60.0,0,0,79719.201422,80.0,1.0
60556.0,62.0,1.0,26.61,123.0,0,60.0,0,0,62920.012242,79.0,1.0
60557.0,68.0,1.0,19.33,111.0,0,60.0,0,0,7880.264766,78.0,1.0
60558.0,78.0,1.0,22.29,86.0,1,60.0,0,0,10249.464781,81.0,2.0
60559.0,42.0,2.0,28.94,117.0,0,60.0,0,0,86576.383051,77.0,2.0
60560.0,21.0,1.0,23.6,123.0,0,60.0,0,0,29193.681764,79.0,1.0
60562.0,49.0,1.0,27.87,122.0,0,60.0,0,0,28419.766067,78.0,2.0
60564.0,60.0,2.0,20.22,120.0,0,60.0,0,0,20796.775893,76.0,1.0
60566.0,25.0,1.0,31.64,128.0,0,60.0,0,0,92725.3926,86.0,1.0
60567.0,65.0,2.0,44.4,112.0,0,60.0,0,0,5642.636108,88.0,1.0
60568.0,30.0,1.0,30.59,118.0,0,60.0,0,0,18854.3858,84.0,2.0
60569.0,49.0,1.0,39.6,122.0,0,60.0,0,0,70395.682258,80.0,1.0
60570.0,18.0,1.0,23.42,121.0,0,60.0,0,0,17085.538324,78.0,2.0
60571.0,24.0,2.0,33.33,124.0,0,60.0,0,0,23847.493577,89.0,2.0
60573.0,18.0,1.0,26.78,118.0,1,60.0,0,0,8553.312408,86.0,3.0
60576.0,31.0,1.0,23.26,121.0,0,60.0,0,0,33061.224604,78.0,2.0
60577.0,65.0,2.0,34.61,131.0,0,60.0,0,0,5821.57009,75.0,2.0
60579.0,23.0,2.0,25.86,119.0,0,60.0,0,0,73507.664645,76.0,1.0
60583.0,62.0,1.0,30.97,113.0,0,60.0,0,0,59368.56666,76.0,2.0
60584.0,43.0,1.0,32.68,113.0,0,60.0,0,0,28613.871158,83.0,2.0
60585.0,25.0,1.0,26.03,115.0,0,60.0,0,0,27343.630205,87.0,2.0
60586.0,64.0,1.0,25.84,114.0,0,60.0,0,0,60762.062662,87.0,2.0
60587.0,56.0,1.0,28.12,111.0,0,60.0,0,0,11483.439467,88.0,2.0
60588.0,19.0,1.0,25.04,114.0,0,60.0,0,0,11640.155778,86.0,2.0
60590.0,56.0,1.0,24.14,104.0,1,60.0,0,0,17231.596197,80.0,1.0
60592.0,21.0,1.0,21.24,112.0,0,60.0,0,0,25442.668401,78.0,1.0
60594.0,20.0,1.0,18.4,129.0,0,60.0,0,0,92886.590195,86.0,1.0
60598.0,80.0,1.0,32.94,76.0,1,60.0,0,0,21202.299809,77.0,1.0
60599.0,50.0,2.0,24.11,112.0,1,60.0,0,0,109191.710721,80.0,2.0
60601.0,51.0,1.0,32.15,95.0,1,60.0,0,0,11822.128672,86.0,2.0
60603.0,29.0,1.0,30.28,110.0,0,60.0,0,0,110551.541064,83.0,1.0
60605.0,35.0,1.0,24.58,110.0,0,60.0,0,0,19679.777822,88.0,1.0
60606.0,32.0,2.0,29.65,130.0,0,60.0,0,0,53978.982896,84.0,1.0
60607.0,70.0,2.0,29.62,115.0,0,60.0,0,0,11069.69249,86.0,2.0
60609.0,18.0,1.0,19.99,113.0,0,60.0,0,0,10453.410708,88.0,1.0
60610.0,18.0,2.0,32.59,128.0,0,60.0,0,0,18495.364786,81.0,2.0
60611.0,22.0,2.0,19.97,123.0,0,60.0,0,0,76905.601257,79.0,1.0
60612.0,45.0,2.0,25.39,123.0,0,60.0,0,0,75240.005755,77.0,1.0
60616.0,30.0,1.0,21.87,122.0,0,60.0,0,0,14122.836195,80.0,1.0
60618.0,65.0,2.0,29.4,118.0,0,60.0,0,0,8567.6299,75.0,1.0
60619.0,49.0,1.0,25.88,122.0,0,60.0,0,0,22608.618809,80.0,2.0
60623.0,18.0,2.0,17.14,114.0,0,60.0,0,0,13779.751997,82.0,2.0
60626.0,24.0,2.0,21.84,114.0,0,60.0,0,0,18331.631148,78.0,1.0
60627.0,29.0,1.0,30.27,120.0,0,60.0,0,0,31812.635595,75.0,1.0
60628.0,60.0,1.0,40.33,109.0,0,60.0,0,0,7737.568458,81.0,1.0
60629.0,62.0,2.0,26.58,131.0,0,60.0,0,0,15659.991046,75.0,2.0
60630.0,29.0,2.0,27.99,127.0,0,60.0,0,0,33081.734275,82.0,2.0
60631.0,27.0,2.0,25.94,112.0,0,60.0,0,0,18712.066089,78.0,1.0
60632.0,29.0,2.0,23.82,110.0,0,60.0,0,0,32715.352742,83.0,1.0
60635.0,76.0,2.0,34.38,110.0,0,60.0,0,0,11478.900917,88.0,2.0
60636.0,43.0,1.0,24.21,122.0,0,60.0,0,0,28419.766067,78.0,2.0
60638.0,67.0,1.0,34.43,80.0,1,60.0,0,0,16431.333354,80.0,1.0
60639.0,49.0,1.0,29.21,128.0,0,60.0,0,0,19566.546628,86.0,1.0
60640.0,62.0,1.0,25.76,119.0,0,60.0,0,0,21387.731102,79.0,2.0
60642.0,29.0,1.0,27.54,126.0,0,60.0,0,0,37233.764721,82.0,2.0
60643.0,71.0,2.0,29.36,129.0,0,60.0,0,0,20758.149798,86.0,1.0
60644.0,50.0,2.0,35.48,123.0,0,60.0,0,0,96228.548493,77.0,1.0
60646.0,33.0,2.0,34.91,114.0,0,60.0,0,0,36330.97264,83.0,2.0
60649.0,26.0,2.0,21.26,127.0,0,60.0,0,0,77028.508346,82.0,1.0
60650.0,55.0,1.0,30.42,100.0,1,60.0,0,0,24081.683608,83.0,2.0
60652.0,22.0,1.0,22.18,123.0,0,60.0,0,0,29193.681764,79.0,1.0
60653.0,50.0,2.0,27.64,122.0,0,60.0,0,0,14378.292026,78.0,2.0
60654.0,19.0,2.0,22.68,124.0,0,60.0,0,0,57263.188647,77.0,1.0
60655.0,69.0,1.0,20.27,122.0,0,60.0,0,0,54784.845182,77.0,1.0
60658.0,55.0,1.0,26.57,118.0,0,60.0,0,0,95390.188569,76.0,1.0
60660.0,43.0,2.0,31.46,91.0,1,60.0,0,0,19231.099573,81.0,1.0
60661.0,22.0,1.0,28.05,108.0,0,60.0,0,0,27726.374401,85.0,2.0
60663.0,45.0,2.0,35.91,108.0,0,60.0,0,0,26829.082247,81.0,1.0
60664.0,70.0,2.0,45.17,116.0,0,60.0,0,0,36266.584603,89.0,1.0
60665.0,33.0,1.0,27.52,124.0,0,60.0,0,0,52169.443051,86.0,3.0
60666.0,59.0,2.0,25.9,123.0,0,60.0,0,0,72531.030881,86.0,3.0
60667.0,71.0,2.0,27.34,124.0,0,60.0,0,0,11478.900917,88.0,2.0
60668.0,71.0,2.0,23.4,115.0,0,60.0,0,0,48417.309426,83.0,2.0
60670.0,27.0,1.0,30.77,129.0,0,60.0,0,0,89560.781305,76.0,2.0
60673.0,52.0,2.0,34.12,112.0,0,60.0,0,0,9637.428563,88.0,1.0
60676.0,58.0,2.0,46.42,20.0,1,20.0,1,1,12091.865593,86.0,2.0
60677.0,46.0,1.0,20.76,129.0,0,60.0,0,0,78911.724158,86.0,1.0
60679.0,21.0,1.0,18.93,130.0,0,60.0,0,0,23291.599402,84.0,1.0
60680.0,48.0,1.0,25.23,114.0,0,60.0,0,0,23715.458562,87.0,1.0
60681.0,60.0,1.0,34.56,120.0,0,60.0,0,0,5606.604384,76.0,1.0
60682.0,46.0,2.0,26.13,124.0,0,60.0,0,0,70653.154593,79.0,1.0
60685.0,30.0,1.0,36.62,118.0,0,60.0,0,0,30101.236356,79.0,2.0
60689.0,65.0,2.0,32.11,111.0,0,60.0,0,0,69271.720998,88.0,2.0
60690.0,35.0,1.0,23.02,120.0,0,60.0,0,0,33178.411806,78.0,2.0
60693.0,40.0,2.0,33.47,110.0,0,60.0,0,0,15984.23301,83.0,1.0
60694.0,63.0,1.0,20.86,81.0,1,60.0,0,0,19098.949511,82.0,1.0
60696.0,44.0,1.0,26.63,126.0,0,60.0,0,0,20517.18759,82.0,2.0
60697.0,21.0,2.0,16.78,114.0,0,60.0,0,0,69859.569934,86.0,2.0
60698.0,60.0,2.0,22.83,108.0,0,60.0,0,0,67032.592835,85.0,2.0
60699.0,30.0,1.0,25.73,116.0,0,60.0,0,0,19476.746003,77.0,2.0
60700.0,40.0,2.0,18.42,122.0,0,60.0,0,0,19657.057397,80.0,2.0
60702.0,33.0,2.0,21.94,115.0,0,60.0,0,0,20463.530223,86.0,2.0
60705.0,60.0,2.0,30.79,113.0,0,60.0,0,0,5941.801085,88.0,1.0
60706.0,50.0,2.0,24.88,117.0,0,60.0,0,0,30223.31635,79.0,2.0
60707.0,34.0,1.0,23.03,127.0,0,60.0,0,0,18239.134291,82.0,2.0
60709.0,51.0,2.0,37.27,115.0,0,60.0,0,0,8146.09673,89.0,1.0
60710.0,19.0,2.0,23.11,124.0,0,60.0,0,0,9702.145248,89.0,2.0
60711.0,30.0,2.0,38.27,119.0,0,60.0,0,0,31182.470273,75.0,1.0
60713.0,68.0,1.0,28.7,118.0,0,60.0,0,0,9928.558508,84.0,2.0
60715.0,34.0,1.0,27.18,131.0,0,60.0,0,0,15455.722014,75.0,2.0
60717.0,39.0,1.0,28.21,126.0,0,60.0,0,0,34245.695441,82.0,2.0
60718.0,44.0,2.0,30.08,130.0,0,60.0,0,0,26667.863366,84.0,1.0
60719.0,80.0,1.0,18.15,122.0,0,60.0,0,0,10034.414443,88.0,2.0
60721.0,40.0,1.0,25.59,123.0,0,60.0,0,0,82662.426594,79.0,1.0
60722.0,39.0,1.0,51.46,110.0,0,60.0,0,0,33986.464261,83.0,1.0
60724.0,47.0,2.0,28.61,130.0,0,60.0,0,0,23925.794123,75.0,2.0
60725.0,28.0,2.0,23.2,131.0,0,60.0,0,0,35525.659588,75.0,2.0
60727.0,21.0,1.0,22.97,122.0,0,60.0,0,0,30178.672311,80.0,2.0
60729.0,23.0,2.0,27.39,122.0,0,60.0,0,0,76883.513859,77.0,1.0
60734.0,66.0,1.0,28.12,100.0,1,60.0,0,0,10764.521923,82.0,1.0
60735.0,75.0,1.0,22.43,127.0,0,60.0,0,0,32931.023461,81.0,2.0
60737.0,80.0,1.0,20.25,4.0,1,4.0,1,1,12892.100971,76.0,2.0
60738.0,67.0,2.0,49.47,122.0,0,60.0,0,0,21662.492013,80.0,2.0
60740.0,26.0,2.0,17.7,119.0,0,60.0,0,0,68842.397129,76.0,1.0
60741.0,40.0,1.0,29.89,114.0,0,60.0,0,0,19363.759111,78.0,1.0
60742.0,31.0,2.0,20.89,118.0,0,60.0,0,0,73726.740832,77.0,2.0
60743.0,37.0,2.0,33.29,128.0,0,60.0,0,0,31089.71015,82.0,1.0
60747.0,23.0,2.0,19.0,127.0,0,60.0,0,0,30968.884741,81.0,2.0
60748.0,61.0,2.0,46.97,129.0,0,60.0,0,0,15497.580757,84.0,1.0
60749.0,51.0,2.0,30.83,109.0,0,60.0,0,0,13556.336626,81.0,1.0
60750.0,30.0,2.0,23.84,114.0,0,60.0,0,0,75525.958273,83.0,2.0
60751.0,59.0,1.0,27.92,128.0,0,60.0,0,0,10345.124313,82.0,1.0
60752.0,19.0,2.0,29.79,114.0,0,60.0,0,0,20768.421155,83.0,2.0
60753.0,66.0,2.0,31.96,122.0,0,60.0,0,0,59667.855973,80.0,1.0
60754.0,70.0,1.0,33.92,127.0,0,60.0,0,0,10249.464781,81.0,2.0
60755.0,21.0,1.0,19.17,112.0,0,60.0,0,0,86863.151419,88.0,1.0
60756.0,64.0,2.0,30.08,130.0,0,60.0,0,0,15146.292374,84.0,1.0
60758.0,67.0,1.0,23.59,124.0,0,60.0,0,0,17350.454153,77.0,1.0
60759.0,80.0,1.0,28.65,90.0,1,60.0,0,0,19593.072215,77.0,1.0
60760.0,66.0,1.0,23.49,122.0,0,60.0,0,0,23171.774599,80.0,2.0
60761.0,61.0,2.0,37.01,110.0,0,60.0,0,0,21641.273271,83.0,1.0
60762.0,27.0,1.0,22.21,108.0,0,60.0,0,0,26905.30091,85.0,2.0
60763.0,45.0,1.0,41.87,114.0,0,60.0,0,0,24022.121021,83.0,2.0
60765.0,58.0,1.0,32.35,121.0,0,60.0,0,0,24945.203374,78.0,2.0
60766.0,30.0,1.0,26.27,125.0,0,60.0,0,0,56502.621397,89.0,2.0
60769.0,24.0,2.0,20.63,114.0,0,60.0,0,0,25455.465852,78.0,1.0
60771.0,42.0,2.0,30.88,115.0,0,60.0,0,0,22004.736599,87.0,1.0
60772.0,71.0,2.0,26.47,119.0,0,60.0,0,0,44645.637846,79.0,2.0
60775.0,76.0,1.0,29.58,129.0,0,60.0,0,0,10341.056904,86.0,1.0
60778.0,53.0,2.0,26.53,118.0,0,60.0,0,0,24216.969057,84.0,2.0
60779.0,77.0,1.0,28.81,112.0,0,60.0,0,0,12832.306739,88.0,1.0
60782.0,41.0,2.0,22.29,123.0,0,60.0,0,0,62336.581801,79.0,1.0
60784.0,34.0,2.0,27.63,111.0,0,60.0,0,0,18108.840553,88.0,1.0
60785.0,48.0,1.0,25.94,112.0,0,60.0,0,0,18698.417079,88.0,2.0
60787.0,31.0,2.0,26.07,125.0,0,60.0,0,0,51077.07672,89.0,2.0
60788.0,61.0,1.0,38.73,124.0,0,60.0,0,0,10619.439934,79.0,1.0
60789.0,23.0,1.0,15.4,8.0,1,8.0,1,1,35164.926755,83.0,1.0
60791.0,54.0,2.0,31.53,119.0,0,60.0,0,0,18999.168205,75.0,1.0
60797.0,36.0,2.0,30.69,114.0,0,60.0,0,0,18625.872132,87.0,2.0
60799.0,76.0,1.0,35.92,123.0,0,60.0,0,0,36799.195814,79.0,1.0
60800.0,54.0,2.0,46.92,92.0,1,60.0,0,0,30593.227134,78.0,2.0
60801.0,20.0,2.0,22.99,115.0,0,60.0,0,0,29622.024227,87.0,2.0
60802.0,63.0,1.0,27.15,121.0,0,60.0,0,0,49641.833867,80.0,1.0
60803.0,53.0,1.0,26.65,122.0,0,60.0,0,0,89543.78448,77.0,1.0
60804.0,46.0,1.0,20.45,124.0,0,60.0,0,0,19567.327178,79.0,1.0
60805.0,65.0,2.0,35.11,125.0,0,60.0,0,0,17706.374761,86.0,3.0
60806.0,40.0,2.0,39.89,120.0,0,60.0,0,0,36343.314607,78.0,2.0
60807.0,29.0,2.0,26.76,128.0,0,60.0,0,0,21200.484115,82.0,2.0
60808.0,18.0,1.0,25.01,111.0,0,60.0,0,0,13440.856365,83.0,1.0
60810.0,38.0,2.0,32.04,124.0,0,60.0,0,0,59497.522458,79.0,1.0
60811.0,75.0,2.0,26.1,62.0,1,60.0,0,0,16552.876154,86.0,3.0
60812.0,74.0,2.0,25.57,128.0,0,60.0,0,0,21160.969531,86.0,1.0
60816.0,39.0,2.0,21.24,120.0,0,60.0,0,0,74179.149936,78.0,2.0
60817.0,40.0,1.0,25.24,110.0,0,60.0,0,0,23879.45822,83.0,1.0
60820.0,64.0,2.0,34.21,22.0,1,22.0,1,1,8567.6299,75.0,1.0
60824.0,32.0,2.0,29.1,111.0,0,60.0,0,0,20641.810333,85.0,1.0
60827.0,72.0,1.0,31.23,111.0,0,60.0,0,0,23591.577327,88.0,1.0
60828.0,39.0,2.0,20.64,119.0,0,60.0,0,0,69108.500669,79.0,2.0
60829.0,58.0,1.0,24.51,117.0,0,60.0,0,0,103268.230044,77.0,2.0
60833.0,52.0,1.0,21.23,131.0,0,60.0,0,0,27087.763393,75.0,2.0
60836.0,30.0,1.0,23.54,120.0,0,60.0,0,0,62271.42409,76.0,1.0
60837.0,25.0,1.0,27.78,122.0,0,60.0,0,0,38714.48131,75.0,1.0
60838.0,29.0,1.0,35.03,108.0,0,60.0,0,0,29081.863081,81.0,1.0
60839.0,42.0,2.0,29.63,115.0,0,60.0,0,0,17361.209897,86.0,2.0
60840.0,63.0,2.0,21.58,114.0,0,60.0,0,0,77986.774013,83.0,2.0
60842.0,48.0,2.0,45.59,112.0,0,60.0,0,0,27466.731558,78.0,1.0
60844.0,45.0,2.0,25.89,112.0,0,60.0,0,0,26102.697054,78.0,1.0
60845.0,64.0,2.0,27.71,128.0,0,60.0,0,0,6876.207042,82.0,1.0
60847.0,53.0,2.0,28.32,120.0,0,60.0,0,0,79719.201422,80.0,1.0
60848.0,80.0,1.0,25.56,30.0,1,30.0,1,1,22911.284961,85.0,2.0
60850.0,38.0,2.0,22.88,125.0,0,60.0,0,0,41887.382839,89.0,2.0
60851.0,25.0,1.0,23.14,128.0,0,60.0,0,0,23063.193795,86.0,1.0
60853.0,32.0,2.0,38.95,110.0,0,60.0,0,0,21432.603538,83.0,1.0
60854.0,61.0,2.0,38.71,127.0,0,60.0,0,0,64992.272554,81.0,2.0
60856.0,46.0,2.0,28.77,117.0,0,60.0,0,0,20394.232563,77.0,2.0
60860.0,39.0,2.0,26.43,112.0,0,60.0,0,0,48835.34269,88.0,1.0
60861.0,34.0,2.0,41.94,123.0,0,60.0,0,0,25535.793785,79.0,1.0
60863.0,52.0,2.0,31.27,110.0,0,60.0,0,0,21713.840153,83.0,1.0
60864.0,33.0,1.0,26.31,128.0,0,60.0,0,0,20802.659837,81.0,2.0
60865.0,25.0,2.0,22.75,109.0,0,60.0,0,0,67140.071812,85.0,1.0
60866.0,56.0,1.0,26.99,126.0,0,60.0,0,0,20166.788583,83.0,2.0
60867.0,62.0,1.0,28.77,108.0,0,60.0,0,0,60349.521987,85.0,2.0
60870.0,60.0,1.0,18.76,116.0,0,60.0,0,0,6291.621749,89.0,1.0
60871.0,48.0,1.0,34.93,120.0,0,60.0,0,0,96096.130252,78.0,2.0
60873.0,58.0,2.0,23.71,126.0,0,60.0,0,0,114618.629798,82.0,2.0
60874.0,28.0,2.0,27.47,115.0,0,60.0,0,0,22309.405483,87.0,2.0
60875.0,80.0,2.0,29.72,126.0,0,60.0,0,0,33497.403275,77.0,1.0
60877.0,69.0,1.0,26.2,117.0,0,60.0,0,0,7591.775942,77.0,2.0
60881.0,45.0,2.0,27.01,118.0,0,60.0,0,0,21284.906566,75.0,1.0
60882.0,32.0,1.0,42.27,115.0,0,60.0,0,0,26792.411843,86.0,2.0
60883.0,47.0,2.0,37.82,126.0,0,60.0,0,0,23076.394545,82.0,2.0
60887.0,25.0,2.0,18.21,124.0,0,60.0,0,0,18279.038778,89.0,2.0
60888.0,19.0,2.0,33.94,117.0,0,60.0,0,0,60501.107629,83.0,1.0
60889.0,23.0,1.0,26.87,117.0,0,60.0,0,0,39524.740763,75.0,1.0
60891.0,46.0,2.0,33.43,112.0,0,60.0,0,0,11633.806706,88.0,2.0
60893.0,66.0,2.0,18.17,115.0,0,60.0,0,0,67490.818023,87.0,2.0
60894.0,37.0,2.0,46.29,118.0,0,60.0,0,0,28232.49081,84.0,2.0
60895.0,71.0,2.0,36.04,120.0,0,60.0,0,0,35645.410956,80.0,1.0
60896.0,60.0,1.0,32.25,122.0,0,60.0,0,0,13060.041628,80.0,2.0
60898.0,26.0,2.0,43.32,113.0,0,60.0,0,0,17467.427992,88.0,1.0
60899.0,64.0,2.0,31.44,126.0,0,60.0,0,0,66402.459548,77.0,1.0
60901.0,57.0,1.0,28.97,115.0,0,60.0,0,0,11822.128672,86.0,2.0
60902.0,49.0,2.0,55.6,115.0,0,60.0,0,0,18220.528013,87.0,2.0
60903.0,71.0,1.0,36.72,122.0,0,60.0,0,0,9054.477513,80.0,1.0
60905.0,46.0,1.0,31.5,92.0,1,60.0,0,0,15845.945448,86.0,3.0
60906.0,78.0,1.0,20.19,128.0,0,60.0,0,0,42248.55886,82.0,2.0
60908.0,72.0,1.0,28.69,14.0,1,14.0,1,1,10828.595761,76.0,2.0
60909.0,76.0,1.0,29.27,15.0,1,15.0,1,1,31906.735861,86.0,1.0
60910.0,36.0,1.0,27.66,112.0,0,60.0,0,0,20515.158821,88.0,1.0
60911.0,32.0,2.0,23.51,123.0,0,60.0,0,0,52494.07754,79.0,1.0
60912.0,25.0,2.0,26.93,111.0,0,60.0,0,0,17467.427992,88.0,1.0
60913.0,32.0,1.0,19.82,118.0,0,60.0,0,0,56137.422196,76.0,1.0
60914.0,62.0,2.0,31.33,120.0,0,60.0,0,0,7921.851507,75.0,1.0
60916.0,44.0,1.0,26.41,119.0,0,60.0,0,0,87735.097563,79.0,2.0
60918.0,79.0,1.0,30.29,130.0,0,60.0,0,0,29919.638147,84.0,1.0
60922.0,39.0,1.0,38.52,125.0,0,60.0,0,0,28457.847841,83.0,1.0
60923.0,64.0,2.0,34.44,130.0,0,60.0,0,0,56822.323859,84.0,1.0
60925.0,46.0,2.0,34.63,111.0,0,60.0,0,0,14357.518355,88.0,2.0
60927.0,20.0,1.0,19.25,128.0,0,60.0,0,0,29577.066079,82.0,1.0
60931.0,21.0,2.0,23.54,123.0,0,60.0,0,0,25616.408741,79.0,1.0
60932.0,47.0,2.0,35.08,109.0,0,60.0,0,0,19231.099573,81.0,1.0
60933.0,42.0,1.0,31.02,111.0,0,60.0,0,0,16557.906564,88.0,1.0
60934.0,49.0,1.0,32.39,124.0,0,60.0,0,0,81895.402401,77.0,1.0
60938.0,20.0,2.0,33.19,115.0,0,60.0,0,0,25958.918344,87.0,1.0
60940.0,61.0,2.0,24.92,92.0,1,60.0,0,0,20205.043843,80.0,1.0
60942.0,19.0,2.0,18.64,121.0,0,60.0,0,0,18883.641226,78.0,2.0
60944.0,48.0,2.0,38.0,127.0,0,60.0,0,0,83895.254212,81.0,2.0
60946.0,68.0,1.0,28.12,115.0,0,60.0,0,0,8445.589375,82.0,2.0
60947.0,22.0,1.0,35.78,118.0,0,60.0,0,0,19577.299198,84.0,2.0
60948.0,68.0,1.0,30.22,128.0,0,60.0,0,0,10973.984163,82.0,1.0
60950.0,51.0,1.0,29.54,122.0,0,60.0,0,0,16417.201368,80.0,1.0
60951.0,24.0,1.0,27.92,110.0,0,60.0,0,0,23157.369189,81.0,1.0
60953.0,53.0,1.0,24.61,101.0,1,60.0,0,0,17126.695224,84.0,1.0
60954.0,30.0,1.0,39.28,130.0,0,60.0,0,0,27516.988161,75.0,2.0
60956.0,69.0,2.0,32.83,111.0,0,60.0,0,0,6323.300843,88.0,2.0
60957.0,41.0,2.0,26.23,108.0,0,60.0,0,0,18820.44423,85.0,2.0
60958.0,80.0,1.0,29.07,35.0,1,35.0,1,1,9780.10843,85.0,1.0
60963.0,40.0,2.0,45.25,123.0,0,60.0,0,0,23499.838461,77.0,1.0
60964.0,50.0,2.0,25.87,115.0,0,60.0,0,0,21800.840156,78.0,1.0
60967.0,30.0,1.0,23.75,120.0,0,60.0,0,0,19476.746003,76.0,1.0
60969.0,64.0,1.0,39.89,112.0,0,60.0,0,0,6426.606351,88.0,1.0
60970.0,31.0,1.0,34.28,130.0,0,60.0,0,0,15464.412576,84.0,1.0
60971.0,64.0,1.0,23.83,26.0,1,26.0,1,1,55670.350052,86.0,2.0
60972.0,43.0,1.0,19.11,129.0,0,60.0,0,0,16756.11686,84.0,1.0
60973.0,42.0,2.0,21.9,116.0,0,60.0,0,0,21052.826838,77.0,2.0
60974.0,24.0,2.0,31.55,119.0,0,60.0,0,0,33007.885293,75.0,1.0
60975.0,80.0,1.0,30.23,126.0,0,60.0,0,0,21791.053723,81.0,2.0
60976.0,80.0,1.0,25.37,69.0,1,60.0,0,0,11597.996483,86.0,1.0
60977.0,67.0,2.0,42.27,88.0,1,60.0,0,0,57924.982501,84.0,1.0
60979.0,36.0,2.0,21.64,118.0,0,60.0,0,0,18266.025284,84.0,2.0
60980.0,37.0,1.0,25.03,109.0,0,60.0,0,0,62622.748131,85.0,1.0
60982.0,52.0,1.0,25.7,118.0,0,60.0,0,0,21593.236365,79.0,2.0
60984.0,30.0,2.0,36.13,118.0,0,60.0,0,0,28232.49081,84.0,2.0
60985.0,18.0,1.0,27.35,120.0,0,60.0,0,0,11226.028306,75.0,1.0
60986.0,65.0,1.0,23.58,121.0,0,60.0,0,0,11071.371044,78.0,2.0
60989.0,48.0,1.0,32.05,117.0,0,60.0,0,0,23620.047773,77.0,2.0
60990.0,34.0,1.0,28.32,117.0,0,60.0,0,0,29242.895109,87.0,2.0
60991.0,49.0,1.0,26.6,108.0,0,60.0,0,0,15989.393546,85.0,2.0
60993.0,31.0,2.0,21.33,124.0,0,60.0,0,0,48622.528987,86.0,3.0
60994.0,60.0,1.0,30.55,121.0,0,60.0,0,0,11286.80413,78.0,2.0
60995.0,70.0,1.0,39.78,72.0,1,60.0,0,0,16158.995601,83.0,2.0
60998.0,60.0,2.0,52.49,125.0,0,60.0,0,0,5704.537759,89.0,2.0
60999.0,18.0,1.0,31.09,122.0,0,60.0,0,0,16479.310018,78.0,2.0
61000.0,34.0,2.0,48.07,127.0,0,60.0,0,0,22407.236696,81.0,2.0
61001.0,41.0,1.0,23.87,122.0,0,60.0,0,0,22608.618809,80.0,2.0
61006.0,75.0,1.0,28.69,128.0,0,60.0,0,0,35141.525644,82.0,1.0
61007.0,41.0,1.0,30.56,124.0,0,60.0,0,0,20306.364191,77.0,1.0
61009.0,80.0,1.0,33.22,129.0,0,60.0,0,0,23469.082177,76.0,2.0
61011.0,80.0,2.0,23.81,110.0,0,60.0,0,0,44526.989321,83.0,1.0
61015.0,22.0,2.0,22.81,114.0,0,60.0,0,0,68924.740929,86.0,2.0
61019.0,25.0,2.0,29.58,125.0,0,60.0,0,0,27773.907929,77.0,1.0
61020.0,55.0,1.0,29.03,133.0,0,60.0,0,0,118993.77516,75.0,2.0
61021.0,61.0,2.0,29.31,120.0,0,60.0,0,0,61415.309874,76.0,1.0
61023.0,21.0,2.0,50.52,129.0,0,60.0,0,0,27063.083428,86.0,1.0
61025.0,25.0,2.0,22.14,127.0,0,60.0,0,0,84201.594123,81.0,2.0
61026.0,53.0,1.0,41.0,111.0,0,60.0,0,0,11516.018157,85.0,1.0
61027.0,19.0,2.0,33.18,122.0,0,60.0,0,0,42164.850451,80.0,1.0
61029.0,62.0,1.0,30.08,125.0,0,60.0,0,0,5585.808017,78.0,1.0
61031.0,25.0,1.0,23.39,118.0,0,60.0,0,0,24595.780238,84.0,2.0
61033.0,47.0,2.0,32.95,111.0,0,60.0,0,0,27109.229202,85.0,1.0
61035.0,28.0,1.0,28.37,118.0,0,60.0,0,0,103601.911633,79.0,2.0
61036.0,37.0,1.0,49.62,118.0,0,60.0,0,0,28942.575331,84.0,2.0
61037.0,38.0,2.0,20.87,117.0,0,60.0,0,0,22459.008911,77.0,2.0
61040.0,19.0,1.0,29.59,110.0,0,60.0,0,0,10162.123655,88.0,2.0
61041.0,41.0,2.0,28.74,119.0,0,60.0,0,0,85417.857252,77.0,2.0
61042.0,34.0,2.0,19.13,111.0,0,60.0,0,0,51176.388512,88.0,1.0
61044.0,41.0,2.0,24.8,128.0,0,60.0,0,0,30453.858214,86.0,1.0
61048.0,54.0,1.0,22.44,109.0,0,60.0,0,0,90003.659124,85.0,2.0
61049.0,69.0,1.0,26.29,48.0,1,48.0,1,1,7200.115955,81.0,1.0
61051.0,44.0,2.0,23.35,120.0,0,60.0,0,0,86519.30926,78.0,2.0
61052.0,47.0,1.0,23.79,123.0,0,60.0,0,0,21427.684528,77.0,1.0
61053.0,78.0,1.0,29.95,22.0,1,22.0,1,1,11329.112652,84.0,1.0
61054.0,18.0,2.0,28.95,121.0,0,60.0,0,0,20336.491404,78.0,2.0
61057.0,24.0,2.0,23.92,114.0,0,60.0,0,0,34580.704351,83.0,2.0
61058.0,31.0,1.0,39.62,130.0,0,60.0,0,0,23817.094228,84.0,1.0
61059.0,36.0,1.0,28.63,126.0,0,60.0,0,0,55300.437963,89.0,2.0
61060.0,36.0,2.0,26.14,112.0,0,60.0,0,0,28833.699747,88.0,1.0
61061.0,80.0,1.0,27.68,127.0,0,60.0,0,0,22970.669999,81.0,2.0
61062.0,72.0,2.0,27.2,127.0,0,60.0,0,0,38087.107887,81.0,2.0
61063.0,71.0,2.0,22.88,109.0,0,60.0,0,0,21141.633727,85.0,2.0
61065.0,44.0,1.0,28.06,117.0,0,60.0,0,0,18517.344718,84.0,2.0
61069.0,38.0,1.0,31.55,129.0,0,60.0,0,0,68882.984455,76.0,2.0
61070.0,18.0,1.0,22.9,126.0,0,60.0,0,0,11084.299859,82.0,1.0
61071.0,80.0,1.0,31.5,132.0,0,60.0,0,0,25450.498903,75.0,2.0
61072.0,80.0,1.0,19.95,8.0,1,8.0,1,1,13827.829343,82.0,1.0
61073.0,70.0,1.0,26.54,118.0,0,60.0,0,0,35523.208227,77.0,2.0
61077.0,34.0,1.0,26.81,117.0,0,60.0,0,0,16093.817145,84.0,2.0
61078.0,65.0,1.0,32.58,116.0,0,60.0,0,0,61916.952446,77.0,2.0
61079.0,44.0,1.0,32.26,115.0,0,60.0,0,0,20509.60003,87.0,2.0
61080.0,46.0,1.0,32.42,118.0,0,60.0,0,0,20849.684194,87.0,2.0
61081.0,62.0,1.0,29.21,122.0,0,60.0,0,0,54784.845182,77.0,1.0
61082.0,27.0,2.0,53.27,129.0,0,60.0,0,0,25202.371212,84.0,1.0
61084.0,32.0,2.0,26.12,117.0,0,60.0,0,0,58037.693059,84.0,2.0
61085.0,51.0,2.0,24.91,114.0,0,60.0,0,0,108209.282855,83.0,2.0
61086.0,19.0,1.0,20.64,128.0,0,60.0,0,0,65301.859951,81.0,2.0
61088.0,64.0,2.0,35.56,110.0,0,60.0,0,0,80888.133133,83.0,1.0
61089.0,23.0,1.0,28.77,108.0,0,60.0,0,0,27726.374401,85.0,2.0
61090.0,28.0,2.0,20.97,114.0,0,60.0,0,0,24669.434332,87.0,1.0
61091.0,59.0,2.0,22.01,108.0,0,60.0,0,0,83098.701741,85.0,1.0
61094.0,41.0,1.0,26.85,109.0,0,60.0,0,0,18226.446244,85.0,1.0
61096.0,49.0,1.0,23.28,116.0,0,60.0,0,0,24597.681424,87.0,2.0
61097.0,26.0,1.0,27.16,117.0,0,60.0,0,0,26954.064989,84.0,2.0
61098.0,56.0,1.0,38.21,123.0,0,60.0,0,0,21085.283464,77.0,1.0
61102.0,62.0,1.0,27.27,121.0,0,60.0,0,0,11071.371044,78.0,2.0
61103.0,42.0,1.0,23.18,131.0,0,60.0,0,0,27378.199535,75.0,2.0
61104.0,47.0,2.0,28.21,129.0,0,60.0,0,0,17702.790493,86.0,1.0
61106.0,53.0,1.0,30.91,112.0,0,60.0,0,0,11572.031297,88.0,1.0
61107.0,32.0,1.0,30.33,133.0,0,60.0,0,0,17498.238159,75.0,2.0
61108.0,53.0,1.0,26.76,113.0,0,60.0,0,0,84942.315961,83.0,2.0
61110.0,58.0,2.0,41.09,126.0,0,60.0,0,0,28522.937384,81.0,2.0
61111.0,77.0,2.0,36.24,124.0,0,60.0,0,0,13223.365469,89.0,1.0
61115.0,18.0,1.0,29.38,110.0,0,60.0,0,0,13337.318063,81.0,1.0
61116.0,49.0,2.0,29.37,116.0,0,60.0,0,0,85417.857252,77.0,2.0
61118.0,18.0,1.0,18.03,114.0,0,60.0,0,0,11478.233436,86.0,2.0
61119.0,51.0,2.0,18.01,129.0,0,60.0,0,0,91691.203392,86.0,1.0
61120.0,28.0,1.0,19.32,123.0,0,60.0,0,0,80008.778915,79.0,1.0
61121.0,57.0,2.0,28.14,110.0,0,60.0,0,0,86709.864461,88.0,2.0
61123.0,80.0,1.0,30.82,59.0,1,59.0,1,1,21791.053723,81.0,2.0
61124.0,28.0,1.0,23.26,41.0,1,41.0,1,1,109182.958209,83.0,2.0
61125.0,19.0,2.0,27.91,116.0,0,60.0,0,0,18868.386207,77.0,2.0
61126.0,74.0,1.0,32.7,125.0,1,60.0,0,0,35823.460214,82.0,1.0
61127.0,38.0,1.0,34.4,111.0,0,60.0,0,0,52195.467501,88.0,1.0
61128.0,23.0,2.0,20.59,116.0,0,60.0,0,0,15859.558744,89.0,1.0
61130.0,18.0,2.0,47.97,121.0,0,60.0,0,0,18278.888755,78.0,2.0
61131.0,62.0,1.0,32.09,10.0,1,10.0,1,1,7931.238404,75.0,1.0
61132.0,46.0,2.0,84.87,113.0,0,60.0,0,0,36880.224998,83.0,2.0
61133.0,66.0,2.0,40.33,128.0,0,60.0,0,0,17057.398655,81.0,2.0
61134.0,38.0,2.0,38.69,108.0,0,60.0,0,0,23804.612833,81.0,1.0
61135.0,28.0,2.0,25.16,116.0,0,60.0,0,0,87870.000951,77.0,2.0
61139.0,20.0,2.0,27.16,115.0,0,60.0,0,0,25018.142429,87.0,1.0
61140.0,60.0,2.0,33.5,123.0,0,60.0,0,0,60851.686967,77.0,1.0
61141.0,61.0,1.0,21.19,119.0,0,60.0,0,0,52398.27782,84.0,2.0
61144.0,69.0,1.0,43.36,114.0,0,60.0,0,0,6710.314132,87.0,2.0
61145.0,32.0,1.0,25.98,130.0,0,60.0,0,0,18875.984973,76.0,2.0
61146.0,22.0,1.0,22.82,130.0,0,60.0,0,0,94304.955611,76.0,2.0
61148.0,36.0,2.0,26.76,122.0,0,60.0,0,0,63645.377006,77.0,1.0
61151.0,75.0,1.0,20.3,89.0,1,60.0,0,0,8948.469198,85.0,1.0
61153.0,30.0,1.0,28.97,131.0,0,60.0,0,0,23874.823219,84.0,1.0
61154.0,44.0,2.0,30.66,125.0,0,60.0,0,0,13949.293547,89.0,2.0
61155.0,63.0,2.0,37.62,111.0,0,60.0,0,0,80888.133133,83.0,1.0
61156.0,64.0,2.0,,122.0,0,60.0,0,0,16280.607991,77.0,1.0
61157.0,80.0,2.0,27.14,132.0,0,60.0,0,0,40989.383921,75.0,2.0
61159.0,30.0,2.0,15.95,121.0,0,60.0,0,0,43181.860913,80.0,1.0
61160.0,34.0,1.0,28.76,115.0,0,60.0,0,0,27118.823006,86.0,2.0
61161.0,43.0,2.0,22.72,132.0,0,60.0,0,0,98425.171965,75.0,2.0
61162.0,35.0,2.0,37.5,129.0,0,60.0,0,0,61051.755394,86.0,1.0
61163.0,48.0,2.0,32.11,126.0,0,60.0,0,0,22758.235199,82.0,2.0
61164.0,69.0,1.0,29.83,120.0,0,60.0,0,0,9590.4584,75.0,1.0
61165.0,35.0,2.0,25.31,116.0,0,60.0,0,0,14913.47286,89.0,1.0
61166.0,38.0,2.0,37.64,108.0,0,60.0,0,0,65846.13843,81.0,1.0
61167.0,41.0,1.0,24.22,111.0,0,60.0,0,0,72486.78935,85.0,1.0
61169.0,61.0,1.0,29.53,119.0,0,60.0,0,0,9590.4584,75.0,1.0
61172.0,55.0,2.0,23.02,124.0,0,60.0,0,0,71724.177475,86.0,3.0
61174.0,32.0,1.0,28.14,124.0,0,60.0,0,0,13780.597684,86.0,3.0
61175.0,44.0,2.0,23.41,116.0,0,60.0,0,0,21052.826838,77.0,2.0
61176.0,24.0,2.0,25.04,129.0,0,60.0,0,0,17455.637137,86.0,1.0
61178.0,64.0,1.0,36.57,94.0,1,60.0,0,0,6230.506123,89.0,2.0
61180.0,20.0,2.0,24.85,130.0,0,60.0,0,0,28780.312432,86.0,1.0
61181.0,50.0,1.0,26.28,131.0,0,60.0,0,0,28250.716608,75.0,2.0
61182.0,46.0,2.0,31.36,116.0,0,60.0,0,0,21052.826838,77.0,2.0
61183.0,64.0,2.0,47.09,34.0,1,34.0,1,1,21683.803117,83.0,2.0
61185.0,54.0,1.0,30.34,112.0,0,60.0,0,0,9731.188016,88.0,1.0
61189.0,37.0,2.0,23.39,117.0,0,60.0,0,0,25936.820943,87.0,1.0
61191.0,29.0,1.0,33.8,125.0,0,60.0,0,0,31652.47079,77.0,1.0
61192.0,60.0,2.0,31.2,130.0,0,60.0,0,0,65973.531845,76.0,2.0
61193.0,80.0,1.0,23.72,63.0,1,60.0,0,0,12773.832228,82.0,1.0
61194.0,80.0,2.0,35.41,29.0,1,29.0,1,1,34225.253111,76.0,1.0
61196.0,41.0,1.0,47.49,127.0,0,60.0,0,0,94749.208784,81.0,2.0
61200.0,51.0,2.0,37.32,127.0,0,60.0,0,0,25343.445888,82.0,1.0
61201.0,36.0,1.0,29.38,112.0,0,60.0,0,0,26569.519415,88.0,1.0
61202.0,50.0,2.0,28.09,115.0,0,60.0,0,0,11653.644872,86.0,2.0
61203.0,59.0,2.0,48.3,111.0,0,60.0,0,0,11067.318779,85.0,1.0
61204.0,80.0,1.0,19.53,25.0,1,25.0,1,1,23469.082177,77.0,1.0
61205.0,27.0,2.0,23.77,129.0,0,60.0,0,0,17455.637137,86.0,1.0
61206.0,66.0,1.0,25.89,126.0,0,60.0,0,0,10840.376763,81.0,2.0
61207.0,71.0,2.0,36.34,83.0,1,60.0,0,0,35645.410956,80.0,1.0
61208.0,44.0,2.0,25.5,122.0,0,60.0,0,0,20013.359204,80.0,2.0
61210.0,22.0,2.0,20.66,116.0,0,60.0,0,0,75228.724507,87.0,2.0
61211.0,44.0,2.0,17.75,121.0,0,60.0,0,0,14949.175432,80.0,1.0
61213.0,63.0,1.0,31.71,92.0,1,60.0,0,0,48938.26149,76.0,2.0
61215.0,43.0,1.0,32.53,130.0,0,60.0,0,0,20450.553653,84.0,1.0
61217.0,68.0,1.0,27.42,39.0,1,39.0,1,1,9131.507529,84.0,1.0
61219.0,68.0,2.0,28.48,117.0,0,60.0,0,0,5133.304707,84.0,2.0
61220.0,34.0,2.0,33.27,128.0,0,60.0,0,0,71929.361138,81.0,2.0
61221.0,40.0,2.0,26.6,106.0,1,60.0,0,0,81961.347896,80.0,2.0
61222.0,51.0,2.0,33.36,111.0,0,60.0,0,0,11556.695436,88.0,2.0
61223.0,37.0,2.0,28.81,115.0,0,60.0,0,0,22478.578291,87.0,1.0
61224.0,67.0,1.0,27.68,129.0,0,60.0,0,0,10576.929411,86.0,1.0
61227.0,61.0,2.0,28.29,123.0,0,60.0,0,0,69887.73768,79.0,1.0
61229.0,40.0,2.0,22.14,118.0,0,60.0,0,0,73773.739913,79.0,2.0
61230.0,65.0,2.0,40.98,122.0,0,60.0,0,0,77758.252044,80.0,2.0
61231.0,48.0,2.0,37.71,120.0,0,60.0,0,0,35219.407869,78.0,2.0
61232.0,72.0,2.0,28.17,128.0,0,60.0,0,0,13516.779452,82.0,2.0
61234.0,35.0,1.0,25.39,121.0,0,60.0,0,0,70628.249043,77.0,1.0
61235.0,35.0,2.0,27.72,120.0,0,60.0,0,0,16169.588736,80.0,1.0
61236.0,22.0,2.0,61.01,121.0,0,60.0,0,0,33283.978503,78.0,2.0
61237.0,37.0,1.0,33.35,119.0,0,60.0,0,0,25867.069216,84.0,2.0
61238.0,47.0,1.0,22.65,130.0,0,60.0,0,0,68566.199782,76.0,2.0
61239.0,56.0,2.0,34.6,111.0,0,60.0,0,0,77376.076869,88.0,2.0
61242.0,43.0,1.0,25.26,50.0,1,50.0,1,1,21301.379538,79.0,1.0
61244.0,80.0,2.0,20.03,91.0,1,60.0,0,0,29419.787565,88.0,2.0
61245.0,21.0,1.0,,110.0,0,60.0,0,0,84569.693675,88.0,2.0
61246.0,55.0,1.0,32.97,118.0,0,60.0,0,0,18621.612592,84.0,2.0
61248.0,60.0,2.0,31.52,29.0,1,29.0,1,1,15497.580757,84.0,1.0
61251.0,22.0,1.0,27.21,119.0,0,60.0,0,0,26858.862377,84.0,2.0
61252.0,37.0,1.0,35.06,121.0,0,60.0,0,0,33061.224604,78.0,2.0
61253.0,49.0,1.0,35.85,108.0,0,60.0,0,0,20283.608634,85.0,2.0
61257.0,40.0,2.0,48.54,130.0,0,60.0,0,0,83309.69139,76.0,2.0
61258.0,38.0,2.0,31.86,117.0,0,60.0,0,0,28986.630262,79.0,2.0
61259.0,49.0,1.0,19.75,123.0,0,60.0,0,0,15175.607764,89.0,1.0
61261.0,62.0,1.0,37.27,129.0,0,60.0,0,0,59035.504595,86.0,1.0
61265.0,70.0,1.0,30.75,99.0,1,60.0,0,0,41267.643323,87.0,1.0
61266.0,55.0,1.0,32.33,124.0,0,60.0,0,0,90382.442658,79.0,1.0
61268.0,22.0,2.0,32.64,115.0,0,60.0,0,0,24884.492985,87.0,1.0
61269.0,37.0,1.0,33.91,128.0,0,60.0,0,0,77176.460949,81.0,2.0
61270.0,49.0,2.0,19.16,125.0,0,60.0,0,0,76603.798386,77.0,1.0
61273.0,80.0,1.0,25.39,130.0,0,60.0,0,0,22538.871952,76.0,2.0
61274.0,19.0,2.0,35.55,116.0,0,60.0,0,0,11454.280699,89.0,1.0
61275.0,34.0,2.0,27.91,12.0,1,12.0,1,1,31502.078177,75.0,1.0
61276.0,59.0,1.0,27.17,109.0,0,60.0,0,0,13666.884857,81.0,1.0
61279.0,22.0,2.0,23.64,123.0,0,60.0,0,0,16373.672721,86.0,3.0
61280.0,55.0,2.0,22.11,124.0,0,60.0,0,0,95158.077948,77.0,1.0
61281.0,21.0,1.0,22.4,124.0,0,60.0,0,0,94304.955611,77.0,1.0
61283.0,26.0,1.0,29.95,107.0,0,60.0,0,0,23541.357885,81.0,1.0
61286.0,31.0,2.0,35.2,111.0,0,60.0,0,0,61425.654084,83.0,1.0
61289.0,26.0,2.0,26.03,119.0,0,60.0,0,0,73052.310158,79.0,2.0
61291.0,80.0,1.0,,27.0,1,27.0,1,1,22127.660898,76.0,1.0
61294.0,32.0,2.0,38.22,110.0,0,60.0,0,0,23407.555929,83.0,1.0
61296.0,25.0,1.0,55.27,112.0,0,60.0,0,0,21052.970542,88.0,1.0
61298.0,57.0,1.0,25.56,114.0,0,60.0,0,0,105231.671887,87.0,1.0
61300.0,39.0,2.0,24.7,131.0,0,60.0,0,0,61739.600243,75.0,2.0
61301.0,54.0,1.0,18.58,131.0,0,60.0,0,0,18014.411781,84.0,1.0
61302.0,28.0,1.0,29.63,128.0,0,60.0,0,0,94304.955611,76.0,2.0
61303.0,35.0,2.0,40.7,116.0,0,60.0,0,0,25936.820943,87.0,1.0
61304.0,19.0,2.0,25.04,132.0,0,60.0,0,0,15782.229474,75.0,2.0
61305.0,58.0,2.0,29.04,123.0,0,60.0,0,0,14378.292026,78.0,2.0
61306.0,55.0,2.0,25.75,26.0,1,26.0,1,1,29615.973733,83.0,2.0
61308.0,74.0,2.0,45.37,61.0,1,60.0,0,0,15110.45853,84.0,2.0
61311.0,80.0,1.0,28.42,55.0,1,55.0,1,1,23469.082177,77.0,1.0
61312.0,61.0,2.0,24.24,132.0,0,60.0,0,0,60851.686967,75.0,2.0
61314.0,18.0,2.0,30.39,110.0,0,60.0,0,0,19248.680372,83.0,1.0
61317.0,24.0,1.0,27.91,117.0,0,60.0,0,0,25576.622941,86.0,2.0
61319.0,30.0,2.0,25.26,111.0,0,60.0,0,0,15101.432598,88.0,1.0
61321.0,21.0,2.0,29.69,129.0,0,60.0,0,0,17388.359945,82.0,1.0
61322.0,42.0,1.0,28.31,129.0,0,60.0,0,0,80523.693485,86.0,1.0
61323.0,54.0,1.0,,115.0,0,60.0,0,0,15186.386639,77.0,2.0
61326.0,57.0,2.0,28.4,130.0,0,60.0,0,0,24911.53081,76.0,2.0
61327.0,56.0,2.0,30.47,125.0,0,60.0,0,0,26501.370023,83.0,1.0
61328.0,25.0,2.0,24.92,119.0,0,60.0,0,0,80493.876901,79.0,2.0
61329.0,61.0,1.0,29.67,127.0,0,60.0,0,0,57398.774363,81.0,2.0
61332.0,40.0,1.0,39.87,127.0,0,60.0,0,0,27557.819396,81.0,2.0
61333.0,40.0,1.0,28.42,122.0,0,60.0,0,0,28419.766067,78.0,2.0
61334.0,32.0,1.0,22.57,113.0,0,60.0,0,0,25435.818025,78.0,1.0
61336.0,66.0,1.0,30.05,127.0,0,60.0,0,0,9874.558493,83.0,2.0
61337.0,23.0,2.0,26.46,123.0,0,60.0,0,0,13797.69871,89.0,2.0
61338.0,58.0,1.0,23.81,108.0,0,60.0,0,0,13715.700749,81.0,1.0
61340.0,56.0,2.0,29.45,111.0,0,60.0,0,0,11193.671799,85.0,1.0
61342.0,38.0,2.0,37.81,122.0,0,60.0,0,0,18759.085729,80.0,2.0
61343.0,48.0,1.0,21.13,119.0,0,60.0,0,0,87242.435903,76.0,1.0
61347.0,22.0,2.0,23.31,124.0,0,60.0,0,0,14559.863437,85.0,1.0
61349.0,63.0,2.0,30.18,118.0,0,60.0,0,0,81142.658346,79.0,2.0
61353.0,54.0,1.0,25.34,121.0,0,60.0,0,0,14717.191175,78.0,2.0
61356.0,73.0,2.0,34.47,109.0,0,60.0,0,0,39446.870985,81.0,1.0
61359.0,42.0,2.0,31.52,122.0,0,60.0,0,0,21126.324283,78.0,2.0
61360.0,46.0,1.0,30.23,123.0,0,60.0,0,0,84551.439388,77.0,1.0
61362.0,60.0,2.0,28.74,121.0,0,60.0,0,0,18721.249999,78.0,2.0
61365.0,61.0,2.0,36.12,117.0,0,60.0,0,0,23288.478748,77.0,2.0
61366.0,75.0,1.0,20.37,74.0,1,60.0,0,0,10598.629206,81.0,2.0
61369.0,57.0,1.0,28.75,124.0,0,60.0,0,0,90382.442658,79.0,1.0
61372.0,70.0,1.0,27.98,12.0,1,12.0,1,1,10524.465979,82.0,1.0
61373.0,30.0,2.0,42.13,123.0,0,60.0,0,0,64527.134074,79.0,1.0
61374.0,22.0,2.0,34.32,130.0,0,60.0,0,0,20820.058116,86.0,1.0
61377.0,73.0,2.0,36.92,94.0,1,60.0,0,0,14565.033195,89.0,1.0
61378.0,73.0,1.0,27.05,108.0,0,60.0,0,0,12635.930248,81.0,1.0
61379.0,38.0,2.0,32.44,111.0,0,60.0,0,0,15043.817796,88.0,1.0
61380.0,74.0,1.0,31.57,57.0,1,57.0,1,1,12635.930248,81.0,1.0
61382.0,79.0,1.0,40.6,69.0,1,60.0,0,0,15134.10337,75.0,2.0
61383.0,18.0,2.0,22.73,118.0,0,60.0,0,0,19922.07852,76.0,1.0
61384.0,30.0,2.0,33.45,130.0,0,60.0,0,0,53978.982896,84.0,1.0
61393.0,80.0,2.0,37.43,58.0,1,58.0,1,1,38519.032054,78.0,2.0
61394.0,80.0,1.0,,69.0,1,60.0,0,0,15202.024914,80.0,2.0
61396.0,63.0,1.0,25.3,63.0,1,60.0,0,0,19112.796813,85.0,2.0
61405.0,63.0,2.0,30.04,109.0,0,60.0,0,0,7084.376544,81.0,1.0
61407.0,39.0,1.0,34.58,112.0,0,60.0,0,0,26569.519415,88.0,1.0
61411.0,72.0,1.0,22.49,76.0,1,60.0,0,0,12378.492771,75.0,2.0
61414.0,74.0,1.0,30.37,123.0,0,60.0,0,0,34006.183648,79.0,1.0
61415.0,39.0,1.0,30.71,118.0,0,60.0,0,0,15234.0146,79.0,2.0
61416.0,22.0,1.0,21.62,123.0,0,60.0,0,0,27534.446723,79.0,1.0
61417.0,43.0,2.0,21.03,120.0,0,60.0,0,0,22361.297747,76.0,1.0
61420.0,27.0,1.0,30.22,119.0,0,60.0,0,0,84037.465394,84.0,2.0
61421.0,80.0,2.0,29.62,122.0,0,60.0,0,0,15428.883769,80.0,2.0
61422.0,44.0,1.0,38.06,109.0,0,60.0,0,0,21181.316627,81.0,1.0
61427.0,26.0,1.0,,124.0,0,60.0,0,0,32355.201656,77.0,1.0
61428.0,38.0,1.0,26.98,114.0,0,60.0,0,0,12624.582404,86.0,2.0
61429.0,51.0,2.0,33.02,111.0,0,60.0,0,0,10168.947324,88.0,1.0
61430.0,39.0,1.0,27.47,111.0,0,60.0,0,0,26098.675612,85.0,1.0
61433.0,33.0,1.0,22.28,118.0,0,60.0,0,0,20657.463731,79.0,2.0
61435.0,52.0,1.0,22.31,113.0,0,60.0,0,0,77872.686301,78.0,1.0
61436.0,72.0,2.0,,117.0,0,60.0,0,0,38087.107887,79.0,2.0
61439.0,58.0,2.0,36.19,109.0,0,60.0,0,0,13091.269928,81.0,1.0
61440.0,24.0,2.0,22.34,119.0,0,60.0,0,0,69949.402664,76.0,1.0
61441.0,53.0,2.0,31.48,119.0,0,60.0,0,0,25721.889396,84.0,2.0
61442.0,52.0,2.0,24.46,127.0,0,60.0,0,0,106104.605651,81.0,2.0
61444.0,20.0,1.0,33.8,110.0,0,60.0,0,0,37105.467064,83.0,1.0
61445.0,46.0,2.0,23.58,130.0,0,60.0,0,0,63386.839663,84.0,1.0
61446.0,62.0,2.0,24.38,114.0,0,60.0,0,0,13070.875072,78.0,1.0
61447.0,45.0,1.0,43.44,129.0,0,60.0,0,0,92531.23983,76.0,2.0
61449.0,39.0,1.0,27.82,131.0,0,60.0,0,0,23790.496586,84.0,1.0
61450.0,55.0,1.0,26.59,113.0,0,60.0,0,0,18255.236355,85.0,1.0
61451.0,64.0,2.0,23.89,122.0,0,60.0,0,0,60851.686967,77.0,1.0
61453.0,76.0,1.0,29.36,127.0,0,60.0,0,0,11215.207663,82.0,2.0
61454.0,35.0,2.0,24.84,125.0,0,60.0,0,0,22157.972966,81.0,2.0
61458.0,80.0,2.0,21.61,61.0,1,60.0,0,0,37783.812956,78.0,2.0
61459.0,51.0,1.0,53.39,127.0,0,60.0,0,0,21077.986592,82.0,1.0
61460.0,62.0,1.0,46.24,112.0,0,60.0,0,0,4733.5361,88.0,2.0
61469.0,24.0,1.0,22.0,108.0,0,60.0,0,0,21408.40282,85.0,2.0
61471.0,52.0,2.0,22.2,118.0,0,60.0,0,0,93109.959096,87.0,2.0
61474.0,20.0,2.0,18.53,122.0,0,60.0,0,0,27830.380098,80.0,2.0
61475.0,30.0,2.0,18.83,124.0,0,60.0,0,0,22909.815542,89.0,2.0
61476.0,44.0,1.0,30.77,117.0,0,60.0,0,0,15175.607764,89.0,1.0
61477.0,35.0,1.0,52.2,124.0,0,60.0,0,0,22224.860402,86.0,3.0
61478.0,48.0,1.0,22.84,119.0,0,60.0,0,0,66422.574134,76.0,1.0
61479.0,63.0,1.0,26.98,120.0,0,60.0,0,0,7737.568458,75.0,1.0
61480.0,40.0,2.0,27.04,116.0,0,60.0,0,0,18949.098086,87.0,2.0
61482.0,59.0,2.0,33.97,123.0,0,60.0,0,0,95185.415335,79.0,1.0
61484.0,37.0,2.0,34.06,115.0,0,60.0,0,0,21775.247212,87.0,2.0
61486.0,63.0,1.0,29.95,109.0,0,60.0,0,0,6969.169666,81.0,1.0
61487.0,80.0,2.0,26.83,63.0,1,60.0,0,0,30352.783199,80.0,1.0
61488.0,41.0,2.0,26.7,108.0,0,60.0,0,0,18820.44423,85.0,2.0
61489.0,18.0,1.0,24.86,124.0,0,60.0,0,0,12728.759618,86.0,3.0
61491.0,37.0,1.0,30.0,120.0,0,60.0,0,0,53465.061204,80.0,1.0
61496.0,37.0,1.0,28.85,123.0,0,60.0,0,0,63532.09961,79.0,1.0
61497.0,18.0,1.0,24.72,23.0,1,23.0,1,1,19763.394855,83.0,2.0
61498.0,33.0,1.0,37.69,114.0,0,60.0,0,0,17343.50186,83.0,2.0
61499.0,55.0,2.0,30.24,108.0,0,60.0,0,0,13556.336626,81.0,1.0
61501.0,46.0,2.0,36.21,100.0,1,60.0,0,0,14251.534831,85.0,2.0
61505.0,39.0,1.0,32.93,118.0,0,60.0,0,0,32397.105676,79.0,2.0
61507.0,68.0,2.0,28.23,125.0,0,60.0,0,0,5184.204509,86.0,3.0
61508.0,45.0,2.0,31.21,128.0,0,60.0,0,0,20120.872457,81.0,2.0
61509.0,26.0,1.0,32.62,128.0,0,60.0,0,0,29610.133073,82.0,1.0
61510.0,43.0,2.0,21.91,110.0,0,60.0,0,0,16043.839024,85.0,1.0
61512.0,36.0,2.0,35.7,117.0,0,60.0,0,0,72906.586048,77.0,2.0
61514.0,80.0,1.0,21.47,102.0,1,60.0,0,0,20394.067921,80.0,1.0
61515.0,23.0,2.0,41.99,130.0,0,60.0,0,0,24715.095199,84.0,1.0
61516.0,21.0,1.0,34.61,130.0,0,60.0,0,0,27453.110287,86.0,1.0
61517.0,77.0,2.0,25.3,109.0,0,60.0,0,0,38449.528758,88.0,2.0
61518.0,39.0,1.0,33.4,122.0,0,60.0,0,0,69214.37238,77.0,1.0
61519.0,36.0,1.0,26.89,126.0,0,60.0,0,0,80661.440548,82.0,2.0
61520.0,20.0,1.0,31.17,122.0,0,60.0,0,0,36223.258091,78.0,2.0
61523.0,48.0,2.0,24.19,119.0,0,60.0,0,0,28877.031792,75.0,1.0
61524.0,29.0,2.0,31.77,122.0,0,60.0,0,0,21454.123417,80.0,1.0
61525.0,46.0,2.0,32.91,129.0,0,60.0,0,0,72750.111486,76.0,2.0
61528.0,42.0,2.0,22.04,116.0,0,60.0,0,0,25982.000659,87.0,2.0
61530.0,80.0,1.0,28.32,28.0,1,28.0,1,1,9072.372565,86.0,3.0
61531.0,50.0,1.0,39.15,120.0,0,60.0,0,0,20417.230428,75.0,1.0
61532.0,43.0,1.0,43.12,30.0,1,30.0,1,1,26807.218462,75.0,2.0
61533.0,50.0,1.0,28.84,109.0,0,60.0,0,0,14984.141601,87.0,1.0
61534.0,47.0,1.0,30.52,121.0,0,60.0,0,0,16992.777348,80.0,1.0
61538.0,69.0,1.0,27.21,88.0,1,60.0,0,0,9590.4584,75.0,1.0
61540.0,72.0,1.0,30.19,103.0,1,60.0,0,0,32616.918761,85.0,2.0
61541.0,73.0,2.0,19.56,115.0,0,60.0,0,0,10937.272869,87.0,1.0
61542.0,62.0,2.0,25.55,127.0,0,60.0,0,0,7692.636623,82.0,2.0
61543.0,80.0,1.0,24.7,126.0,0,60.0,0,0,22060.214621,81.0,2.0
61545.0,34.0,1.0,23.09,129.0,0,60.0,0,0,71698.374029,76.0,2.0
61548.0,80.0,2.0,27.43,117.0,1,60.0,0,0,9953.929233,85.0,1.0
61549.0,57.0,1.0,31.26,125.0,0,60.0,0,0,12697.627607,82.0,2.0
61550.0,62.0,1.0,50.49,71.0,1,60.0,0,0,16689.054661,80.0,1.0
61552.0,30.0,2.0,25.88,115.0,0,60.0,0,0,25286.616656,87.0,1.0
61555.0,63.0,1.0,25.26,131.0,0,60.0,0,0,21723.44348,75.0,2.0
61561.0,76.0,2.0,25.75,117.0,0,60.0,0,0,41882.429829,77.0,2.0
61565.0,55.0,1.0,23.89,116.0,0,60.0,0,0,83025.267547,86.0,2.0
61569.0,31.0,2.0,23.96,115.0,0,60.0,0,0,59274.593748,86.0,2.0
61570.0,34.0,2.0,23.77,115.0,0,60.0,0,0,26858.225188,87.0,1.0
61571.0,64.0,2.0,30.11,114.0,0,60.0,0,0,74895.724521,83.0,2.0
61572.0,41.0,1.0,24.81,110.0,0,60.0,0,0,18607.909455,85.0,1.0
61573.0,53.0,1.0,40.6,129.0,0,60.0,0,0,23031.021983,76.0,2.0
61575.0,26.0,2.0,51.38,120.0,0,60.0,0,0,52398.449232,80.0,1.0
61576.0,41.0,2.0,24.69,124.0,0,60.0,0,0,16210.27682,79.0,1.0
61577.0,52.0,2.0,32.04,114.0,0,60.0,0,0,110823.740766,87.0,1.0
61578.0,66.0,2.0,28.77,114.0,0,60.0,0,0,13875.16562,78.0,1.0
61579.0,51.0,2.0,26.67,119.0,0,60.0,0,0,99626.593895,79.0,2.0
61580.0,69.0,2.0,33.77,112.0,0,60.0,0,0,4291.840243,88.0,2.0
61582.0,39.0,1.0,18.61,131.0,0,60.0,0,0,66243.377834,75.0,2.0
61584.0,46.0,2.0,,83.0,1,60.0,0,0,17415.70903,83.0,1.0
61585.0,61.0,1.0,24.79,131.0,0,60.0,0,0,9441.209941,75.0,2.0
61586.0,66.0,1.0,27.78,115.0,0,60.0,0,0,10255.228054,87.0,2.0
61587.0,43.0,2.0,27.73,118.0,0,60.0,0,0,80201.026305,79.0,2.0
61588.0,59.0,2.0,26.67,110.0,0,60.0,0,0,26981.731139,83.0,1.0
61589.0,25.0,2.0,25.34,126.0,0,60.0,0,0,14905.721433,89.0,2.0
61590.0,49.0,2.0,30.49,109.0,0,60.0,0,0,20195.776359,81.0,1.0
61591.0,46.0,1.0,23.19,119.0,0,60.0,0,0,35631.04933,79.0,2.0
61592.0,18.0,2.0,34.66,109.0,0,60.0,0,0,13381.659896,81.0,1.0
61594.0,27.0,2.0,31.2,109.0,0,60.0,0,0,30077.991605,81.0,1.0
61595.0,35.0,1.0,27.88,114.0,0,60.0,0,0,27970.986206,83.0,2.0
61599.0,70.0,1.0,26.91,120.0,0,60.0,0,0,40163.995976,76.0,1.0
61600.0,60.0,2.0,32.2,124.0,0,60.0,0,0,62032.536921,77.0,1.0
61601.0,30.0,2.0,25.11,124.0,0,60.0,0,0,64508.601789,77.0,1.0
61602.0,40.0,1.0,28.99,130.0,0,60.0,0,0,17395.90535,84.0,1.0
61603.0,80.0,1.0,28.72,27.0,1,27.0,1,1,23962.498838,77.0,2.0
61608.0,39.0,2.0,32.01,128.0,0,60.0,0,0,72738.522735,81.0,2.0
61609.0,76.0,1.0,20.22,60.0,1,60.0,1,1,32931.023461,81.0,2.0
61610.0,31.0,1.0,35.12,128.0,0,60.0,0,0,17722.563469,82.0,1.0
61612.0,77.0,2.0,23.21,111.0,0,60.0,0,0,8854.221571,78.0,1.0
61615.0,21.0,2.0,26.21,126.0,0,60.0,0,0,21200.484115,82.0,2.0
61616.0,38.0,2.0,29.57,123.0,0,60.0,0,0,64508.601789,77.0,1.0
61617.0,44.0,2.0,19.42,118.0,0,60.0,0,0,68673.980843,86.0,2.0
61618.0,43.0,1.0,28.17,116.0,0,60.0,0,0,15937.414921,89.0,1.0
61620.0,20.0,1.0,21.83,110.0,0,60.0,0,0,35289.570637,83.0,1.0
61621.0,23.0,1.0,23.28,111.0,0,60.0,0,0,33560.170558,83.0,1.0
61623.0,32.0,2.0,27.72,115.0,0,60.0,0,0,17065.069489,86.0,2.0
61625.0,73.0,1.0,32.58,91.0,1,60.0,0,0,29991.270791,89.0,2.0
61626.0,48.0,1.0,20.37,120.0,0,60.0,0,0,121750.132804,75.0,1.0
61628.0,60.0,2.0,35.49,112.0,0,60.0,0,0,64361.747631,88.0,1.0
61629.0,65.0,2.0,31.64,125.0,0,60.0,0,0,5302.202469,88.0,2.0
61630.0,42.0,2.0,33.72,124.0,0,60.0,0,0,70653.154593,79.0,1.0
61632.0,18.0,1.0,24.54,127.0,0,60.0,0,0,16592.732612,81.0,2.0
61635.0,40.0,2.0,21.27,113.0,0,60.0,0,0,74955.029443,87.0,2.0
61637.0,49.0,1.0,26.59,111.0,0,60.0,0,0,15445.283252,85.0,1.0
61639.0,59.0,2.0,21.78,130.0,0,60.0,0,0,21166.764065,84.0,1.0
61642.0,53.0,2.0,30.9,127.0,0,60.0,0,0,14101.385993,81.0,2.0
61644.0,21.0,1.0,21.53,125.0,0,60.0,0,0,25442.668401,78.0,1.0
61647.0,72.0,2.0,25.06,106.0,1,60.0,0,0,35296.887097,85.0,1.0
61649.0,40.0,1.0,36.06,112.0,0,60.0,0,0,69995.376556,78.0,1.0
61650.0,80.0,1.0,32.23,44.0,1,44.0,1,1,22695.909683,76.0,2.0
61652.0,80.0,2.0,30.29,23.0,1,23.0,1,1,19730.466943,80.0,2.0
61653.0,56.0,1.0,26.54,118.0,0,60.0,0,0,93748.659542,79.0,2.0
61654.0,54.0,1.0,28.64,111.0,0,60.0,0,0,9969.066437,88.0,2.0
61655.0,43.0,1.0,27.08,118.0,0,60.0,0,0,93833.198076,79.0,2.0
61656.0,26.0,2.0,23.31,129.0,0,60.0,0,0,87190.805885,76.0,2.0
61657.0,41.0,2.0,26.57,126.0,0,60.0,0,0,20485.581328,81.0,2.0
61658.0,30.0,1.0,37.06,124.0,0,60.0,0,0,90136.964446,77.0,1.0
61659.0,40.0,2.0,34.49,115.0,0,60.0,0,0,27466.731558,78.0,1.0
61660.0,23.0,1.0,26.74,126.0,0,60.0,0,0,36014.579259,81.0,2.0
61661.0,63.0,1.0,31.19,128.0,0,60.0,0,0,47468.363306,81.0,2.0
61663.0,44.0,1.0,21.09,123.0,0,60.0,0,0,82662.426594,79.0,1.0
61664.0,59.0,1.0,30.1,107.0,0,60.0,0,0,21368.439802,85.0,2.0
61665.0,45.0,2.0,27.15,115.0,0,60.0,0,0,20781.988696,87.0,1.0
61666.0,52.0,1.0,27.39,123.0,0,60.0,0,0,16023.891962,86.0,3.0
61667.0,71.0,2.0,39.15,113.0,0,60.0,0,0,8816.599013,88.0,2.0
61668.0,38.0,2.0,29.86,114.0,0,60.0,0,0,74685.788542,83.0,2.0
61669.0,25.0,1.0,25.73,113.0,0,60.0,0,0,28528.573797,77.0,1.0
61672.0,56.0,1.0,29.28,124.0,0,60.0,0,0,90382.442658,79.0,1.0
61673.0,25.0,2.0,19.85,123.0,0,60.0,0,0,27773.907929,77.0,1.0
61675.0,50.0,2.0,30.94,132.0,0,60.0,0,0,125317.169771,75.0,2.0
61676.0,42.0,2.0,33.65,119.0,0,60.0,0,0,15496.851984,76.0,1.0
61677.0,55.0,2.0,25.27,126.0,0,60.0,0,0,25761.298255,82.0,2.0
61678.0,35.0,2.0,33.79,124.0,0,60.0,0,0,14978.26014,86.0,3.0
61679.0,45.0,2.0,27.29,112.0,0,60.0,0,0,27598.304309,88.0,1.0
61680.0,61.0,2.0,26.1,132.0,0,60.0,0,0,19921.905167,75.0,2.0
61682.0,80.0,2.0,30.03,130.0,0,60.0,0,0,36096.407655,86.0,1.0
61683.0,74.0,2.0,25.08,23.0,1,23.0,1,1,25631.474879,80.0,2.0
61684.0,25.0,2.0,27.91,119.0,0,60.0,0,0,87298.411301,79.0,2.0
61685.0,59.0,2.0,26.49,119.0,0,60.0,0,0,108048.508847,79.0,2.0
61686.0,58.0,1.0,23.25,118.0,0,60.0,0,0,72278.194695,76.0,1.0
61687.0,57.0,1.0,40.4,131.0,0,60.0,0,0,76879.710051,84.0,1.0
61691.0,24.0,2.0,29.36,126.0,0,60.0,0,0,13396.902363,89.0,2.0
61692.0,22.0,2.0,27.55,111.0,0,60.0,0,0,69527.2656,88.0,2.0
61693.0,33.0,2.0,68.63,121.0,0,60.0,0,0,25247.94746,78.0,2.0
61696.0,62.0,2.0,25.22,115.0,0,60.0,0,0,6821.241886,87.0,2.0
61697.0,32.0,2.0,23.19,129.0,0,60.0,0,0,18891.772187,86.0,1.0
61699.0,56.0,1.0,30.86,117.0,0,60.0,0,0,8007.56716,89.0,1.0
61701.0,26.0,2.0,25.94,118.0,0,60.0,0,0,87298.411301,79.0,2.0
61704.0,61.0,2.0,25.74,128.0,0,60.0,0,0,6398.584814,82.0,1.0
61705.0,36.0,1.0,34.11,115.0,0,60.0,0,0,62891.067864,86.0,2.0
61706.0,78.0,1.0,28.93,113.0,0,60.0,0,0,9121.971698,78.0,1.0
61707.0,80.0,2.0,34.36,119.0,0,60.0,0,0,41139.059417,79.0,2.0
61708.0,30.0,1.0,28.02,126.0,0,60.0,0,0,20990.347198,89.0,2.0
61710.0,22.0,1.0,19.18,118.0,0,60.0,0,0,25324.625389,84.0,2.0
61711.0,28.0,1.0,24.13,122.0,0,60.0,0,0,27534.446723,79.0,1.0
61712.0,37.0,2.0,24.12,110.0,0,60.0,0,0,17856.435749,88.0,1.0
61713.0,55.0,1.0,25.13,118.0,0,60.0,0,0,98371.365395,79.0,2.0
61715.0,25.0,1.0,26.06,114.0,0,60.0,0,0,32417.490155,87.0,1.0
61716.0,68.0,1.0,27.36,125.0,0,60.0,0,0,8809.825372,82.0,2.0
61717.0,59.0,1.0,39.7,123.0,0,60.0,0,0,87610.035587,77.0,1.0
61718.0,22.0,1.0,22.74,113.0,0,60.0,0,0,25442.668401,78.0,1.0
61719.0,80.0,2.0,21.08,76.0,1,60.0,0,0,12548.225046,81.0,1.0
61720.0,50.0,1.0,35.67,125.0,0,60.0,0,0,101431.815457,83.0,2.0
61721.0,31.0,2.0,37.42,122.0,0,60.0,0,0,34968.61429,78.0,2.0
61725.0,49.0,1.0,23.79,117.0,0,60.0,0,0,15175.607764,89.0,1.0
61727.0,66.0,1.0,19.68,108.0,0,60.0,0,0,56851.289866,85.0,2.0
61729.0,24.0,2.0,30.46,118.0,0,60.0,0,0,87298.411301,79.0,2.0
61730.0,51.0,2.0,19.76,107.0,0,60.0,0,0,94786.503036,85.0,2.0
61731.0,30.0,1.0,27.4,119.0,0,60.0,0,0,33324.854365,75.0,1.0
61732.0,19.0,1.0,21.82,129.0,0,60.0,0,0,14874.795843,86.0,1.0
61734.0,30.0,1.0,30.27,110.0,0,60.0,0,0,21975.81089,83.0,1.0
61736.0,24.0,1.0,33.06,128.0,0,60.0,0,0,93431.754708,82.0,1.0
61738.0,41.0,1.0,22.33,116.0,0,60.0,0,0,15175.607764,89.0,1.0
61744.0,18.0,2.0,27.79,115.0,0,60.0,0,0,13070.064625,86.0,2.0
61745.0,37.0,2.0,19.81,118.0,0,60.0,0,0,35929.456026,79.0,2.0
61749.0,21.0,2.0,24.78,119.0,0,60.0,0,0,34346.122643,78.0,2.0
61752.0,20.0,2.0,22.26,112.0,0,60.0,0,0,35182.614422,83.0,1.0
61753.0,49.0,1.0,27.43,128.0,0,60.0,0,0,24618.116815,82.0,1.0
61755.0,47.0,1.0,29.57,121.0,0,60.0,0,0,28419.766067,78.0,2.0
61756.0,30.0,2.0,24.35,121.0,0,60.0,0,0,15350.24237,80.0,1.0
61757.0,18.0,1.0,22.12,130.0,0,60.0,0,0,18864.497464,75.0,2.0
61759.0,24.0,1.0,29.67,114.0,0,60.0,0,0,32812.431481,87.0,1.0
61762.0,45.0,2.0,26.96,109.0,0,60.0,0,0,15979.688031,81.0,1.0
61763.0,26.0,2.0,45.93,115.0,0,60.0,0,0,24669.434332,87.0,1.0
61764.0,79.0,1.0,27.15,57.0,1,57.0,1,1,14386.992439,82.0,2.0
61765.0,30.0,2.0,39.29,127.0,0,60.0,0,0,22157.972966,81.0,2.0
61766.0,19.0,2.0,18.99,127.0,0,60.0,0,0,19464.247696,82.0,2.0
61767.0,19.0,1.0,20.62,108.0,0,60.0,0,0,13790.756668,85.0,2.0
61770.0,40.0,1.0,28.07,107.0,0,60.0,0,0,20708.126413,85.0,2.0
61771.0,24.0,2.0,33.76,114.0,0,60.0,0,0,24669.434332,87.0,1.0
61772.0,61.0,2.0,21.06,118.0,0,60.0,0,0,6950.891576,77.0,2.0
61773.0,60.0,1.0,30.26,112.0,0,60.0,0,0,5791.074815,88.0,2.0
61774.0,29.0,1.0,23.4,121.0,0,60.0,0,0,37734.210216,80.0,2.0
61775.0,61.0,1.0,30.71,83.0,1,60.0,0,0,7399.58979,85.0,2.0
61776.0,26.0,2.0,17.54,119.0,0,60.0,0,0,29738.474318,75.0,1.0
61777.0,66.0,1.0,27.26,131.0,0,60.0,0,0,68338.840828,75.0,2.0
61778.0,55.0,2.0,34.27,114.0,0,60.0,0,0,27000.043569,87.0,2.0
61779.0,34.0,1.0,26.94,119.0,0,60.0,0,0,60123.4098,79.0,2.0
61780.0,37.0,2.0,34.29,129.0,0,60.0,0,0,21584.580906,86.0,1.0
61786.0,35.0,1.0,21.78,120.0,0,60.0,0,0,56137.422196,76.0,1.0
61788.0,35.0,2.0,40.22,127.0,0,60.0,0,0,25473.286702,82.0,1.0
61789.0,51.0,2.0,25.11,127.0,0,60.0,0,0,12516.66658,82.0,2.0
61790.0,69.0,2.0,30.23,130.0,0,60.0,0,0,66402.459548,76.0,2.0
61791.0,42.0,2.0,20.27,124.0,0,60.0,0,0,70653.154593,79.0,1.0
61792.0,51.0,1.0,39.06,127.0,0,60.0,0,0,22997.291583,81.0,2.0
61795.0,61.0,1.0,28.29,121.0,0,60.0,0,0,52696.446317,80.0,1.0
61796.0,18.0,1.0,21.75,117.0,0,60.0,0,0,12718.366121,84.0,2.0
61799.0,20.0,2.0,22.82,118.0,0,60.0,0,0,26872.372162,84.0,2.0
61800.0,44.0,2.0,35.17,109.0,0,60.0,0,0,29437.992432,81.0,1.0
61801.0,48.0,1.0,23.15,118.0,0,60.0,0,0,22314.411887,84.0,2.0
61802.0,49.0,2.0,34.02,127.0,0,60.0,0,0,15510.135957,82.0,1.0
61803.0,47.0,2.0,29.43,125.0,0,60.0,0,0,20120.872457,81.0,2.0
61805.0,80.0,1.0,23.16,118.0,0,60.0,0,0,23057.679705,77.0,2.0
61808.0,49.0,2.0,62.81,119.0,0,60.0,0,0,28659.31016,84.0,2.0
61809.0,80.0,1.0,29.39,127.0,0,60.0,0,0,12264.632183,82.0,1.0
61812.0,46.0,1.0,20.8,130.0,0,60.0,0,0,26444.710314,75.0,2.0
61815.0,33.0,1.0,40.94,117.0,0,60.0,0,0,50388.933244,84.0,2.0
61817.0,73.0,1.0,19.83,129.0,0,60.0,0,0,12277.541603,75.0,2.0
61819.0,19.0,1.0,39.0,121.0,0,60.0,0,0,16540.412043,78.0,2.0
61820.0,39.0,1.0,21.13,123.0,0,60.0,0,0,69862.627307,79.0,1.0
61821.0,57.0,1.0,34.68,126.0,0,60.0,0,0,23722.349928,81.0,2.0
61822.0,80.0,2.0,23.49,59.0,1,59.0,1,1,37152.086678,87.0,2.0
61823.0,80.0,2.0,35.1,87.0,1,60.0,0,0,15023.456037,88.0,1.0
61825.0,23.0,1.0,23.9,126.0,0,60.0,0,0,37701.522974,82.0,2.0
61828.0,59.0,2.0,34.94,118.0,0,60.0,0,0,14495.000318,76.0,1.0
61829.0,22.0,2.0,19.75,125.0,0,60.0,0,0,21991.021147,89.0,2.0
61830.0,57.0,2.0,26.91,126.0,0,60.0,0,0,107298.217979,81.0,2.0
61831.0,80.0,2.0,34.58,35.0,1,35.0,1,1,33418.117667,89.0,1.0
61833.0,33.0,1.0,32.13,116.0,0,60.0,0,0,68314.547365,87.0,2.0
61834.0,46.0,2.0,25.51,111.0,0,60.0,0,0,16976.806827,88.0,2.0
61836.0,77.0,2.0,24.73,68.0,1,60.0,0,0,45926.773223,87.0,1.0
61838.0,24.0,2.0,22.64,112.0,0,60.0,0,0,19171.421409,78.0,1.0
61839.0,75.0,1.0,30.33,131.0,0,60.0,0,0,10672.407106,84.0,1.0
61843.0,72.0,2.0,30.94,39.0,1,39.0,1,1,46891.216111,75.0,2.0
61848.0,80.0,2.0,22.38,2.0,1,2.0,1,1,36300.05365,76.0,2.0
61849.0,32.0,1.0,25.7,121.0,0,60.0,0,0,79590.36724,78.0,2.0
61850.0,60.0,2.0,26.91,69.0,1,60.0,0,0,27444.594788,83.0,2.0
61853.0,40.0,2.0,15.02,82.0,1,60.0,0,0,87550.314744,77.0,2.0
61855.0,45.0,1.0,27.65,126.0,0,60.0,0,0,83568.320819,77.0,1.0
61858.0,41.0,2.0,40.11,126.0,0,60.0,0,0,15510.135957,82.0,1.0
61864.0,80.0,1.0,28.25,91.0,1,60.0,0,0,10594.765204,85.0,1.0
61866.0,74.0,2.0,33.33,116.0,0,60.0,0,0,37401.305445,77.0,2.0
61869.0,22.0,1.0,18.99,116.0,0,60.0,0,0,30870.553829,77.0,2.0
61870.0,23.0,1.0,23.74,108.0,0,60.0,0,0,94954.067993,85.0,2.0
61873.0,57.0,2.0,34.98,116.0,0,60.0,0,0,11608.994302,86.0,2.0
61874.0,66.0,1.0,33.47,132.0,0,60.0,0,0,12660.83781,75.0,2.0
61875.0,58.0,1.0,26.83,131.0,0,60.0,0,0,101172.924903,75.0,2.0
61876.0,28.0,2.0,25.66,107.0,0,60.0,0,0,18168.002572,81.0,1.0
61877.0,40.0,2.0,35.04,121.0,0,60.0,0,0,21853.714409,78.0,2.0
61878.0,50.0,1.0,24.12,117.0,0,60.0,0,0,17101.555923,77.0,2.0
61880.0,60.0,2.0,37.74,113.0,0,60.0,0,0,5114.263933,78.0,1.0
61884.0,41.0,2.0,24.44,111.0,0,60.0,0,0,16043.839024,85.0,1.0
61885.0,53.0,2.0,27.17,111.0,0,60.0,0,0,8596.075217,85.0,1.0
61886.0,39.0,2.0,33.69,112.0,0,60.0,0,0,48835.34269,88.0,1.0
61890.0,50.0,1.0,48.53,112.0,0,60.0,0,0,8077.871753,88.0,2.0
61891.0,45.0,1.0,30.5,111.0,0,60.0,0,0,79039.183921,83.0,1.0
61893.0,40.0,1.0,26.37,130.0,0,60.0,0,0,17395.90535,84.0,1.0
61894.0,73.0,2.0,42.78,115.0,0,60.0,0,0,11069.69249,86.0,2.0
61896.0,21.0,2.0,23.7,115.0,0,60.0,0,0,68615.846142,86.0,2.0
61897.0,21.0,1.0,23.21,118.0,0,60.0,0,0,22830.041358,76.0,1.0
61899.0,36.0,2.0,19.54,121.0,0,60.0,0,0,49830.060206,80.0,1.0
61900.0,60.0,1.0,32.24,91.0,1,60.0,0,0,10764.521923,82.0,1.0
61902.0,28.0,2.0,17.98,110.0,0,60.0,0,0,36286.340877,83.0,1.0
61903.0,54.0,1.0,30.67,115.0,0,60.0,0,0,21083.821603,87.0,2.0
61904.0,60.0,1.0,31.05,132.0,0,60.0,0,0,7269.769834,75.0,2.0
61905.0,77.0,2.0,46.81,122.0,0,60.0,0,0,48369.724309,80.0,2.0
61907.0,53.0,2.0,33.93,121.0,0,60.0,0,0,21623.471032,80.0,2.0
61908.0,68.0,2.0,29.82,92.0,1,60.0,0,0,63519.072919,81.0,2.0
61909.0,33.0,1.0,29.9,120.0,0,60.0,0,0,14757.744593,76.0,1.0
61910.0,27.0,2.0,37.13,113.0,0,60.0,0,0,35262.487998,83.0,2.0
61911.0,38.0,1.0,26.85,115.0,0,60.0,0,0,33404.556243,87.0,1.0
61913.0,80.0,2.0,26.9,30.0,1,30.0,1,1,46319.668304,75.0,2.0
61914.0,66.0,2.0,47.13,114.0,0,60.0,0,0,79894.934078,87.0,1.0
61917.0,44.0,2.0,18.44,116.0,0,60.0,0,0,86576.383051,77.0,2.0
61918.0,35.0,1.0,20.89,119.0,0,60.0,0,0,28347.959556,75.0,1.0
61919.0,19.0,1.0,28.28,117.0,0,60.0,0,0,35512.899288,89.0,1.0
61920.0,20.0,1.0,23.86,121.0,0,60.0,0,0,30968.917703,77.0,1.0
61921.0,19.0,2.0,36.86,131.0,0,60.0,0,0,12708.672133,84.0,1.0
61924.0,46.0,1.0,28.75,114.0,0,60.0,0,0,20890.529821,78.0,1.0
61928.0,80.0,2.0,26.93,115.0,0,60.0,0,0,33912.827685,86.0,2.0
61931.0,25.0,2.0,,110.0,0,60.0,0,0,24164.013792,83.0,1.0
61932.0,64.0,2.0,41.2,110.0,0,60.0,0,0,6592.294836,81.0,1.0
61933.0,41.0,2.0,29.76,130.0,0,60.0,0,0,15810.153943,84.0,1.0
61937.0,31.0,1.0,32.21,130.0,0,60.0,0,0,15128.53706,84.0,1.0
61938.0,47.0,2.0,29.56,121.0,0,60.0,0,0,21971.086171,78.0,2.0
61939.0,19.0,2.0,,115.0,0,60.0,0,0,18919.370719,83.0,2.0
61941.0,22.0,1.0,23.46,120.0,0,60.0,0,0,38714.48131,75.0,1.0
61942.0,19.0,2.0,23.83,114.0,0,60.0,0,0,38894.166905,78.0,1.0
61943.0,59.0,1.0,33.56,122.0,0,60.0,0,0,75696.640351,80.0,1.0
61947.0,56.0,1.0,32.21,124.0,0,60.0,0,0,91372.94023,77.0,1.0
61948.0,71.0,1.0,30.64,111.0,0,60.0,0,0,9365.319827,88.0,2.0
61949.0,61.0,2.0,33.02,115.0,0,60.0,0,0,4877.462322,78.0,1.0
61951.0,80.0,2.0,33.24,65.0,1,60.0,0,0,12526.68817,78.0,2.0
61952.0,29.0,2.0,21.96,116.0,0,60.0,0,0,20439.931732,86.0,2.0
61953.0,76.0,1.0,29.8,128.0,0,60.0,0,0,12711.35088,81.0,2.0
61957.0,43.0,1.0,24.71,116.0,0,60.0,0,0,21040.278969,87.0,2.0
61958.0,52.0,1.0,28.22,110.0,0,60.0,0,0,11042.99474,88.0,2.0
61959.0,32.0,1.0,22.34,116.0,0,60.0,0,0,55300.437963,89.0,1.0
61960.0,78.0,2.0,46.98,123.0,0,60.0,0,0,40953.836586,79.0,1.0
61962.0,80.0,1.0,27.14,50.0,1,50.0,1,1,10174.803778,89.0,2.0
61964.0,80.0,2.0,19.15,74.0,1,60.0,0,0,44570.646952,80.0,2.0
61965.0,38.0,2.0,36.21,117.0,0,60.0,0,0,27369.12282,75.0,1.0
61967.0,69.0,2.0,23.54,122.0,0,60.0,0,0,84144.730051,80.0,2.0
61968.0,66.0,1.0,38.79,83.0,1,60.0,0,0,62997.695381,78.0,2.0
61969.0,20.0,1.0,35.75,130.0,0,60.0,0,0,24790.229839,84.0,1.0
61970.0,31.0,1.0,22.39,114.0,0,60.0,0,0,25967.319538,78.0,1.0
61971.0,20.0,2.0,20.57,110.0,0,60.0,0,0,56647.919315,81.0,1.0
61974.0,50.0,1.0,30.74,120.0,0,60.0,0,0,17242.660371,76.0,1.0
61976.0,18.0,2.0,18.04,117.0,0,60.0,0,0,19679.901063,76.0,1.0
61979.0,54.0,1.0,23.09,117.0,0,60.0,0,0,14883.708575,77.0,2.0
61981.0,63.0,1.0,27.88,115.0,0,60.0,0,0,8651.550531,87.0,1.0
61983.0,54.0,1.0,25.7,110.0,0,60.0,0,0,9702.610964,81.0,1.0
61986.0,52.0,1.0,35.01,110.0,0,60.0,0,0,24613.220078,83.0,2.0
61987.0,80.0,1.0,28.31,126.0,0,60.0,0,0,22213.917346,81.0,2.0
61989.0,46.0,1.0,29.67,127.0,0,60.0,0,0,66479.511871,82.0,1.0
61990.0,38.0,2.0,28.6,110.0,0,60.0,0,0,56333.431437,85.0,1.0
61991.0,31.0,1.0,23.15,129.0,0,60.0,0,0,12400.780458,75.0,2.0
61992.0,19.0,2.0,27.65,130.0,0,60.0,0,0,12708.672133,84.0,1.0
61998.0,26.0,1.0,22.29,118.0,0,60.0,0,0,26954.064989,84.0,2.0
61999.0,30.0,2.0,28.94,114.0,0,60.0,0,0,74685.788542,83.0,2.0
62000.0,67.0,2.0,29.59,119.0,0,60.0,0,0,6627.415843,75.0,1.0
62001.0,28.0,2.0,26.25,107.0,0,60.0,0,0,17712.553033,81.0,1.0
62003.0,19.0,1.0,25.54,121.0,0,60.0,0,0,13623.377139,78.0,2.0
62004.0,27.0,2.0,23.68,123.0,0,60.0,0,0,77039.839674,80.0,2.0
62005.0,50.0,1.0,31.47,131.0,0,60.0,0,0,17126.695224,84.0,1.0
62006.0,51.0,2.0,22.79,119.0,0,60.0,0,0,26179.575591,76.0,1.0
62007.0,28.0,1.0,29.74,124.0,0,60.0,0,0,97363.46003,77.0,1.0
62008.0,26.0,2.0,28.78,119.0,0,60.0,0,0,62357.601883,77.0,2.0
62013.0,73.0,2.0,26.62,122.0,0,60.0,0,0,38913.512966,77.0,1.0
62017.0,80.0,2.0,24.48,113.0,0,60.0,0,0,38132.431318,88.0,2.0
62019.0,69.0,1.0,39.71,125.0,0,60.0,0,0,14964.395027,86.0,3.0
62020.0,18.0,2.0,21.37,124.0,0,60.0,0,0,71217.308562,77.0,1.0
62022.0,18.0,2.0,,125.0,0,60.0,0,0,10996.31773,89.0,2.0
62026.0,47.0,2.0,27.85,117.0,0,60.0,0,0,21594.166094,77.0,2.0
62027.0,80.0,1.0,20.79,57.0,1,57.0,1,1,20394.067921,80.0,1.0
62028.0,38.0,2.0,21.17,115.0,0,60.0,0,0,18259.648426,86.0,2.0
62029.0,20.0,2.0,18.44,123.0,0,60.0,0,0,70911.141547,79.0,1.0
62030.0,56.0,1.0,23.3,107.0,0,60.0,0,0,21231.427069,81.0,1.0
62032.0,19.0,2.0,36.93,127.0,0,60.0,0,0,12303.684996,82.0,1.0
62033.0,42.0,2.0,22.55,129.0,0,60.0,0,0,17901.936127,86.0,1.0
62034.0,43.0,1.0,39.09,129.0,0,60.0,0,0,32359.476034,76.0,2.0
62036.0,60.0,1.0,24.22,109.0,0,60.0,0,0,53920.092734,88.0,2.0
62037.0,56.0,1.0,22.71,125.0,0,60.0,0,0,108835.074142,82.0,2.0
62040.0,39.0,2.0,30.83,132.0,0,60.0,0,0,40866.112466,75.0,2.0
62041.0,62.0,2.0,30.71,112.0,0,60.0,0,0,17351.608666,83.0,1.0
62045.0,75.0,2.0,21.49,122.0,0,60.0,0,0,42560.928687,79.0,1.0
62047.0,19.0,1.0,30.98,112.0,0,60.0,0,0,10733.786309,85.0,1.0
62048.0,55.0,1.0,40.37,127.0,0,60.0,0,0,25931.19724,82.0,2.0
62049.0,74.0,1.0,30.27,120.0,0,60.0,0,0,30233.187542,80.0,1.0
62050.0,53.0,2.0,37.5,118.0,0,60.0,0,0,23014.322091000002,84.0,2.0
62052.0,49.0,1.0,28.56,111.0,0,60.0,0,0,14031.345086,88.0,2.0
62053.0,27.0,2.0,22.98,112.0,0,60.0,0,0,58203.598317,88.0,1.0
62055.0,27.0,2.0,22.88,124.0,0,60.0,0,0,57949.959812,86.0,3.0
62056.0,21.0,2.0,28.26,129.0,0,60.0,0,0,20931.878324,86.0,1.0
62058.0,76.0,2.0,35.86,105.0,1,60.0,0,0,19438.058884,85.0,1.0
62059.0,35.0,2.0,32.34,113.0,0,60.0,0,0,16913.009072,87.0,2.0
62060.0,80.0,2.0,30.99,112.0,0,60.0,0,0,10700.425331,88.0,1.0
62063.0,73.0,2.0,28.94,113.0,0,60.0,0,0,10343.744487,88.0,1.0
62064.0,77.0,2.0,26.95,110.0,0,60.0,0,0,24122.064727,83.0,1.0
62065.0,51.0,2.0,30.02,101.0,1,60.0,0,0,10198.250791,87.0,2.0
62067.0,35.0,1.0,26.62,127.0,0,60.0,0,0,35549.167135,82.0,2.0
62068.0,20.0,2.0,23.47,110.0,0,60.0,0,0,25588.263016,83.0,1.0
62070.0,70.0,1.0,22.72,116.0,0,60.0,0,0,12676.17086,87.0,2.0
62071.0,49.0,1.0,22.14,121.0,0,60.0,0,0,29892.016061,78.0,2.0
62072.0,31.0,1.0,28.19,115.0,0,60.0,0,0,62891.067864,86.0,2.0
62076.0,60.0,2.0,41.0,125.0,0,60.0,0,0,14144.418446,78.0,1.0
62078.0,21.0,2.0,27.95,107.0,0,60.0,0,0,74383.105398,85.0,2.0
62079.0,76.0,2.0,28.62,73.0,1,60.0,0,0,13991.068236,80.0,1.0
62080.0,58.0,1.0,27.84,118.0,0,60.0,0,0,102596.475739,79.0,2.0
62081.0,55.0,1.0,32.94,112.0,0,60.0,0,0,11723.777579,88.0,2.0
62083.0,40.0,2.0,26.61,126.0,0,60.0,0,0,37645.371526,82.0,2.0
62085.0,54.0,1.0,27.8,123.0,0,60.0,0,0,17577.44201,78.0,1.0
62087.0,74.0,2.0,39.97,117.0,0,60.0,0,0,41085.156853,77.0,2.0
62089.0,23.0,1.0,26.59,125.0,0,60.0,0,0,17759.52184,89.0,2.0
62091.0,66.0,2.0,36.23,121.0,0,60.0,0,0,7085.366775,75.0,1.0
62092.0,46.0,2.0,30.11,124.0,0,60.0,0,0,13233.473823,89.0,2.0
62093.0,75.0,1.0,23.6,128.0,0,60.0,0,0,33337.784141,81.0,2.0
62097.0,69.0,1.0,27.44,114.0,0,60.0,0,0,6932.682394,87.0,2.0
62098.0,38.0,1.0,24.08,119.0,0,60.0,0,0,24154.860516,75.0,1.0
62102.0,59.0,2.0,26.74,131.0,0,60.0,0,0,125317.169771,75.0,2.0
62103.0,53.0,2.0,20.09,124.0,0,60.0,0,0,10398.717828,89.0,2.0
62105.0,43.0,1.0,30.12,122.0,0,60.0,0,0,78710.236967,80.0,2.0
62106.0,30.0,1.0,25.63,124.0,0,60.0,0,0,33211.444479,78.0,2.0
62107.0,70.0,2.0,42.05,121.0,0,60.0,0,0,42613.475824,78.0,2.0
62108.0,54.0,2.0,28.98,110.0,0,60.0,0,0,13021.335041,81.0,1.0
62111.0,22.0,1.0,24.06,124.0,0,60.0,0,0,29634.542904,79.0,1.0
62112.0,58.0,2.0,24.55,117.0,0,60.0,0,0,15009.934467,77.0,2.0
62114.0,20.0,1.0,22.41,123.0,0,60.0,0,0,86979.271892,79.0,1.0
62117.0,72.0,2.0,29.11,82.0,1,60.0,0,0,15883.38722,87.0,2.0
62118.0,27.0,2.0,25.85,115.0,0,60.0,0,0,27139.770866,86.0,2.0
62120.0,49.0,1.0,27.02,118.0,0,60.0,0,0,13738.636583,84.0,2.0
62122.0,64.0,1.0,31.06,76.0,1,60.0,0,0,67037.944217,75.0,2.0
62123.0,78.0,2.0,29.89,122.0,0,60.0,0,0,37058.064768,77.0,1.0
62125.0,56.0,1.0,30.89,124.0,0,60.0,0,0,90382.442658,79.0,1.0
62126.0,54.0,1.0,29.93,117.0,0,60.0,0,0,11822.128672,86.0,2.0
62127.0,48.0,2.0,36.09,113.0,0,60.0,0,0,27598.304309,88.0,1.0
62128.0,27.0,1.0,32.36,119.0,0,60.0,0,0,108051.677139,79.0,2.0
62130.0,67.0,2.0,20.37,108.0,0,60.0,0,0,6304.341968,85.0,2.0
62132.0,66.0,2.0,45.39,115.0,0,60.0,0,0,26032.873284,87.0,1.0
62136.0,70.0,1.0,32.84,63.0,1,60.0,0,0,15661.814696,75.0,1.0
62137.0,34.0,2.0,38.74,94.0,1,60.0,0,0,25247.94746,78.0,2.0
62138.0,20.0,1.0,25.28,120.0,0,60.0,0,0,31839.955383,78.0,2.0
62139.0,37.0,1.0,22.96,123.0,0,60.0,0,0,63837.745058,79.0,1.0
62140.0,21.0,2.0,22.84,123.0,0,60.0,0,0,27781.886926,79.0,1.0
62141.0,22.0,2.0,22.56,114.0,0,60.0,0,0,32132.914822,83.0,1.0
62142.0,55.0,1.0,27.85,133.0,0,60.0,0,0,85700.159432,75.0,2.0
62143.0,48.0,2.0,21.66,120.0,0,60.0,0,0,88087.54939,78.0,2.0
62144.0,33.0,2.0,25.72,113.0,0,60.0,0,0,18926.031583,78.0,1.0
62146.0,43.0,1.0,28.82,118.0,0,60.0,0,0,18933.585436,79.0,2.0
62148.0,74.0,2.0,35.38,123.0,0,60.0,0,0,19425.778521,80.0,2.0
62149.0,66.0,2.0,21.32,127.0,0,60.0,0,0,60234.151229,85.0,1.0
62152.0,52.0,1.0,44.82,116.0,0,60.0,0,0,12664.205092,89.0,1.0
62153.0,24.0,1.0,25.47,118.0,0,60.0,0,0,20032.363351,84.0,2.0
62155.0,32.0,1.0,35.28,116.0,0,60.0,0,0,18147.496374,89.0,1.0
62156.0,48.0,2.0,35.38,123.0,0,60.0,0,0,21081.607689,80.0,2.0
62157.0,27.0,1.0,21.12,130.0,0,60.0,0,0,23575.36027,84.0,1.0
62158.0,75.0,1.0,28.37,128.0,0,60.0,0,0,12958.019442,81.0,2.0
62160.0,63.0,2.0,28.82,125.0,0,60.0,0,0,6443.674009,81.0,2.0
